term_id,category,zh_cn,en,ja,aliases_zh,aliases_en,aliases_ja,zh_status,sources,notes,priority,enabled,match_case
ability:ability-block,ability,能力方块,Ability Block,能力ブロック,,,,official_reused,bwiki-infobox | bwiki-table,BWIKI page: 方块; template: 道具；BWIKI page: 能力方块; template: Infobox/道具；BWIKI vertical name table: 道具（卡比方块球）,100,True,False
ability:ability-item,ability,Ability Item,Ability Item,能力アイテム,,,,unchanged,bwiki-infobox,BWIKI page: 能力道具; template: Infobox/道具,100,True,False
ability:adeleine-ribbon,ability,阿朵莱妮&莉宝,Adeleine & Ribbon,アドレーヌ&リボン,星之卡比 新星同盟 阿朵莱妮&莉宝 | 阿朵莱妮&莉宝 STA | 阿朵莱妮&莉宝（星之卡比 新星同盟）,Adeleine & Ribbon (Kirby Star Allies) | Adeleine & Ribbon STA | Kirby Star Allies Adeleine & Ribbon | 阿朵莱妮&莉宝 STA,アドレーヌ&リボン(STA),official,shinkaku-page-names,真格速查 #164,150,True,False
ability:animal-statues,ability,动物盟友雕像,Animal Statues,ストーンカッター,,,,official_reused,bwiki-table,BWIKI vertical name table: 融合复制能力,100,True,False
ability:battle-chariot,ability,战斗战车,Battle Chariot,バトルチャリオット,,,,official_reused,bwiki-infobox | bwiki-table,BWIKI page: 战斗战车; template: Infobox/复制能力；BWIKI vertical name table: 驭天飞行器,100,True,False
ability:blizzard,ability,冰雪,Blizzard,ブリザ〇〇〇〇,,,,official_reused,bwiki-infobox,BWIKI page: 冰雪; template: Infobox/复制能力,100,True,False
ability:bluster,ability,风切,Bluster,ウィンガ〇〇〇〇,,,,official_reused,bwiki-infobox,BWIKI page: 风切; template: Infobox/复制能力,100,True,False
ability:bring-on-the-super-ability,ability,Bring on the Super Ability,Bring on the Super Ability,必殺! スーパー能力,,,,unchanged,bwiki-infobox,BWIKI page: 必杀！超级能力; template: Infobox/音乐,100,True,False
ability:bulk-star,ability,沉重之星,Bulk Star,ヘビースター,,,,official_reused,bwiki-infobox | bwiki-table,BWIKI page: 沉重之星; template: Infobox/复制能力；BWIKI vertical name table: 驭天飞行器,100,True,False
ability:bull-tank,ability,公牛坦克,Bull Tank,ブルタンク,,,,official_reused,bwiki-infobox | bwiki-table,BWIKI page: 公牛坦克; template: Infobox/复制能力；BWIKI vertical name table: 驭天飞行器,100,True,False
ability:chariot,ability,战车,Chariot,チャリオット,,,,official_reused,bwiki-infobox | bwiki-table,BWIKI page: 战车; template: Infobox/复制能力；BWIKI vertical name table: 驭天飞行器,100,True,False
ability:compact-star,ability,轻巧之星,Compact Star,ライトスター,,,,official_reused,bwiki-infobox | bwiki-table,BWIKI page: 轻巧之星; template: Infobox/复制能力；BWIKI vertical name table: 驭天飞行器,100,True,False
ability:copy-ability-list,ability,复制能力一览,Copy Ability List,コピー能力一覧,复制能力一览 DIS | 复制能力一览 RBP | 复制能力一览 STA | 复制能力一览 TDX | 复制能力一览 WII | 复制能力一览 WIIDX | 复制能力一览（星之卡比 Wii 豪华版） | 复制能力一览（星之卡比 Wii） | 复制能力一览（星之卡比 三重豪华版） | 复制能力一览（星之卡比 探索发现） | 复制能力一览（星之卡比 新星同盟） | 复制能力一览（星之卡比 机器人星球） | 星之卡比 Wii 复制能力一览 | 星之卡比 Wii 豪华版 复制能力一览 | 星之卡比 三重豪华版 复制能力一览 | 星之卡比 探索发现 复制能力一览 | 星之卡比 新星同盟 复制能力一览 | 星之卡比 机器人星球 复制能力一览,Copy Ability List (Kirby and the Forgotten Land) | Copy Ability List (Kirby Star Allies) | Copy Ability List (Kirby's Return to Dream Land Deluxe) | Copy Ability List (Kirby's Return to Dream Land) | Copy Ability List (Kirby: Planet Robobot) | Copy Ability List (Kirby: Triple Deluxe) | Copy Ability List DIS | Copy Ability List RBP | Copy Ability List STA | Copy Ability List TDX | Copy Ability List WII | Copy Ability List WIIDX | Kirby and the Forgotten Land Copy Ability List | Kirby Star Allies Copy Ability List | Kirby's Return to Dream Land Copy Ability List | Kirby's Return to Dream Land Deluxe Copy Ability List | Kirby: Planet Robobot Copy Ability List | Kirby: Triple Deluxe Copy Ability List | 复制能力一览 DIS | 复制能力一览 RBP | 复制能力一览 STA | 复制能力一览 TDX | 复制能力一览 WII | 复制能力一览 WIIDX | 星之卡比 Wii 复制能力一览 | 星之卡比 Wii 豪华版 复制能力一览,コピー能力一覧(Dis) | コピー能力一覧(RBP) | コピー能力一覧(STA) | コピー能力一覧(TDX) | コピー能力一覧(Wii) | コピー能力一覧(WiiDX),project,shinkaku-page-names,真格速查 #133；真格速查 #206；真格速查 #246；真格速查 #53；真格速查 #9；真格速查 #91,150,True,False
ability:dash,ability,Dash,Dash,ダッシュ,,,,unchanged,bwiki-infobox,BWIKI page: 冲刺; template: Infobox/复制能力,100,True,False
ability:dodge,ability,Dodge,Dodge,そのばかいひ,,,,unchanged,bwiki-infobox,BWIKI page: 当下回避; template: Infobox/复制能力,100,True,False
ability:double-bladed-laser-sword,ability,两刃激光剑,Double-Bladed Laser Sword,スパークカッター,,,,official_reused,bwiki-table,BWIKI vertical name table: 融合复制能力,100,True,False
ability:double-cutter,ability,超级弯刀,Double Cutter,カッターカッター,,,,official_reused,bwiki-table,BWIKI vertical name table: 融合复制能力,100,True,False
ability:dragoon,ability,龙骑兵,Dragoon,ドラグーン,,,,official_reused,bwiki-infobox | bwiki-table,BWIKI page: 龙骑兵; template: Infobox/复制能力；BWIKI vertical name table: 驭天飞行器,100,True,False
ability:duck,ability,Duck,Duck,しゃがむ,,,,unchanged,bwiki-infobox,BWIKI page: 蹲下; template: Infobox/复制能力,100,True,False
ability:dynamite,ability,炸药,Dynamite,ストーンボム,,,,official_reused,bwiki-table,BWIKI vertical name table: 融合复制能力,100,True,False
ability:explosive-ninja-stars,ability,爆炸忍者之星,Explosive Ninja Stars,カッターボム,,,,official_reused,bwiki-table,BWIKI vertical name table: 融合复制能力,100,True,False
ability:face-to-face-lend-a-helping-hand,ability,Face-to-Face/Lend a helping hand,Face-to-Face/Lend a helping hand,くちうつし,,,,unchanged,bwiki-infobox,BWIKI page: 分享; template: Infobox/复制能力,100,True,False
ability:fire-sword,ability,Fire Sword,Fire Sword,ファイアソード,,,,unchanged,bwiki-infobox,BWIKI page: 火剑; template: Infobox/复制能力,100,True,False
ability:fireworks,ability,烟花,Fireworks,バーニングボム,,,,official_reused,bwiki-table,BWIKI vertical name table: 融合复制能力,100,True,False
ability:flaming-arrow,ability,燃烧弓箭,Flaming Arrow,バーニングニードル,,,,official_reused,bwiki-table,BWIKI vertical name table: 融合复制能力,100,True,False
ability:flight-warp-star,ability,飞天传送之星,Flight Warp Star,フライトワープスター,,,,official_reused,bwiki-infobox | bwiki-table,BWIKI page: 飞天传送之星; template: Infobox/复制能力；BWIKI vertical name table: 驭天飞行器,100,True,False
ability:formula-star,ability,方程式之星,Formula Star,フォーミュラスター,,,,official_reused,bwiki-infobox | bwiki-table,BWIKI page: 方程式之星; template: Infobox/复制能力；BWIKI vertical name table: 驭天飞行器,100,True,False
ability:giant-claws,ability,巨型之爪,Giant Claws,ニードルカッター,,,,official_reused,bwiki-table,BWIKI vertical name table: 融合复制能力,100,True,False
ability:giant-spiny-snowflake,ability,巨型带刺雪花,Giant Spiny Snowflake,アイスニードル,,,,official_reused,bwiki-table,BWIKI vertical name table: 融合复制能力,100,True,False
ability:giant-stone-kirby,ability,巨型石块,Giant Stone Kirby,ストーンストーン,,,,official_reused,bwiki-table,BWIKI vertical name table: 融合复制能力,100,True,False
ability:headbutt,ability,Headbutt,Headbutt,頭突き,,,,unchanged,bwiki-infobox,BWIKI page: 头顶攻击; template: Infobox/复制能力,100,True,False
ability:hop-star,ability,跳跃之星,Hop Star,ホップスター,,,,official_reused,bwiki-infobox | bwiki-table,BWIKI page: 跳跃之星; template: Infobox/复制能力；BWIKI vertical name table: 驭天飞行器,100,True,False
ability:hover,ability,盘旋,Hover,ホバリング,,,,project,bwiki-infobox | curated-official-notes,BWIKI page: 盘旋; template: Infobox/复制能力；星之卡比官方资料.md / 核心玩法词条,120,True,False
ability:hydra,ability,九头蛇,Hydra,ハイドラ,,,,official_reused,bwiki-infobox | bwiki-table,BWIKI page: 九头蛇; template: Infobox/复制能力；BWIKI vertical name table: 驭天飞行器,100,True,False
ability:ice-skating,ability,溜冰,Ice Skating,アイスカッター,,,,official_reused,bwiki-table,BWIKI vertical name table: 融合复制能力,100,True,False
ability:ice-sword,ability,Ice Sword,Ice Sword,アイスソード,,,,unchanged,bwiki-infobox,BWIKI page: 冰剑; template: Infobox/复制能力,100,True,False
ability:inhale,ability,吸入,Inhale,すいこみ,,,吸い込み,official_reused,bwiki-infobox | curated-official-notes,BWIKI page: 吸入; template: Infobox/复制能力；星之卡比官方资料.md / 核心玩法词条,120,True,False
ability:jet-star,ability,喷射机之星,Jet Star,ジェットスター,,,,official_reused,bwiki-infobox | bwiki-table,BWIKI page: 喷射机之星; template: Infobox/复制能力；BWIKI vertical name table: 驭天飞行器,100,True,False
ability:jump,ability,Jump,Jump,ジャンプ,,,,unchanged,bwiki-infobox,BWIKI page: 跳跃; template: Infobox/复制能力,100,True,False
ability:leo,ability,猛狮,Leo,レオ,,,,official_reused,bwiki-infobox | bwiki-table,BWIKI page: 猛狮; template: Infobox/复制能力；BWIKI vertical name table: 驭天飞行器,100,True,False
ability:light-bulb,ability,闪亮电灯泡,Light Bulb,スパークボム,,,,official_reused,bwiki-table,BWIKI vertical name table: 融合复制能力,100,True,False
ability:lightning-boulder,ability,电磁石,Lightning Boulder,スパークストーン,,,,official_reused,bwiki-table,BWIKI vertical name table: 融合复制能力,100,True,False
ability:lightning-rod,ability,引电棒,Lightning Rod,スパークニードル,,,,official_reused,bwiki-table,BWIKI vertical name table: 融合复制能力,100,True,False
ability:match-kirby,ability,摩擦生热,Match Kirby,バーニングスパーク,,,,official_reused,bwiki-table,BWIKI vertical name table: 融合复制能力,100,True,False
ability:melting-ice-block,ability,可融冰块,Melting Ice Block,バーニングアイス,,,,official_reused,bwiki-table,BWIKI vertical name table: 融合复制能力,100,True,False
ability:metamortex,ability,Metamortex,Metamortex,メタモル能力,,,,unchanged,bwiki-infobox,BWIKI page: 变形能力; template: Infobox/道具,100,True,False
ability:mix,ability,Mix,Mix,コピールーレット,,,,unchanged,bwiki-infobox,BWIKI page: 混合; template: Infobox/复制能力,100,True,False
ability:mouthful-mode,ability,塞满嘴变形,Mouthful Mode,ほおばりヘンケイ,塞满嘴,,,official_reused,bwiki-infobox | curated-official-notes,BWIKI page: 塞满嘴变形; template: Infobox/复制能力；星之卡比官方资料.md / 核心玩法词条,120,True,False
ability:normal-beam,ability,Normal Beam,Normal Beam,すっぴんビーム,,,,unchanged,bwiki-infobox,BWIKI page: 普通光束; template: Infobox/复制能力,100,True,False
ability:paper-star,ability,纸片之星,Paper Star,ペーパースター,,,,official_reused,bwiki-infobox | bwiki-table,BWIKI page: 纸片之星; template: Infobox/复制能力；BWIKI vertical name table: 驭天飞行器,100,True,False
ability:piggyback,ability,Piggyback,Piggyback,おんぶ,,,,unchanged,bwiki-infobox,BWIKI page: 背负; template: Infobox/复制能力,100,True,False
ability:puck,ability,冰壶,Puck,ディスク,,Curling Stone,アイスストーン,official_reused,bwiki-infobox | bwiki-table,BWIKI page: 道具（皇家大乱斗）; template: 道具；BWIKI vertical name table: 融合复制能力,100,True,False
ability:quick-fall,ability,Quick Fall,Quick Fall,急降下アタック,,,,unchanged,bwiki-infobox,BWIKI page: 急降下攻击; template: Infobox/复制能力,100,True,False
ability:refrigerator,ability,电冰箱,Refrigerator,アイススパーク,,,,official_reused,bwiki-table,BWIKI vertical name table: 融合复制能力,100,True,False
ability:rex-wheelie,ability,暴龙独轮,Rex Wheelie,レックスウィリー,,,,official_reused,bwiki-infobox | bwiki-table,BWIKI page: 暴龙独轮; template: Infobox/复制能力；BWIKI vertical name table: 驭天飞行器,100,True,False
ability:ribbon-s-crystal-gun,ability,莉宝水晶枪,Ribbon's Crystal Gun,リボンクリスタル,,,,official_reused,bwiki-infobox,BWIKI page: 莉宝水晶枪; template: Infobox/复制能力,100,True,False
ability:rick-kine-coo,ability,陆库&海恩&空,Rick & Kine & Coo,リック&カイン&クー,星之卡比 新星同盟 陆库&海恩&空 | 陆库&海恩&空 STA | 陆库&海恩&空（星之卡比 新星同盟）,Kirby Star Allies Rick & Kine & Coo | Rick & Kine & Coo (Kirby Star Allies) | Rick & Kine & Coo STA | 陆库&海恩&空 STA,リック&カイン&クー(STA),official,shinkaku-page-names,真格速查 #161,150,True,False
ability:rocket-star,ability,火箭之星,Rocket Star,ロケットスター,,,,official_reused,bwiki-infobox | bwiki-table,BWIKI page: 火箭之星; template: Infobox/复制能力；BWIKI vertical name table: 驭天飞行器,100,True,False
ability:rolling-snowball,ability,滚滚雪球,Rolling Snowball,アイスアイス,,,,official_reused,bwiki-table,BWIKI vertical name table: 融合复制能力,100,True,False
ability:shadow-star,ability,恶魔之星,Shadow Star,デビルスター,,,,official_reused,bwiki-infobox | bwiki-table,BWIKI page: 恶魔之星; template: Infobox/复制能力；BWIKI vertical name table: 驭天飞行器,100,True,False
ability:sizzle,ability,火焰,Sizzle,メラーガ〇〇〇〇,,,,official_reused,bwiki-infobox,BWIKI page: 火焰; template: Infobox/复制能力,100,True,False
ability:slick-star,ability,滑行之星,Slick Star,スリックスター,,,,official_reused,bwiki-infobox | bwiki-table,BWIKI page: 滑行之星; template: Infobox/复制能力；BWIKI vertical name table: 驭天飞行器,100,True,False
ability:slide,ability,Slide,Slide,スライディング,,,,unchanged,bwiki-infobox,BWIKI page: 滑垒; template: Infobox/复制能力,100,True,False
ability:space-jump,ability,Space Jump,Space Jump,スペースジャンプ,,,,unchanged,bwiki-infobox,BWIKI page: 空间跳跃; template: Infobox/复制能力,100,True,False
ability:spike-bomb,ability,针炸弹,Spike Bomb,ニードルボム,,,,official_reused,bwiki-table,BWIKI vertical name table: 融合复制能力,100,True,False
ability:splash,ability,冲击,Splash,スプラ〇〇〇〇,,,,official_reused,bwiki-infobox,BWIKI page: 冲击; template: Infobox/复制能力,100,True,False
ability:super-electric-energy-field,ability,超级电力场,Super Electric Energy Field,スパークスパーク,,,,official_reused,bwiki-table,BWIKI vertical name table: 融合复制能力,100,True,False
ability:super-fireball,ability,超级火球,Super Fireball,バーニングバーニング,带火剑,,バーニングカッター,official_reused,bwiki-table,BWIKI vertical name table: 融合复制能力,100,True,False
ability:swerve-star,ability,遗迹之星,Swerve Star,ルインズスター,,,,official_reused,bwiki-infobox | bwiki-table,BWIKI page: 遗迹之星; template: Infobox/复制能力；BWIKI vertical name table: 驭天飞行器,100,True,False
ability:swiss-army,ability,针武器,Swiss Army,ニードルニードル,,,,official_reused,bwiki-table,BWIKI vertical name table: 融合复制能力,100,True,False
ability:tank-star,ability,坦克之星,Tank Star,タンクスター,,,,official_reused,bwiki-infobox | bwiki-table,BWIKI page: 坦克之星; template: Infobox/复制能力；BWIKI vertical name table: 驭天飞行器,100,True,False
ability:team-attack,ability,Team Attack,Team Attack,せーのでドン！,,,,unchanged,bwiki-infobox,BWIKI page: 预备～发射！; template: Infobox/复制能力,100,True,False
ability:thunder-bomb,ability,Thunder Bomb,Thunder Bomb,サンダーボム,,,,unchanged,bwiki-infobox,BWIKI page: 电炸弹; template: Infobox/复制能力,100,True,False
ability:thunder-sword,ability,Thunder Sword,Thunder Sword,サンダーソード,,,,unchanged,bwiki-infobox,BWIKI page: 电剑; template: Infobox/复制能力,100,True,False
ability:transform-star,ability,变形之星,Transform Star,ヘンシンスター,,,,official_reused,bwiki-infobox | bwiki-table,BWIKI page: 变形之星; template: Infobox/复制能力；BWIKI vertical name table: 驭天飞行器,100,True,False
ability:tri-missile-attack,ability,三击导弹,Tri-Missile Attack,ボムボム,,,,official_reused,bwiki-table,BWIKI vertical name table: 融合复制能力,100,True,False
ability:turbo-star,ability,涡轮之星,Turbo Star,ターボスター,,,,official_reused,bwiki-infobox | bwiki-table,BWIKI page: 涡轮之星; template: Infobox/复制能力；BWIKI vertical name table: 驭天飞行器,100,True,False
ability:vampire-star,ability,吸血鬼之星,Vampire Star,ヴァンパイアスター,,,,official_reused,bwiki-infobox | bwiki-table,BWIKI page: 吸血鬼之星; template: Infobox/复制能力；BWIKI vertical name table: 驭天飞行器,100,True,False
ability:volcano,ability,火山,Volcano,バーニングストーン,,,,official_reused,bwiki-table,BWIKI vertical name table: 融合复制能力,100,True,False
ability:wagon-star,ability,箱车之星,Wagon Star,ワゴンスター,,,,official_reused,bwiki-infobox | bwiki-table,BWIKI page: 箱车之星; template: Infobox/复制能力；BWIKI vertical name table: 驭天飞行器,100,True,False
ability:wheelie-bike,ability,独轮摩托车,Wheelie Bike,ウィリーバイク,,,,official_reused,bwiki-infobox | bwiki-table,BWIKI page: 独轮摩托车; template: Infobox/复制能力；BWIKI vertical name table: 驭天飞行器,100,True,False
ability:wheelie-scooter,ability,独轮小摩托,Wheelie Scooter,ウィリースクーター,,,,official_reused,bwiki-infobox | bwiki-table,BWIKI page: 独轮小摩托; template: Infobox/复制能力；BWIKI vertical name table: 驭天飞行器,100,True,False
ability:winged-star,ability,羽翼之星,Winged Star,ウィングスター,,,,official_reused,bwiki-infobox | bwiki-table,BWIKI page: 羽翼之星; template: Infobox/复制能力；BWIKI vertical name table: 驭天飞行器,100,True,False
ability:zap,ability,电气,Zap,バリッカ〇〇〇〇,,,,official_reused,bwiki-infobox,BWIKI page: 电气; template: Infobox/复制能力,100,True,False
character:1-png,character,箩箩箩的城堡,|图片=帕菲云1.png,|日文名=クークラー,,,,project,bwiki-table,BWIKI table: 星之卡比/杂兵,100,True,False
character:1000-100,character,翻滚的1000/100个瓦豆鲁迪球,,ころがる1000/100のワドルディ,,,,official_reused,bwiki-infobox,BWIKI page: 瓦豆鲁迪/种类; template: 杂兵,100,True,False
character:4add3ca0b13416cf,character,炮台者瓦豆鲁迪！,,キャノンワドルディ,,,,official_reused,bwiki-infobox,BWIKI page: 星之卡比 机器博博星球/杂兵; template: 杂兵,100,True,False
character:8fe898c25b689ae1,character,影武者瓦豆鲁迪,,影武者ワドルディ,,,,official_reused,bwiki-infobox,BWIKI page: 瓦豆鲁迪/种类; template: 杂兵,100,True,False
character:a844aa08962b20e1,character,螺旋桨瓦豆鲁迪,,プロペラワドルディ,,,,official_reused,bwiki-infobox,BWIKI page: 瓦豆鲁迪/种类; template: 杂兵,100,True,False
character:acchi,character,阿奇,Acchi,アッチー,,,,official_reused,bwiki-infobox | bwiki-table | catalog-profiles | wikirby-names,BWIKI page: 星之卡比 怪盗洛切团登场！/杂兵; template: 杂兵；BWIKI table: 杂兵；WiKirby page: Acchi,100,True,False
character:ace-phanta,character,王牌漂浮洛巴,Ace Phanta,エースフワローバ,王牌漂浮洛巴！,Ace Foorlowber,,official_reused,bwiki-infobox | bwiki-table | catalog-profiles | wikirby-names,BWIKI page: 星之卡比 三重豪华/杂兵; template: 杂兵；BWIKI table: 杂兵；WiKirby page: Ace Phanta,100,True,False
character:acore,character,Acore,Acore,アコル,,,,unchanged,catalog-profiles | wikirby-names,WiKirby page: Acore,100,True,False
character:acro,character,鲸虎,Acro,アクロ,鯨虎,,,official,bwiki-infobox | catalog-profiles | wikirby-names,BWIKI page: 鲸虎; template: Infobox/敌对角色；WiKirby page: Acro,100,True,False
character:acti-blade,character,Acti Blade,Acti Blade,アクティブレイド,,,,unchanged,catalog-profiles | wikirby-names,WiKirby page: Acti Blade,100,True,False
character:adeleine,character,阿朵莱妮,Adeleine,アドレーヌ,阿朵萊妮,,,official,bwiki-infobox | catalog-profiles | wikirby-names,BWIKI page: 阿朵莱妮; template: Infobox/角色；WiKirby page: Adeleine,100,True,False
character:ado,character,Ado,Ado,アド,,,,unchanged,bwiki-infobox | catalog-profiles | wikirby-names,BWIKI page: 阿朵; template: Infobox/敌对角色；WiKirby page: Ado,100,True,False
character:air-riders,character,Air Riders,Air Riders,エアライドマシンライダー,,,,unchanged,catalog-profiles | wikirby-names,WiKirby page: Air Riders,100,True,False
character:amon,character,Amon,Amon,アモン,,,,unchanged,catalog-profiles | wikirby-names,WiKirby page: Amon,100,True,False
character:amprey,character,麻麻鳗,Amprey,ナンギー,,,,official_reused,bwiki-infobox | catalog-profiles | wikirby-names,BWIKI page: 毛线卡比/杂兵2; template: 杂兵；WiKirby page: Amprey,100,True,False
character:anemonee,character,海葵,Anemonee,イソキンチャク,,Deepsee,エニラム,official_reused,bwiki-infobox | catalog-profiles | wikirby-names,BWIKI page: 毛线卡比/杂兵2; template: 杂兵；BWIKI page: 触摸！ 卡比 超级彩虹/杂兵; template: 杂兵；WiKirby page: Anemonee,100,True,False
character:angel,character,天使,Angel,エンジェル,,Angel (character) | Cupid,,official_reused,bwiki-infobox | bwiki-table | catalog-profiles | wikirby-names,BWIKI page: 天使; template: Infobox/复制能力；BWIKI vertical name table: 需要帮助的NPC（星之卡比3）；WiKirby page: Angel (character),100,True,False
character:anger-masker,character,怒气面具怪,Anger Masker,アンガーマスカー,愤怒面具怪！,,,official_reused,bwiki-infobox | bwiki-table | catalog-profiles | wikirby-names,BWIKI page: 星之卡比 新星同盟/杂兵; template: 杂兵；BWIKI table: 杂兵；WiKirby page: Anger Masker,100,True,False
character:angie,character,安吉,Angie,エンジィ,,,,official_reused,bwiki-table | catalog-profiles | wikirby-names,BWIKI vertical name table: 毛线卡比/NPC；WiKirby page: Angie,100,True,False
character:anige,character,Anige,Anige,オワルト・デゼニー,,,,unchanged,catalog-profiles | wikirby-names,WiKirby page: Anige,100,True,False
character:animal-friends,character,动物伙伴,Animal Friends,なかま,,,,project,bwiki-infobox,BWIKI page: 动物伙伴; template: Infobox/角色,100,True,False
character:ant-doom,character,Ant Doom,Ant Doom,,,,,unchanged,catalog-profiles | wikirby-names,WiKirby 页面没有可解析的多语言名称表,100,True,False
character:antler,character,蚂蚁兵,Antler,ホワイトアントラー,蚂蚁兵！,,バグズ,official_reused,bwiki-infobox | bwiki-table | catalog-profiles | wikirby-names,BWIKI page: 星之卡比 三重豪华/杂兵; template: 杂兵；BWIKI table: 杂兵；WiKirby page: Antler,100,True,False
character:apolo,character,阿波洛,Apolo,アポロ,阿波洛！,Apollo,,official_reused,bwiki-infobox | bwiki-table | catalog-profiles | wikirby-names,BWIKI page: 星之卡比3/杂兵; template: 杂兵；BWIKI table: 杂兵；WiKirby page: Apolo,100,True,False
character:apple,character,苹果,Apple,リンゴ,蘋果,,りんご,official,bwiki-infobox | wikirby-names,BWIKI page: 苹果; template: Infobox/道具；WiKirby page: Apple,100,True,False
character:armor-plated-illusion-phantom-sillydillo,character,舞幻甲兽 犰魔乱舞·幻,"Armor-Plated Illusion, Phantom Sillydillo",踊幻甲獣 アルマパラパ・幻,星之卡比 探索发现 舞幻甲兽 犰魔乱舞·幻 | 犰魔乱舞·幻 | 舞幻甲兽 犰魔乱舞·幻 DIS | 舞幻甲兽 犰魔乱舞·幻（星之卡比 探索发现） | 舞幻甲獸 犰魔亂舞·幻,Kirby and the Forgotten Land Phantom Sillydillo | Phantom Sillydillo | Phantom Sillydillo (Kirby and the Forgotten Land) | Phantom Sillydillo DIS | 舞幻甲兽 犰魔乱舞·幻 DIS,アルマパラパ・幻,official,bwiki-infobox | catalog-profiles | shinkaku-page-names | wikirby-names,BWIKI page: 犰魔乱舞·幻; template: Infobox/敌对角色；WiKirby page: Phantom Sillydillo；真格速查 #222,150,True,False
character:armor-plated-prancer-sillydillo,character,舞转甲兽 犰魔乱舞,"Armor-Plated Prancer, Sillydillo",踊転甲獣 アルマパラパ,犰魔乱舞 | 舞轉甲獸 犰魔亂舞,Sillydillo,アルマパラパ,official,bwiki-infobox | catalog-profiles | wikirby-names,BWIKI page: 犰魔乱舞; template: Infobox/敌对角色；WiKirby page: Sillydillo,100,True,False
character:armor-waddle-dee,character,盔甲迪,Armor Waddle Dee,アーマーワドルディ,盔甲迪！,Armored Waddle Dee | ArmoredWaddleDee,,official_reused,bwiki-infobox | bwiki-table | catalog-profiles | wikirby-names,BWIKI page: 星之卡比 Wii/杂兵; template: 杂兵；BWIKI page: 盔甲迪; template: Infobox/敌对角色；BWIKI table: 杂兵；WiKirby page: Armor Waddle Dee,100,True,False
character:assistant-waddle-dee,character,助手瓦豆鲁迪,Assistant Waddle Dee,ADワドルディ,,,,official_reused,bwiki-infobox,BWIKI page: 瓦豆鲁迪/种类; template: 杂兵,100,True,False
character:astral-birth-void,character,星诞 虚无,"Astral Birth, Void",星誕 ニル,星之卡比 新星同盟 虚无 | 星誕 虛無 | 虚无 | 虚无 STA | 虚无（星之卡比 新星同盟）,Kirby Star Allies Void | Void | Void (Kirby Star Allies) | Void STA | 虚无 STA,ニル,official,bwiki-infobox | catalog-profiles | shinkaku-page-names | wikirby-names,BWIKI page: 虚无; template: Infobox/敌对角色；WiKirby page: Void；真格速查 #200,150,True,False
character:astronomer-waddle-dee,character,天文学者瓦豆鲁迪,Astronomer Waddle Dee,天もん学者ワドルディ,天文學者瓦豆魯迪,,,official,bwiki-infobox | catalog-profiles | wikirby-names,BWIKI page: 瓦豆鲁迪/种类; template: 杂兵；WiKirby page: Astronomer Waddle Dee,100,True,False
character:awadoron,character,泡泡贝,Awadoron,アワドロン,,Clammy,,official_reused,bwiki-infobox | bwiki-table | catalog-profiles | wikirby-names,BWIKI page: 集合！ 卡比/杂兵1; template: 杂兵；BWIKI table: 杂兵；WiKirby page: Awadoron,100,True,False
character:awasuki,character,泡泡鱼,Awasuki,アワスキィ,,Goldfish,,official_reused,bwiki-infobox | bwiki-table | catalog-profiles | wikirby-names,BWIKI page: 集合！ 卡比/杂兵1; template: 杂兵；BWIKI table: 杂兵；WiKirby page: Awasuki,100,True,False
character:awoofy,character,加鲁鲁菲,Awoofy,ガルルフィ,加魯魯菲 | 结晶化加鲁鲁菲,Crystal Awoofy,,official,bwiki-infobox | bwiki-table | catalog-forms | catalog-profiles | wikirby-names,BWIKI page: 星之卡比 探索发现/杂兵; template: 杂兵；BWIKI table: 杂兵；WiKirby page: Awoofy,100,True,False
character:axe-knight,character,斧头骑士,Axe Knight,アックスナイト,斧頭騎士,,,official,bwiki-infobox | catalog-profiles | wikirby-names,BWIKI page: 斧头骑士; template: Infobox/敌对角色；WiKirby page: Axe Knight,100,True,False
character:babut,character,巴布特蝙蝠,Babut,バブット,巴布蝠！,,,official_reused,bwiki-infobox | bwiki-table | catalog-profiles | wikirby-names,BWIKI page: 巴布特蝙蝠; template: Infobox/敌对角色；BWIKI page: 星之卡比3/杂兵; template: 杂兵；BWIKI table: 杂兵；WiKirby page: Babut,100,True,False
character:bakasa,character,呆呆伞,Bakasa,バカサ,,,,official_reused,bwiki-table | catalog-profiles | wikirby-names,BWIKI vertical name table: 需要帮助的NPC（星之卡比3）；WiKirby page: Bakasa,100,True,False
character:balloon-bomber,character,气球炸弹,Balloon Bomber,バルーンボンバー,氣球炸彈,Balloon Bomb | 英：Balloon Bomber,バルーンボム | 日：バルーンボンバー,official,bwiki-infobox | bwiki-table | catalog-profiles | wikirby-names,BWIKI page: 卡比的驭天飞行/杂兵; template: 杂兵；BWIKI page: 星之卡比 Wii/道具; template: 道具；BWIKI table: 卡比的驭天飞行；BWIKI table: 杂兵；WiKirby page: Balloon Bomber,100,True,False
character:balloon-meister,character,气球高手,Balloon-Meister,バルンマイスター,氣球高手,,,official,bwiki-infobox | bwiki-table | catalog-profiles | wikirby-names,BWIKI page: 星之卡比 探索发现/杂兵; template: 杂兵；BWIKI table: 杂兵；WiKirby page: Balloon-Meister,100,True,False
character:balloon-waddle-dee,character,气球瓦豆鲁迪,Balloon Waddle Dee,フーセンワドルディ,,,,official_reused,bwiki-infobox,BWIKI page: 毛线卡比/杂兵1; template: 杂兵,100,True,False
character:bandana-waddle-dee,character,头巾瓦豆鲁迪,Bandana Waddle Dee,バンダナワドルディ,头巾瓦豆鲁迪 STA | 头巾瓦豆鲁迪 WIIDX | 头巾瓦豆鲁迪（星之卡比 Wii 豪华版） | 头巾瓦豆鲁迪（星之卡比 新星同盟） | 星之卡比 Wii 豪华版 头巾瓦豆鲁迪 | 星之卡比 新星同盟 头巾瓦豆鲁迪 | 頭巾瓦豆魯迪,Bandana Waddle Dee (Kirby Star Allies) | Bandana Waddle Dee (Kirby's Return to Dream Land Deluxe) | Bandana Waddle Dee STA | Bandana Waddle Dee WIIDX | Kirby Star Allies Bandana Waddle Dee | Kirby's Return to Dream Land Deluxe Bandana Waddle Dee | 头巾瓦豆鲁迪 STA | 头巾瓦豆鲁迪 WIIDX | 星之卡比 Wii 豪华版 头巾瓦豆鲁迪,バンダナワドルディ(STA) | バンダナワドルディ(WiiDX),official,bwiki-infobox | catalog-profiles | curated-official-notes | shinkaku-page-names | wikirby-names,BWIKI page: 头巾瓦豆鲁迪; template: Infobox/角色；WiKirby page: Bandana Waddle Dee；星之卡比官方资料.md / 核心角色词条；真格速查 #158；真格速查 #271,150,True,False
character:bang-bang,character,轟隆隆,Bang-Bang,ドッコーン,轰隆隆,,,official,bwiki-infobox | bwiki-table | catalog-profiles | wikirby-names,BWIKI page: 星之卡比 镜之大迷宫/杂兵; template: 杂兵；BWIKI page: 轰隆隆; template: Infobox/敌对角色；BWIKI table: 杂兵；WiKirby page: Bang-Bang,100,True,False
character:banishback,character,驱驱雾,Banishback,ブリンバ,,,,official_reused,bwiki-infobox | bwiki-table | catalog-profiles | wikirby-names,BWIKI page: 集合！ 卡比/杂兵2; template: 杂兵；BWIKI table: 杂兵；WiKirby page: Banishback,100,True,False
character:bar-waddle-dee,character,横杠瓦豆鲁迪,Bar Waddle Dee,バーワドルディ,,,,official_reused,bwiki-infobox,BWIKI page: 瓦豆鲁迪/种类; template: 杂兵,100,True,False
character:bar-waddle-dees,character,Bar Waddle Dees,Bar Waddle Dees,バーワドルディー,,,,unchanged,catalog-profiles | wikirby-names,WiKirby page: Bar Waddle Dees,100,True,False
character:barampa,character,巴兰帕,Barampa,バランパ,,,,official_reused,bwiki-infobox | catalog-profiles | wikirby-names,BWIKI page: 触摸！ 卡比 超级彩虹/杂兵; template: 杂兵；WiKirby page: Barampa,100,True,False
character:barbar,character,巴鲁巴鲁,Barbar,バルバル,,,,official_reused,bwiki-infobox | bwiki-table | catalog-profiles | wikirby-names,BWIKI page: 巴鲁巴鲁; template: Infobox/敌对角色；BWIKI table: 杂兵；WiKirby page: Barbar,100,True,False
character:baron-gallic,character,Baron Gallic,Baron Gallic,ガリック男爵,,,,unchanged,catalog-profiles | wikirby-names,WiKirby page: Baron Gallic,100,True,False
character:barracu,character,巴鱼予,Barracu,バラクー,巴鱼予！,,,official_reused,bwiki-infobox | bwiki-table | catalog-profiles | wikirby-names,BWIKI page: 星之卡比 Wii/杂兵; template: 杂兵；BWIKI table: 杂兵；WiKirby page: Barracu,100,True,False
character:bastron,character,Bastron,Bastron,バストロン,,,,unchanged,catalog-profiles | wikirby-names,WiKirby page: Bastron,100,True,False
character:batafire,character,巴塔飞火,Batafire,バタファイア,,,,project,bwiki-infobox | catalog-profiles | wikirby-names,BWIKI page: 巴塔飞火; template: Infobox/敌对角色；WiKirby page: Batafire,100,True,False
character:batamon,character,冒牌怪,Batamon,バタモン,冒牌怪！ | 玛果,Magoo,,official_reused,bwiki-infobox | bwiki-table | catalog-profiles | wikirby-names,BWIKI page: 星之卡比3/杂兵; template: 杂兵；BWIKI table: 杂兵；WiKirby page: Batamon,100,True,False
character:battins,character,纽扣蝙蝠,Battins,バサバサ,,,,official_reused,bwiki-infobox | catalog-profiles | wikirby-names,BWIKI page: 毛线卡比/杂兵1; template: 杂兵；WiKirby page: Battins,100,True,False
character:batty,character,巴提,Batty,バッティー,蝙提,,,official_reused,bwiki-infobox | bwiki-table | catalog-profiles | wikirby-names,BWIKI page: 巴提; template: Infobox/敌对角色；BWIKI page: 星之卡比 镜之大迷宫/杂兵; template: 杂兵；BWIKI table: 杂兵；WiKirby page: Batty,100,True,False
character:battybat,character,咬咬蝙蝠,Battybat,ガバット,,,,official_reused,bwiki-infobox | bwiki-table | catalog-profiles | wikirby-names,BWIKI page: 集合！ 卡比/杂兵3; template: 杂兵；BWIKI table: 杂兵；WiKirby page: Battybat,100,True,False
character:beadrix,character,珠珠坦,Beadrix,ビータン,,,,official_reused,bwiki-table | catalog-profiles | wikirby-names,BWIKI vertical name table: 毛线卡比/NPC；WiKirby page: Beadrix,100,True,False
character:beanbon,character,叶芽,Beanbon,プッポン,葉芽,,,official,bwiki-infobox | bwiki-table | catalog-profiles | wikirby-names,BWIKI page: 集合！ 卡比/杂兵1; template: 杂兵；BWIKI table: 杂兵；WiKirby page: Beanbon,100,True,False
character:beast-pack,character,野兽军团,Beast Pack,ビースト軍団,野獸軍團,,,official,bwiki-infobox | curated-official-notes,BWIKI page: 野兽军团; template: Infobox/敌对角色；星之卡比官方资料.md / 核心角色词条,120,True,False
character:beetley,character,大角甲虫,Beetley,ビートリー,大角甲蟲,Beetly,,official,bwiki-infobox | bwiki-table | catalog-profiles | wikirby-names,BWIKI page: 大角甲虫; template: Infobox/敌对角色；BWIKI table: 杂兵；WiKirby page: Beetley,100,True,False
character:belly-buster,character,Belly Buster,Belly Buster,パワーストマック,,,,unchanged,catalog-profiles | wikirby-names,WiKirby page: Belly Buster,100,True,False
character:benikage,character,Benikage,Benikage,ベニカゲ,,,,unchanged,catalog-profiles | wikirby-names,WiKirby page: Benikage,100,True,False
character:benny,character,巴尼,Benny,ベニー,巴尼！,,,official_reused,bwiki-infobox | bwiki-table | catalog-profiles | wikirby-names,BWIKI page: 星之卡比/杂兵; template: 杂兵；BWIKI table: 杂兵；WiKirby page: Benny,100,True,False
character:bernard,character,伯纳犬,Bernard,バーナード,伯納犬,,,official,bwiki-infobox | bwiki-table | catalog-profiles | wikirby-names,BWIKI page: 星之卡比 探索发现/杂兵; template: 杂兵；BWIKI table: 杂兵；WiKirby page: Bernard,100,True,False
character:beryl,character,Beryl,Beryl,ベリル,,,,unchanged,catalog-profiles | wikirby-names,WiKirby page: Beryl,100,True,False
character:biblio,character,Biblio,Biblio,ビブリ,,,,unchanged,catalog-profiles | wikirby-names,WiKirby page: Biblio,100,True,False
character:big-beanbon,character,大叶芽,Big Beanbon,デラッポン,,,,official_reused,bwiki-infobox | bwiki-table | catalog-profiles | wikirby-names,BWIKI page: 集合！ 卡比/杂兵1; template: 杂兵；BWIKI table: 杂兵；WiKirby page: Big Beanbon,100,True,False
character:big-birdee,character,鸟大,Big Birdee,デラトリィ,,,,official_reused,bwiki-table | catalog-profiles | wikirby-names,BWIKI vertical name table: 集合！ 卡比/中魔王；WiKirby page: Big Birdee,100,True,False
character:big-blucko,character,大方块,Big Blucko,デラブロストン,,,,official_reused,bwiki-infobox | bwiki-table | catalog-profiles | wikirby-names,BWIKI page: 集合！ 卡比/杂兵2; template: 杂兵；BWIKI table: 杂兵；WiKirby page: Big Blucko,100,True,False
character:big-bouncy,character,Big Bouncy,Big Bouncy,デカバウンシー,,,,unchanged,catalog-profiles | wikirby-names,WiKirby page: Big Bouncy,100,True,False
character:big-cappy,character,Big Cappy,Big Cappy,,,,,unchanged,catalog-profiles | wikirby-names,WiKirby 页面没有可解析的多语言名称表,100,True,False
character:big-floof,character,大飘飘,Big Floof,デラフワ,,,,official_reused,bwiki-infobox | bwiki-table | catalog-profiles | wikirby-names,BWIKI page: 集合！ 卡比/杂兵2; template: 杂兵；BWIKI table: 杂兵；WiKirby page: Big Floof,100,True,False
character:big-gordo,character,大黑刺球,Big Gordo,ビッグゴルドー,,,,official_reused,bwiki-table,BWIKI table: 杂兵,100,True,False
character:big-iceton,character,大冰砖,Big Iceton,デラアイストン,大冰方块,Big IceBlucko,,official_reused,bwiki-infobox | bwiki-table | catalog-profiles | wikirby-names,BWIKI page: 集合！ 卡比/杂兵2; template: 杂兵；BWIKI table: 杂兵；WiKirby page: Big Iceton,100,True,False
character:big-kabu,character,大石像怪,Big Kabu,ビッグカブー,,Dekabu,デカブー,official,bwiki-table | catalog-profiles | wikirby-names,BWIKI table: 杂兵；WiKirby page: Big Kabu,100,True,False
character:big-metalun,character,巨型金属,Big Metalun,ビッグメタルン,,,,project,bwiki-infobox | catalog-profiles | wikirby-names,BWIKI page: 巨型金属; template: Infobox/敌对角色；WiKirby page: Big Metalun,100,True,False
character:big-missile,character,巨型导弹,Big Missile,ビッグミサイル,巨型导弹！,,,official_reused,bwiki-infobox | bwiki-table | catalog-profiles | wikirby-names,BWIKI page: 星之卡比 三重豪华/杂兵; template: 杂兵；BWIKI table: 杂兵；WiKirby 页面没有可解析的多语言名称表,100,True,False
character:big-mummbon,character,大带种,Big Mummbon,デラミポン,,,,official_reused,bwiki-infobox | bwiki-table | catalog-profiles | wikirby-names,BWIKI page: 集合！ 卡比/杂兵2; template: 杂兵；BWIKI table: 杂兵；WiKirby page: Big Mummbon,100,True,False
character:big-red-tortuilding,character,红通通龟塔洛斯,Big Red Tortuilding,レッドガルトータロス,紅通通龜塔洛斯,,,official,bwiki-infobox | catalog-profiles | wikirby-names,BWIKI page: 星之卡比 探索发现/杂兵; template: 杂兵；WiKirby page: Big Red Tortuilding,100,True,False
character:big-schnoz,character,咚咚坦,Big Schnoz,ドドスタン,,,,official_reused,bwiki-infobox | bwiki-table | catalog-profiles | wikirby-names,BWIKI page: 集合！ 卡比/杂兵1; template: 杂兵；BWIKI table: 杂兵；WiKirby page: Big Schnoz,100,True,False
character:big-soarar,character,大滑翔翼,Big Soarar,ビッグソアラ,,Colossal Soarar,,official_reused,bwiki-infobox | bwiki-table | catalog-profiles | wikirby-names,BWIKI page: 集合！ 卡比/杂兵3; template: 杂兵；BWIKI table: 杂兵；WiKirby page: Big Soarar,100,True,False
character:big-squishy,character,Big Squishy,Big Squishy,,,,,unchanged,catalog-profiles | wikirby-names,WiKirby 页面没有可解析的多语言名称表,100,True,False
character:big-stackle,character,大刺盔鱼,Big Stackle,デラスタックル,,Big Stickle,,official_reused,bwiki-infobox | bwiki-table | catalog-profiles | wikirby-names,BWIKI page: 集合！ 卡比/杂兵1; template: 杂兵；BWIKI table: 杂兵；WiKirby page: Big Stackle,100,True,False
character:big-stactus,character,大刺角株,Big Stactus,デラカクサン,,,,official_reused,bwiki-infobox | bwiki-table | catalog-profiles | wikirby-names,BWIKI page: 集合！ 卡比/杂兵1; template: 杂兵；BWIKI table: 杂兵；WiKirby page: Big Stactus,100,True,False
character:big-waddle-dee,character,大瓦豆鲁迪,Big Waddle Dee,ビッグワドルディ,,,,official_reused,bwiki-infobox | bwiki-table | catalog-profiles | wikirby-names,BWIKI page: 瓦豆鲁迪/种类; template: 杂兵；BWIKI table: 杂兵；WiKirby page: Big Waddle Dee,100,True,False
character:big-warwiggle,character,大扭扭蠕,Big Warwiggle,デラデラーム,,,,official_reused,bwiki-table | catalog-profiles | wikirby-names,BWIKI vertical name table: 集合！ 卡比/中魔王；WiKirby page: Big Warwiggle,100,True,False
character:big-zombon,character,大尸种,Big Zombon,デラゾッポン,,,,official_reused,bwiki-infobox | bwiki-table | catalog-profiles | wikirby-names,BWIKI page: 集合！ 卡比/杂兵2; template: 杂兵；BWIKI table: 杂兵；WiKirby page: Big Zombon,100,True,False
character:bigger-beanbon,character,Bigger Beanbon,Bigger Beanbon,デラデラッポン,,,,unchanged,catalog-profiles | wikirby-names,WiKirby page: Bigger Beanbon,100,True,False
character:bigger-schnoz,character,咚咚咚坦,Bigger Schnoz,ドスドスタン,,Giant Schnoz,,official_reused,bwiki-infobox | bwiki-table | catalog-profiles | wikirby-names,BWIKI page: 集合！ 卡比/杂兵1; template: 杂兵；BWIKI table: 杂兵；WiKirby page: Bigger Schnoz,100,True,False
character:bigger-stactus,character,巨刺角株,Bigger Stactus,デカクサン,,GiantStactus,,official_reused,bwiki-table | catalog-profiles | wikirby-names,BWIKI vertical name table: 集合！ 卡比/中魔王；WiKirby page: Bigger Stactus,100,True,False
character:biggy-boney-and-sleepy,character,"Biggy, Boney, and Sleepy","Biggy, Boney, and Sleepy",オタキング,,,,unchanged,catalog-profiles | wikirby-names,"WiKirby page: Biggy, Boney, and Sleepy",100,True,False
character:bio-spark,character,暗忍,Bio Spark,バイオスパーク,闇忍,,,official,bwiki-infobox | bwiki-table | catalog-profiles | wikirby-names,BWIKI page: 暗忍; template: Infobox/敌对角色；BWIKI table: 杂兵；WiKirby page: Bio Spark,100,True,False
character:birdee,character,托利鸟,Birdee,トリィ,,,,official_reused,bwiki-infobox | bwiki-table | catalog-profiles | wikirby-names,BWIKI page: 集合！ 卡比/杂兵3; template: 杂兵；BWIKI table: 杂兵；WiKirby page: Birdee,100,True,False
character:birdon,character,飞行鸟,Birdon,バードン,飛行鳥,,,official,bwiki-infobox | bwiki-table | catalog-profiles | wikirby-names,BWIKI page: 飞行鸟; template: Infobox/敌对角色；BWIKI table: 杂兵；WiKirby page: Birdon,100,True,False
character:biripper,character,哔哔鲤,Biripper,ビリッパー,,Electro Blipper,,official_reused,bwiki-infobox | bwiki-table | catalog-profiles | wikirby-names,BWIKI page: 集合！ 卡比/杂兵1; template: 杂兵；BWIKI table: 杂兵；WiKirby page: Biripper,100,True,False
character:bitestatue,character,半人鱼像！,BiteStatue,,,,,project,bwiki-infobox,BWIKI page: 星之卡比 Wii/杂兵; template: 杂兵,100,True,False
character:bivolt,character,哔啵伏特！,Bivolt,ビボルト,,,,project,bwiki-infobox | catalog-profiles | wikirby-names,BWIKI page: 星之卡比64/杂兵; template: 杂兵；WiKirby page: Bivolt,100,True,False
character:blade,character,剑武士,Blade,ブレイド,剑武士！,,,official_reused,bwiki-infobox | bwiki-table | catalog-profiles | wikirby-names,BWIKI page: 星之卡比2/杂兵; template: 杂兵；BWIKI table: 杂兵；WiKirby page: Blade,100,True,False
character:blade-knight,character,剑骑士,Blade Knight,ブレイドナイト,冰雪剑骑士 | 劍騎士,Blade Knight (anime character) | Blizzard Blade Knight,ブレードナイト,official,bwiki-infobox | bwiki-table | catalog-forms | catalog-profiles | wikirby-names,BWIKI page: 剑骑士; template: Infobox/敌对角色；BWIKI table: 杂兵；WiKirby page: Blade Knight；WiKirby page: Blade Knight (anime character),100,True,False
character:blado,character,黑齿球,Blado,ブレドー,,,,official_reused,bwiki-infobox | bwiki-table | catalog-profiles | wikirby-names,BWIKI page: 黑齿球; template: Infobox/敌对角色；BWIKI table: 杂兵；WiKirby page: Blado,100,True,False
character:blamboom,character,罗汉炮台,Blamboom,モリッツォ,,,,official_reused,bwiki-infobox | bwiki-table | catalog-profiles | wikirby-names,BWIKI page: 集合！ 卡比/杂兵2; template: 杂兵；BWIKI table: 杂兵；WiKirby page: Blamboom,100,True,False
character:blast-mariner,character,炸裂海兵,Blast Mariner,ヘーチョー,,,,project,bwiki-infobox | catalog-profiles | wikirby-names,BWIKI page: 炸裂海兵; template: Infobox/敌对角色；WiKirby page: Blast Mariner,100,True,False
character:blatzy,character,怨念石像怪,Blatzy,ブラッチー,冲击炮 | 怨念石像怪！,Grumples,グランプルス,official_reused,bwiki-infobox | bwiki-table | catalog-profiles | wikirby-names,BWIKI page: 冲击炮; template: Infobox/敌对角色；BWIKI page: 怨念石像怪; template: Infobox/敌对角色；BWIKI page: 星之卡比/杂兵; template: 杂兵；BWIKI table: 杂兵；WiKirby page: Blatzy,100,True,False
character:blazing-boss-battle,character,激烈！魔王之战,Blazing! Boss Battle,白熱！ボスバトル,,,,official_reused,bwiki-infobox,BWIKI page: 激烈！魔王之战; template: Infobox/音乐,100,True,False
character:blinkbat,character,扁福,Blinkbat,バットン,蝙蝠,,,official,bwiki-infobox | bwiki-table | catalog-profiles | wikirby-names,BWIKI page: 滚滚卡比/杂兵; template: 杂兵；BWIKI table: 杂兵；WiKirby page: Blinkbat,100,True,False
character:blipper,character,蛙镜鱼,Blipper,ブリッパー,蛙鏡魚,,,official,bwiki-infobox | bwiki-table | catalog-profiles | wikirby-names,BWIKI page: 蛙镜鱼; template: Infobox/敌对角色；BWIKI table: 杂兵；WiKirby page: Blipper,100,True,False
character:blish,character,方块破坏者,Blish,ブロッシュ,,,,official_reused,bwiki-infobox | bwiki-table | catalog-profiles | wikirby-names,BWIKI page: 集合！ 卡比/杂兵1; template: 杂兵；BWIKI table: 杂兵；WiKirby page: Blish,100,True,False
character:blizzard-guard,character,盾甲守卫,Blizzard Guard,ブリザガード,寒冰守卫/燃烧守卫！,Sizzle Guard,,official_reused,bwiki-infobox | bwiki-table,BWIKI page: 星之卡比 新星同盟/杂兵; template: 杂兵；BWIKI table: 杂兵,100,True,False
character:block-waddle-dee,character,方块瓦豆鲁迪,Block Waddle Dee,ブロックワドルディ,,Star Block Waddle Dee,,official_reused,bwiki-infobox | bwiki-table | catalog-profiles | wikirby-names,BWIKI page: 瓦豆鲁迪/种类; template: 杂兵；BWIKI vertical name table: 集合！ 卡比/中魔王；WiKirby page: Block Waddle Dee,100,True,False
character:blockbot,character,诺博特,Blockbot,ノボット,諾博特,,,official,bwiki-infobox | bwiki-table | catalog-profiles | wikirby-names,BWIKI page: 滚滚卡比/杂兵; template: 杂兵；BWIKI table: 杂兵；WiKirby page: Blockbot,100,True,False
character:blockin,character,块块,Blockin,ブロックン,,,,official_reused,bwiki-infobox | bwiki-table | catalog-profiles | wikirby-names,BWIKI page: 块块; template: Infobox/敌对角色；BWIKI page: 星之卡比 镜之大迷宫/杂兵; template: 杂兵；BWIKI table: 杂兵；WiKirby page: Blockin,100,True,False
character:blocky,character,大块头,Blocky,ブロッキー,大塊頭,,,official,bwiki-infobox | catalog-profiles | wikirby-names,BWIKI page: 大块头; template: Infobox/敌对角色；WiKirby page: Blocky,100,True,False
character:bloon,character,气球球,Bloon,プクラ,氣球球,,,official,bwiki-infobox | bwiki-table | catalog-profiles | wikirby-names,BWIKI page: 触摸！ 卡比/杂兵; template: 杂兵；BWIKI table: 杂兵；WiKirby page: Bloon,100,True,False
character:blopper,character,洛洛糕,Blopper,ブロッパー,洛洛糕！,,,official_reused,bwiki-infobox | bwiki-table | catalog-profiles | wikirby-names,BWIKI page: 星之卡比/杂兵; template: 杂兵；BWIKI table: 杂兵；WiKirby page: Blopper,100,True,False
character:blowfish,character,鱼弹！,Blowfish,ギョドン,,,,project,bwiki-infobox | catalog-profiles | wikirby-names,BWIKI page: 星之卡比64/杂兵; template: 杂兵；WiKirby page: Blowfish,100,True,False
character:blucko,character,方块,Blucko,ブロストン,,,,official_reused,bwiki-infobox | bwiki-table | catalog-profiles | wikirby-names,BWIKI page: 集合！ 卡比/杂兵2; template: 杂兵；BWIKI table: 杂兵；WiKirby page: Blucko,100,True,False
character:bo,character,啵！,Bo,ボウ,,,,project,bwiki-infobox | catalog-profiles | wikirby-names,BWIKI page: 星之卡比64/杂兵; template: 杂兵；WiKirby page: Bo,100,True,False
character:bobber-clod,character,泳圈独眼怪,Bobber Clod,ウキワサスゾー,,,,official_reused,bwiki-infobox | catalog-profiles | wikirby-names,BWIKI page: 毛线卡比/杂兵2; template: 杂兵；WiKirby page: Bobber Clod,100,True,False
character:bobin,character,啵滨鱼,Bobin,ボビン,啵滨鱼！,,,official_reused,bwiki-infobox | bwiki-table | catalog-profiles | wikirby-names,BWIKI page: 星之卡比3/杂兵; template: 杂兵；BWIKI table: 杂兵；WiKirby page: Bobin,100,True,False
character:bobo,character,燃烧波波,Bobo,ボボ,,,,official_reused,bwiki-infobox | bwiki-table | catalog-profiles | wikirby-names,BWIKI page: 燃烧波波; template: Infobox/敌对角色；BWIKI table: 杂兵；WiKirby page: Bobo,100,True,False
character:boboo,character,烈焰波蹦,Boboo,ボブー,,,,project,bwiki-infobox | catalog-profiles | wikirby-names,BWIKI page: 烈焰波蹦; template: Infobox/敌对角色；WiKirby page: Boboo,100,True,False
character:bohboh,character,噗噗,Bohboh,ボーボー,波波,Bohboh (Kirby Mass Attack) | Fire Noserunt,,official_reused,bwiki-infobox | bwiki-table | catalog-profiles | wikirby-names,BWIKI page: 波波; template: Infobox/敌对角色；BWIKI page: 集合！ 卡比/杂兵2; template: 杂兵；BWIKI table: 杂兵；WiKirby page: Bohboh；WiKirby page: Bohboh (Kirby Mass Attack),100,True,False
character:boinger,character,啵哟,Boinger,ボヨン,,,,official_reused,bwiki-infobox | catalog-profiles | wikirby-names,BWIKI page: 毛线卡比/杂兵2; template: 杂兵；WiKirby page: Boinger,100,True,False
character:bolum,character,爆破弹！,Bolum,ボルム,沃尔姆,Volm,,official_reused,bwiki-infobox | bwiki-table | catalog-profiles | wikirby-names,BWIKI page: 星之卡比 机器博博星球/杂兵; template: 杂兵；BWIKI page: 沃尔姆; template: Infobox/敌对角色；BWIKI table: 杂兵；WiKirby page: Bolum,100,True,False
character:bomb-machine,character,炸弹机,Bomb Machine,ボムロボット,炸弹机！,BombMachine,,official_reused,bwiki-infobox | bwiki-table | catalog-profiles | wikirby-names,BWIKI page: 星之卡比 Wii/杂兵; template: 杂兵；BWIKI table: 杂兵；WiKirby 页面没有可解析的多语言名称表,100,True,False
character:bombar,character,轰炸机,Bombar,エアロスター,,,,project,bwiki-infobox | catalog-profiles | wikirby-names,BWIKI page: 轰炸机; template: Infobox/敌对角色；WiKirby page: Bombar,100,True,False
character:bomber,character,漫步大炸弹,Bomber,ボンバー,漫步大炸彈,,,official,bwiki-infobox | bwiki-table | catalog-profiles | wikirby-names,BWIKI page: 漫步大炸弹; template: Infobox/敌对角色；BWIKI table: 杂兵；WiKirby page: Bomber,100,True,False
character:bombot,character,炸弹机器人,Bombot,ボムボット,,,,official_reused,bwiki-table,BWIKI table: 杂兵,100,True,False
character:bombpeller,character,螺旋桨炸弹,Bombpeller,ボムペラー,,,,official_reused,bwiki-infobox | bwiki-table | catalog-profiles | wikirby-names,BWIKI page: 集合！ 卡比/杂兵3; template: 杂兵；BWIKI table: 杂兵；WiKirby page: Bombpeller,100,True,False
character:bombzway,character,炸弹兹怀,Bombzway,ラッカス,,,,official_reused,bwiki-infobox | catalog-profiles | wikirby-names,BWIKI page: 触摸！ 卡比 超级彩虹/杂兵; template: 杂兵；WiKirby page: Bombzway,100,True,False
character:bonehead,character,头骨鸟！,Bonehead,シャレバード,,,,project,bwiki-infobox | catalog-profiles | wikirby-names,BWIKI page: 星之卡比64/杂兵; template: 杂兵；WiKirby page: Bonehead,100,True,False
character:bonkers,character,锤星猩,Bonkers,ボンカース,錘星猩 | 锤星猩EX,Bonkers EX,,official,bwiki-infobox | catalog-forms | catalog-profiles | wikirby-names,BWIKI page: 锤星猩; template: Infobox/敌对角色；WiKirby page: Bonkers,100,True,False
character:booler,character,布拉幽灵,Booler,ブーラー,布拉幽灵！,,,official_reused,bwiki-infobox | bwiki-table | catalog-profiles | wikirby-names,BWIKI page: 布拉幽灵; template: Infobox/敌对角色；BWIKI page: 星之卡比/杂兵; template: 杂兵；BWIKI table: 杂兵；WiKirby page: Booler,100,True,False
character:boomer,character,布莫,Boomer,ブーマー,布莫！,,,official_reused,bwiki-infobox | bwiki-table | catalog-profiles | wikirby-names,BWIKI page: 星之卡比/杂兵; template: 杂兵；BWIKI table: 杂兵；WiKirby page: Boomer,100,True,False
character:boss-battles,character,首领战,Boss Battles,ボス戦,星之卡比 Wii 豪华版 首领战 | 星之卡比 Wii 首领战 | 星之卡比 三重豪华版 首领战 | 星之卡比 探索发现 首领战 | 星之卡比 新星同盟 首领战 | 星之卡比 机器人星球 首领战 | 首领战 DIS | 首领战 RBP | 首领战 STA | 首领战 TDX | 首领战 WII | 首领战 WIIDX | 首领战（星之卡比 Wii 豪华版） | 首领战（星之卡比 Wii） | 首领战（星之卡比 三重豪华版） | 首领战（星之卡比 探索发现） | 首领战（星之卡比 新星同盟） | 首领战（星之卡比 机器人星球）,Boss Battles (Kirby and the Forgotten Land) | Boss Battles (Kirby Star Allies) | Boss Battles (Kirby's Return to Dream Land Deluxe) | Boss Battles (Kirby's Return to Dream Land) | Boss Battles (Kirby: Planet Robobot) | Boss Battles (Kirby: Triple Deluxe) | Boss Battles DIS | Boss Battles RBP | Boss Battles STA | Boss Battles TDX | Boss Battles WII | Boss Battles WIIDX | Kirby and the Forgotten Land Boss Battles | Kirby Star Allies Boss Battles | Kirby's Return to Dream Land Boss Battles | Kirby's Return to Dream Land Deluxe Boss Battles | Kirby: Planet Robobot Boss Battles | Kirby: Triple Deluxe Boss Battles | 星之卡比 Wii 豪华版 首领战 | 星之卡比 Wii 首领战 | 首领战 DIS | 首领战 RBP | 首领战 STA | 首领战 TDX | 首领战 WII | 首领战 WIIDX,ボス戦(Dis-Z) | ボス戦(RBP) | ボス戦(STA) | ボス戦(TDX) | ボス戦(Wii) | ボス戦(WiiDX),project,shinkaku-page-names,真格速查 #116；真格速查 #171；真格速查 #217；真格速查 #272；真格速查 #33；真格速查 #76,150,True,False
character:boss-theme,character,Boss Theme,Boss Theme,ボスのテーマ,,,,unchanged,bwiki-infobox,BWIKI page: 魔王战主题; template: Infobox/音乐,100,True,False
character:boten,character,多刺仙人掌,Boten,ボテン,多刺仙人掌！,,,official_reused,bwiki-infobox | bwiki-table | catalog-profiles | wikirby-names,BWIKI page: 星之卡比3/杂兵; template: 杂兵；BWIKI table: 杂兵；WiKirby page: Boten,100,True,False
character:boulder,character,滚石,Boulder,,,,,official_reused,bwiki-infobox | catalog-profiles | wikirby-names,BWIKI page: 滚球; template: 道具；WiKirby 页面没有可解析的多语言名称表,100,True,False
character:bouncing-boss-battle,character,Bouncing Boss Battle,Bouncing Boss Battle,とびだせ! 奥へ手前へボスバトル,,,,unchanged,bwiki-infobox,BWIKI page: 动起来吧！四面八方的魔王决战; template: Infobox/音乐,100,True,False
character:bouncy,character,弹跳蝴蝶结,Bouncy,バウンシー,哈鲁炕德弹跳蝴蝶结！ | 哈鲁炕德拉弹跳蝴蝶结 | 哈鲁炕德拉邦西 | 彈跳蝴蝶結 | 结晶化弹跳蝴蝶结,Crystal Bouncy | Halcandra Bouncy | HalcandraBouncy,ハルカンバウンシー,official,bwiki-infobox | bwiki-table | catalog-forms | catalog-profiles | wikirby-names,BWIKI page: 弹跳蝴蝶结; template: Infobox/敌对角色；BWIKI page: 星之卡比 Wii/杂兵; template: 杂兵；BWIKI table: 杂兵；WiKirby page: Bouncy,100,True,False
character:bouncy-sis,character,邦西姐姐,Bouncy Sis,シスターバウンド,,,,official_reused,bwiki-infobox | bwiki-table | catalog-profiles | wikirby-names,BWIKI page: 邦西姐姐; template: Infobox/敌对角色；BWIKI table: 杂兵；WiKirby page: Bouncy Sis,100,True,False
character:bounder,character,邦德,Bounder,バウンダー,,,,official_reused,bwiki-infobox | bwiki-table | catalog-profiles | wikirby-names,BWIKI page: 邦德; template: Infobox/敌对角色；BWIKI table: 杂兵；WiKirby page: Bounder,100,True,False
character:bow-waddle-dee,character,弓箭手瓦豆鲁迪,Bow Waddle Dee,ユミワドルディ,,,,official_reused,bwiki-infobox,BWIKI page: 毛线卡比/杂兵1; template: 杂兵,100,True,False
character:bowby,character,哈鲁炕德拉鲍比,Bowby,ボビー,哈鲁炕德弓比！ | 哈鲁炕德拉弓比 | 弓比 | 弯弓怪！,Halcandra Bowby | HalcandraBowby,ハルカンボビー,official,bwiki-infobox | bwiki-table | catalog-forms | catalog-profiles | wikirby-names,BWIKI page: 弓比; template: Infobox/敌对角色；BWIKI page: 星之卡比 Wii/杂兵; template: 杂兵；BWIKI table: 杂兵；WiKirby page: Bowby,100,True,False
character:box-boxer,character,斗士狗,Box Boxer,バウファイター,,,,project,bwiki-infobox | catalog-profiles | wikirby-names,BWIKI page: 斗士狗; template: Infobox/敌对角色；WiKirby page: Box Boxer,100,True,False
character:boxin,character,狄姿,Boxin,デッシー,,,,official_reused,bwiki-infobox | bwiki-table | catalog-profiles | wikirby-names,BWIKI page: 星之卡比 镜之大迷宫/杂兵; template: 杂兵；BWIKI page: 狄姿; template: Infobox/敌对角色；BWIKI table: 杂兵；WiKirby page: Boxin,100,True,False
character:boxy,character,方正礼盒,Boxy,ボクシィ,,,,project,bwiki-infobox | catalog-profiles | wikirby-names,BWIKI page: 方正礼盒; template: Infobox/敌对角色；WiKirby page: Boxy,100,True,False
character:brobo,character,博罗博,Brobo,ブロボ,,,,project,bwiki-infobox | catalog-profiles | wikirby-names,BWIKI page: 博罗博; template: Infobox/敌对角色；WiKirby page: Brobo,100,True,False
character:bronto-burt,character,飞翅球球,Bronto Burt,ブロントバート,哈鲁炕德拉球球 | 哈鲁炕德拉飞翅球球 | 哈鲁炕德球球！ | 塞昆托球球 | 塞昆托球球！ | 飛翅球球,Halcandra Bronto Burt | HalcandraBrontoBurt | Sectra Burt | 英：Bronto Burt,セクトラナイト | ハルカントバート | 日：ブロントバート,official,bwiki-infobox | bwiki-table | catalog-forms | catalog-profiles | wikirby-names,BWIKI page: 哈鲁炕德拉球球; template: Infobox/敌对角色；BWIKI page: 星之卡比 Wii/杂兵; template: 杂兵；BWIKI page: 星之卡比 三重豪华/杂兵; template: 杂兵；BWIKI page: 飞翅球球; template: Infobox/敌对角色；BWIKI table: 卡比的驭天飞行；BWIKI table: 杂兵；WiKirby page: Bronto Burt,100,True,False
character:bronto-knight,character,飞翅骑士,Bronto Knight,ナイトブロント,,,,official_reused,bwiki-infobox | catalog-profiles | wikirby-names,BWIKI page: 触摸！ 卡比 超级彩虹/杂兵; template: 杂兵；WiKirby page: Bronto Knight,100,True,False
character:broom-hatter,character,魔扫把,Broom Hatter,ブルームハッター,魔掃把,英：Broom Hatter,日：ブルームハッター,official,bwiki-table | catalog-profiles | wikirby-names,BWIKI table: 卡比的驭天飞行；BWIKI table: 杂兵；WiKirby page: Broom Hatter,100,True,False
character:broom-king,character,Broom King,Broom King,ホウキング,,,,unchanged,catalog-profiles | wikirby-names,WiKirby page: Broom King,100,True,False
character:bubble-head,character,泡泡头,Bubble Head,バブルヘッド,,,,official_reused,bwiki-infobox | bwiki-table | catalog-profiles | wikirby-names,BWIKI page: 星之卡比 怪盗洛切团登场！/杂兵; template: 杂兵；BWIKI table: 杂兵；WiKirby page: Bubble Head,100,True,False
character:bubbles,character,泡泡球,Bubbles,バブルス,,,,official_reused,bwiki-infobox | bwiki-table | catalog-profiles | wikirby-names,BWIKI page: 泡泡球; template: Infobox/敌对角色；BWIKI table: 杂兵；WiKirby page: Bubbles,100,True,False
character:buboo,character,泡泡蟹,Buboo,バブー,,,,project,bwiki-infobox | catalog-profiles | wikirby-names,BWIKI page: 泡泡蟹; template: Infobox/敌对角色；WiKirby page: Buboo,100,True,False
character:buffahorn,character,巴伐尔牛角,Buffahorn,バッファルホーン,巴伐爾牛角,,,official,bwiki-infobox | bwiki-table | catalog-profiles | wikirby-names,BWIKI page: 星之卡比 探索发现/杂兵; template: 杂兵；BWIKI table: 杂兵；WiKirby page: Buffahorn,100,True,False
character:bugzzy,character,锹形大甲虫,Bugzzy,バグジー,鍬形大甲蟲,,,official,bwiki-infobox | catalog-profiles | wikirby-names,BWIKI page: 锹形大甲虫; template: Infobox/敌对角色；WiKirby page: Bugzzy,100,True,False
character:bugzzy-jr,character,小甲虫,Bugzzy Jr.,テントウムシ,小甲虫！,,,official_reused,bwiki-infobox | bwiki-table,BWIKI page: 星之卡比 超级豪华版/杂兵; template: 杂兵；BWIKI table: 杂兵,100,True,False
character:bukiset,character,武器选择怪,Bukiset,ブキセット,武器选择怪！,,,official_reused,bwiki-infobox | bwiki-table | catalog-profiles | wikirby-names,BWIKI page: 星之卡比3/杂兵; template: 杂兵；BWIKI table: 杂兵；WiKirby page: Bukiset,100,True,False
character:bulby,character,球茎怪,Bulby,バルビィ,球茎怪！,,,official_reused,bwiki-infobox | bwiki-table | catalog-profiles | wikirby-names,BWIKI page: 星之卡比 Wii/杂兵; template: 杂兵；BWIKI table: 杂兵；WiKirby page: Bulby,100,True,False
character:bumber,character,落落伞！,Bumber,ラッカ,,,,project,bwiki-infobox | catalog-profiles | wikirby-names,BWIKI page: 星之卡比64/杂兵1; template: 杂兵；WiKirby page: Bumber,100,True,False
character:bun,character,投掷兔,Bun,エイブン,,,,official_reused,bwiki-infobox | bwiki-table | catalog-profiles | wikirby-names,BWIKI page: 星之卡比 怪盗洛切团登场！/杂兵; template: 杂兵；BWIKI table: 杂兵；WiKirby page: Bun,100,True,False
character:burnbon,character,喷火喵,Burnbon,バーニャン,噴火喵,,,official,bwiki-infobox | catalog-profiles | wikirby-names,BWIKI page: 卡比的驭天飞行/杂兵; template: 杂兵；WiKirby page: Burnbon,100,True,False
character:burner-box,character,Burner Box,Burner Box,バーナーボックス,,,,unchanged,wikirby-names,WiKirby page: Burner Box,100,True,False
character:burner-guardian,character,喷火眼镜蛇！,Burner Guardian,,,,,project,bwiki-infobox | catalog-profiles | wikirby-names,BWIKI page: 星之卡比 三重豪华/杂兵; template: 杂兵；WiKirby 页面没有可解析的多语言名称表,100,True,False
character:burning-leo,character,燃烧鬃冠,Burning Leo,バーニンレオ,燃燒鬃冠,Burnin' Leo,,official,bwiki-infobox | bwiki-table | catalog-profiles | wikirby-names,BWIKI page: 燃烧鬃冠; template: Infobox/敌对角色；BWIKI table: 杂兵；WiKirby page: Burning Leo,100,True,False
character:burnis,character,火球鸟！,Burnis,バーニス,,,,project,bwiki-infobox | catalog-profiles | wikirby-names,BWIKI page: 星之卡比64/杂兵1; template: 杂兵；WiKirby page: Burnis,100,True,False
character:buster,character,坚坚擎,Buster,ガッチン,,,,official_reused,bwiki-table | catalog-profiles | wikirby-names,BWIKI vertical name table: 毛线卡比/NPC；WiKirby page: Buster,100,True,False
character:butch,character,斧头武士,Butch,バッツ,斧头武士！,,,official_reused,bwiki-infobox | bwiki-table | catalog-profiles | wikirby-names,BWIKI page: 星之卡比2/杂兵; template: 杂兵；BWIKI table: 杂兵；WiKirby page: Butch,100,True,False
character:buttercup,character,Buttercup,Buttercup,サト,,,,unchanged,catalog-profiles | wikirby-names,WiKirby page: Buttercup,100,True,False
character:butterfly,character,Butterfly,Butterfly,,,,,unchanged,catalog-profiles | wikirby-names,WiKirby 页面没有可解析的多语言名称表,100,True,False
character:buttonbee,character,纽扣蜂,Buttonbee,ブンブン,,,,official_reused,bwiki-infobox | catalog-profiles | wikirby-names,BWIKI page: 毛线卡比/杂兵1; template: 杂兵；WiKirby page: Buttonbee,100,True,False
character:buttonbug,character,纽扣虫,Buttonbug,アカブンブン,,,,official_reused,bwiki-infobox | catalog-profiles | wikirby-names,BWIKI page: 毛线卡比/杂兵2; template: 杂兵；WiKirby page: Buttonbug,100,True,False
character:buttonfly,character,纽扣蝶,Buttonfly,ミドブンブン,,,,official_reused,bwiki-infobox | catalog-profiles | wikirby-names,BWIKI page: 毛线卡比/杂兵1; template: 杂兵；WiKirby page: Buttonfly,100,True,False
character:buufuu,character,噗呼,Buufuu,ブーフー,,Skullig,,official_reused,bwiki-infobox | bwiki-table | catalog-profiles | wikirby-names,BWIKI page: 集合！ 卡比/杂兵3; template: 杂兵；BWIKI table: 杂兵；WiKirby page: Buufuu,100,True,False
character:buzzybat,character,嗡嗡蝙蝠,Buzzybat,バズバット,,,,official_reused,bwiki-table | catalog-profiles | wikirby-names,BWIKI vertical name table: 集合！ 卡比/中魔王；WiKirby page: Buzzybat,100,True,False
character:bzztbulb,character,哔哩电灯泡,Bzztbulb,ビリバルブ,,,,official_reused,bwiki-infobox | catalog-profiles | wikirby-names,BWIKI page: 触摸！ 卡比 超级彩虹/杂兵; template: 杂兵；WiKirby page: Bzztbulb,100,True,False
character:c-o-g-s,character,C.O.G.S.,C.O.G.S.,ンギュア基地,,,,unchanged,bwiki-infobox | catalog-profiles | wikirby-names,BWIKI page: C.O.G.S.; template: Infobox/敌对角色；WiKirby page: C.O.G.S.,100,True,False
character:c-o-g-s-core-kabula,character,C.O.G.S.基地&核心卡布拉,C.O.G.S. & Core Kabula,ンギュア基地&コア･カブーラー,C.O.G.S.基地&核心卡布拉 RBP | C.O.G.S.基地&核心卡布拉（星之卡比 机器人星球） | 星之卡比 机器人星球 C.O.G.S.基地&核心卡布拉,C.O.G.S. & Core Kabula (Kirby: Planet Robobot) | C.O.G.S. & Core Kabula RBP | C.O.G.S.基地&核心卡布拉 RBP | Kirby: Planet Robobot C.O.G.S. & Core Kabula | 星之卡比 机器人星球 C.O.G.S.基地&核心卡布拉,,project,shinkaku-page-names,真格速查 #123,150,True,False
character:cackling-painting,character,绘画画框,Cackling Painting,ケタケタ絵画,,Painting,,official_reused,bwiki-table | catalog-profiles | wikirby-names,BWIKI table: 杂兵；WiKirby page: Cackling Painting,100,True,False
character:caf-manager-waddle-dee,character,咖啡店长瓦豆鲁迪,Café-Manager Waddle Dee,カフェ店長ワドルディ,咖啡店長瓦豆魯迪,,,official,bwiki-infobox | catalog-profiles | wikirby-names,BWIKI page: 瓦豆鲁迪/种类; template: 杂兵；WiKirby page: Café-Manager Waddle Dee,100,True,False
character:caf-staff-waddle-dee,character,咖啡店员瓦豆鲁迪,Café-Staff Waddle Dee,カフェ店員ワドルディ,咖啡店員瓦豆魯迪,,カフェ店员ワドルディ,official,bwiki-infobox | catalog-profiles | wikirby-names,BWIKI page: 瓦豆鲁迪/种类; template: 杂兵；WiKirby page: Café-Staff Waddle Dee,100,True,False
character:cairn,character,跳跳石！,Cairn,ゴロピョン,,,,project,bwiki-infobox | catalog-profiles | wikirby-names,BWIKI page: 星之卡比64/杂兵1; template: 杂兵；WiKirby page: Cairn,100,True,False
character:calderon,character,小火山,Calderon,ヨーガンス,,,,official_reused,bwiki-infobox | catalog-profiles | wikirby-names,BWIKI page: 毛线卡比/杂兵1; template: 杂兵；WiKirby page: Calderon,100,True,False
character:caller,character,唤唤,Caller,カーラー,喚喚,英：Caller,日：カーラー,official,bwiki-infobox | bwiki-table | catalog-profiles | wikirby-names,BWIKI page: 卡比的驭天飞行/杂兵; template: 杂兵；BWIKI table: 卡比的驭天飞行；BWIKI table: 杂兵；WiKirby page: Caller,100,True,False
character:camera-waddle-dee,character,摄影瓦豆鲁迪,Camera Waddle Dee,カメラワドルディ,,,,official_reused,bwiki-infobox,BWIKI page: 瓦豆鲁迪/种类; template: 杂兵,100,True,False
character:candlemander,character,烛火蝾螈,Candlemander,キャンドラー,,,,official_reused,bwiki-infobox | catalog-profiles | wikirby-names,BWIKI page: 毛线卡比/杂兵1; template: 杂兵；WiKirby page: Candlemander,100,True,False
character:cannon-cotta,character,陶土大炮,Cannon Cotta,キャノンコッタ,,,,official_reused,bwiki-infobox | catalog-profiles | wikirby-names,BWIKI page: 触摸！ 卡比 超级彩虹/杂兵; template: 杂兵；WiKirby page: Cannon Cotta,100,True,False
character:cannon-mariner,character,炮海兵,Cannon Mariner,ホーカイヘー,,,,official_reused,bwiki-infobox,BWIKI page: 毛线卡比/杂兵2; template: 杂兵,100,True,False
character:cannon-soldier,character,炮兵,Cannon Soldier,ホーヘー,,,,official_reused,bwiki-infobox,BWIKI page: 毛线卡比/杂兵2; template: 杂兵,100,True,False
character:cannon-tower,character,大炮塔,Cannon tower,キャノンタワー,大炮塔！,,,official_reused,bwiki-infobox | bwiki-table | catalog-profiles | wikirby-names,BWIKI page: 星之卡比 三重豪华/杂兵; template: 杂兵；BWIKI table: 杂兵；WiKirby page: Cannon tower,100,True,False
character:capamari,character,墨汁章鱼,Capamari,イカスタコス,,,,project,bwiki-infobox | catalog-profiles | wikirby-names,BWIKI page: 墨汁章鱼; template: Infobox/敌对角色；WiKirby page: Capamari,100,True,False
character:capiller,character,毛毛虫,Capiller,ケムシ,毛毛蟲,Bug,けむし,official,bwiki-infobox | bwiki-table | catalog-profiles | wikirby-names,BWIKI page: 毛毛虫; template: Infobox/敌对角色；BWIKI table: 杂兵；WiKirby page: Capiller,100,True,False
character:cappy,character,蘑菇怪,Cappy,キャピィ,,Cappy (anime) | 英：Cappy,日：キャピィ,official,bwiki-infobox | bwiki-table | catalog-profiles | wikirby-names,BWIKI page: 蘑菇怪; template: Infobox/敌对角色；BWIKI table: 卡比的驭天飞行；BWIKI table: 杂兵；WiKirby page: Cappy；WiKirby page: Cappy (anime),100,True,False
character:capsule-j2,character,卡普索 J3！,Capsule J2,カプセルＪ２,卡普索 J | 卡普索 J2 | 卡普索 J3,Capsule J | Capsule J3,カプセルJ | カプセルJ2 | カプセルJ3 | カプセルＪ | カプセルＪ３,official_reused,bwiki-infobox | bwiki-table | catalog-profiles | wikirby-names,BWIKI page: 卡普索 J2; template: Infobox/敌对角色；BWIKI page: 卡普索 J; template: Infobox/敌对角色；BWIKI page: 星之卡比 机器博博星球/杂兵; template: 杂兵；BWIKI table: 杂兵；WiKirby page: Capsule J；WiKirby page: Capsule J2；WiKirby page: Capsule J3,100,True,False
character:capsule-j2-f30b37d1,character,Capsule J2,Capsule J2,,,,,unchanged,catalog-profiles,,100,True,False
character:capsule-j3,character,Capsule J3,Capsule J3,,,,,unchanged,catalog-profiles,,100,True,False
character:captain-stitch,character,针队长,Captain Stitch,キャプテンステッチ,,,,project,bwiki-infobox | catalog-profiles | wikirby-names,BWIKI page: 针队长; template: Infobox/敌对角色；WiKirby page: Captain Stitch,100,True,False
character:captain-vul,character,Captain Vul,Captain Vul,バル艦長,,,,unchanged,bwiki-infobox | catalog-profiles | wikirby-names,BWIKI page: 巴鲁舰长; template: Infobox/角色；WiKirby page: Captain Vul,100,True,False
character:captain-waddle-doo,character,Captain Waddle Doo,Captain Waddle Doo,,,,,unchanged,catalog-profiles | wikirby-names,WiKirby 页面没有可解析的多语言名称表,100,True,False
character:caramelo,character,卡拉梅洛,Caramelo,カラメロ,,Caramello | Donbe & Hikari,どんべ&ひかり,official_reused,bwiki-table | catalog-profiles | wikirby-names,BWIKI vertical name table: 需要帮助的NPC（星之卡比3）；WiKirby page: Caramelo,100,True,False
character:carpa,character,卡帕鲤鱼,Carpa,カルッパ,,,,official_reused,bwiki-infobox | catalog-profiles | wikirby-names,BWIKI page: 触摸！ 卡比 超级彩虹/杂兵; template: 杂兵；WiKirby page: Carpa,100,True,False
character:carrie,character,运运隆,Carrie,コロン,,Cron,,official_reused,bwiki-table | catalog-profiles | wikirby-names,BWIKI vertical name table: 毛线卡比/NPC；WiKirby page: Carrie；WiKirby page: Cron,100,True,False
character:cart-waddle-dee,character,矿车瓦豆鲁迪,Cart Waddle Dee,トロッコワドルディ,,,,official_reused,bwiki-infobox,BWIKI page: 瓦豆鲁迪/种类; template: 杂兵,100,True,False
character:cawcun,character,考坎鹈鹕,Cawcun,カウカン,考坎鹈鹕！,,,official_reused,bwiki-infobox | bwiki-table | catalog-profiles | wikirby-names,BWIKI page: 星之卡比/杂兵; template: 杂兵；BWIKI page: 考坎鹈鹕; template: Infobox/敌对角色；BWIKI table: 杂兵；WiKirby page: Cawcun,100,True,False
character:cerulean,character,蔚蓝鱼,Cerulean,セルリアン,蔚蓝鱼！,,,official_reused,bwiki-infobox | bwiki-table | catalog-profiles | wikirby-names,BWIKI page: 星之卡比 Wii/杂兵; template: 杂兵；BWIKI page: 蔚蓝鱼; template: Infobox/敌对角色；BWIKI table: 杂兵；WiKirby page: Cerulean,100,True,False
character:cfb225a2a0a8b8ad,character,滚动的100/1000个瓦豆鲁迪！,,ころがるワドルディ,,,,project,bwiki-infobox,BWIKI page: 星之卡比 新星同盟/杂兵; template: 杂兵,100,True,False
character:chacha,character,欢呼小子！,Chacha,ビバコ,,,,project,bwiki-infobox | catalog-profiles | wikirby-names,BWIKI page: 星之卡比64/杂兵; template: 杂兵；WiKirby page: Chacha,100,True,False
character:chain-flamer,character,Chain Flamer,Chain Flamer,,,,,unchanged,catalog-profiles | wikirby-names,WiKirby 页面没有可解析的多语言名称表,100,True,False
character:chaise-woole,character,毛装修,Chaise Woole,カーグ・ウール,,,,official_reused,bwiki-table | catalog-profiles | wikirby-names,BWIKI vertical name table: 毛线卡比/NPC；WiKirby page: Chaise Woole,100,True,False
character:chaos-elfilis-ex,character,魂沌新物种 混沌·艾菲里斯 EX,Chaos Elfilis EX,カオス・エフィリス(EX),星之卡比 探索发现 魂沌新物种 混沌·艾菲里斯 EX | 魂沌新物种 混沌·艾菲里斯 EX DIS | 魂沌新物种 混沌·艾菲里斯 EX（星之卡比 探索发现）,Chaos Elfilis EX (Kirby and the Forgotten Land) | Chaos Elfilis EX DIS | Kirby and the Forgotten Land Chaos Elfilis EX | 星之卡比 探索发现 魂沌新物种 混沌·艾菲里斯 EX | 魂沌新物种 混沌·艾菲里斯 EX DIS,,official,shinkaku-page-names,真格速查 #242,150,True,False
character:character-treat,character,角色点心,Character Treat,キャラおかし,,,,official_reused,bwiki-infobox,BWIKI page: 角色点心; template: Infobox/道具,100,True,False
character:chef-kawasaki-anime-character,character,厨师川崎,Chef Kawasaki (anime character),コックカワサキ,厨师川崎 STA | 厨师川崎（星之卡比 新星同盟） | 廚師川崎 | 星之卡比 新星同盟 厨师川崎,Chef Kawasaki | Chef Kawasaki (Kirby Star Allies) | Chef Kawasaki (novel character) | Chef Kawasaki STA | Kirby Star Allies Chef Kawasaki | 厨师川崎 STA,コックカワサキ(STA),official,bwiki-infobox | bwiki-table | catalog-profiles | shinkaku-page-names | wikirby-names,BWIKI page: 厨师川崎; template: Infobox/敌对角色；BWIKI vertical name table: 需要帮助的NPC（星之卡比3）；WiKirby page: Chef Kawasaki；WiKirby 页面没有可解析的多语言名称表；真格速查 #157,150,True,False
character:chef-nagoya,character,Chef Nagoya,Chef Nagoya,コックナゴヤ,,,,unchanged,catalog-profiles | wikirby-names,WiKirby page: Chef Nagoya,100,True,False
character:chef-shiitake,character,厨师大阪,Chef Shiitake,コックオオサカ,,,,official_reused,bwiki-table | catalog-profiles | wikirby-names,BWIKI table: 杂兵；WiKirby page: Chef Shiitake,100,True,False
character:chemitory,character,化学胶囊,Chemitory,ケミトリィ,,,,official_reused,bwiki-infobox | bwiki-table | catalog-profiles | wikirby-names,BWIKI page: 化学胶囊; template: Infobox/敌对角色；BWIKI table: 杂兵；WiKirby page: Chemitory,100,True,False
character:chick,character,Chick,Chick,ヒヨコ,,Chick (Kirby's Pinball Land),,unchanged,catalog-profiles | wikirby-names,WiKirby page: Chick (Kirby's Pinball Land),100,True,False
character:chief-bookem,character,Chief Bookem,Chief Bookem,ボルン署長,,,,unchanged,catalog-profiles | wikirby-names,WiKirby page: Chief Bookem,100,True,False
character:child-ship,character,Child Ship,Child Ship,こどもシップ,,,,unchanged,catalog-profiles | wikirby-names,WiKirby page: Child Ship,100,True,False
character:chilly,character,粗眉雪人,Chilly,チリー,,英：Chilly,日：チリー,official,bwiki-infobox | bwiki-table | catalog-profiles | wikirby-names,BWIKI page: 粗眉雪人; template: Infobox/敌对角色；BWIKI table: 卡比的驭天飞行；BWIKI table: 杂兵；WiKirby page: Chilly,100,True,False
character:chimera-dinosaurs,character,Chimera Dinosaurs,Chimera Dinosaurs,キメラ恐竜,,,,unchanged,catalog-profiles | wikirby-names,WiKirby page: Chimera Dinosaurs,100,True,False
character:chippurus,character,大奇普！,Chippurus,チップルス,大奇普,Big Chip,,official_reused,bwiki-infobox | bwiki-table | catalog-profiles | wikirby-names,BWIKI page: 星之卡比 机器博博星球/杂兵; template: 杂兵；BWIKI table: 杂兵；WiKirby page: Chippurus,100,True,False
character:chuchu,character,啾啾,ChuChu,チュチュ,,,,official,bwiki-infobox | catalog-profiles | wikirby-names,BWIKI page: 啾啾; template: Infobox/角色；WiKirby page: ChuChu,100,True,False
character:chuckie,character,吐舌怪,Chuckie,チャッキー,,,,official_reused,bwiki-infobox | bwiki-table | catalog-profiles | wikirby-names,BWIKI page: 吐舌怪; template: Infobox/敌对角色；BWIKI table: 杂兵；WiKirby page: Chuckie,100,True,False
character:clanksprout,character,耸耸突,Clanksprout,ガニョッキ,,,,official_reused,bwiki-infobox | bwiki-table | catalog-profiles | wikirby-names,BWIKI page: 集合！ 卡比/杂兵2; template: 杂兵；BWIKI table: 杂兵；WiKirby page: Clanksprout,100,True,False
character:clanky-woods,character,Clanky Woods,Clanky Woods,ウィスピーボーグ,,,,unchanged,bwiki-infobox | catalog-profiles | wikirby-names,BWIKI page: 机械风语大树; template: Infobox/敌对角色；WiKirby page: Clanky Woods,100,True,False
character:clanky-woods-2-0,character,Re:机械风语大树,Clanky Woods 2.0,Re:ウィスピーボーグ,Re:机械风语大树 RBP | Re:机械风语大树（星之卡比 机器人星球） | 星之卡比 机器人星球 Re:机械风语大树,Clanky Woods 2.0 (Kirby: Planet Robobot) | Clanky Woods 2.0 RBP | Kirby: Planet Robobot Clanky Woods 2.0 | Re:机械风语大树 RBP | 星之卡比 机器人星球 Re:机械风语大树,,project,shinkaku-page-names,真格速查 #117,150,True,False
character:clawroline,character,卡洛凌,Clawroline,キャロライン,,,,official,bwiki-infobox | catalog-profiles | wikirby-names,BWIKI page: 卡洛凌; template: Infobox/敌对角色；WiKirby page: Clawroline,100,True,False
character:clay-ball,character,黏土刺球,Clay Ball,クレイボール,,,,official_reused,bwiki-infobox | catalog-profiles | wikirby-names,BWIKI page: 触摸！ 卡比 超级彩虹/杂兵; template: 杂兵；WiKirby page: Clay Ball,100,True,False
character:claycia,character,黏土西亚,Claycia,クレイシア,黏土西亞,,,official,bwiki-infobox | catalog-profiles | wikirby-names,BWIKI page: 黏土西亚; template: Infobox/敌对角色；WiKirby page: Claycia,100,True,False
character:clayn,character,黏黏怪,Clayn,クレイン,黏黏怪！,,,official_reused,bwiki-infobox | bwiki-table | catalog-profiles | wikirby-names,BWIKI page: 星之卡比 Wii/杂兵; template: 杂兵；BWIKI table: 杂兵；WiKirby page: Clayn,100,True,False
character:clocker,character,黑乌鸦,Clocker,クロッカー,,,,official_reused,bwiki-infobox,BWIKI page: 星之卡比 探索发现/杂兵; template: 杂兵,100,True,False
character:cloud-cannon,character,气球炮台,Cloud Cannon,バルン,气球炮台！,,,official_reused,bwiki-infobox | bwiki-table | catalog-profiles | wikirby-names,BWIKI page: 滚滚卡比/杂兵; template: 杂兵；BWIKI table: 杂兵；WiKirby 页面没有可解析的多语言名称表,100,True,False
character:cloudy,character,Cloudy,Cloudy,クラウディ,,,,unchanged,catalog-profiles | wikirby-names,WiKirby page: Cloudy,100,True,False
character:clown-acrobot,character,杂技小丑,Clown Acrobot,ファニーロバッツ,,,,official_reused,bwiki-infobox | bwiki-table | catalog-profiles | wikirby-names,BWIKI page: 杂技小丑; template: Infobox/敌对角色；BWIKI table: 杂兵；WiKirby page: Clown Acrobot,100,True,False
character:cobgoblin,character,Cobgoblin,Cobgoblin,モロコシー,,,,unchanged,catalog-profiles | wikirby-names,WiKirby page: Cobgoblin,100,True,False
character:coconut,character,Coconut,Coconut,ココナッツ,,Explosive Coconut,,unchanged,bwiki-infobox | catalog-profiles | wikirby-names,BWIKI page: 椰子; template: Infobox/道具；WiKirby page: Coconut,100,True,False
character:coily-rattler,character,环圈响尾蛇,Coily Rattler,トグ・ロ・ガラーガ,,,,project,bwiki-infobox | catalog-profiles | wikirby-names,BWIKI page: 环圈响尾蛇; template: Infobox/敌对角色；WiKirby page: Coily Rattler,100,True,False
character:coily-rattler-dx,character,盘曲响尾蛇 DX,Coily Rattler DX,トグ･ロ･ガラーガDX,星之卡比 三重豪华版 盘曲响尾蛇 DX | 盘曲响尾蛇 DX TDX | 盘曲响尾蛇 DX（星之卡比 三重豪华版）,Coily Rattler DX (Kirby: Triple Deluxe) | Coily Rattler DX TDX | Kirby: Triple Deluxe Coily Rattler DX | 星之卡比 三重豪华版 盘曲响尾蛇 DX | 盘曲响尾蛇 DX TDX,,project,shinkaku-page-names,真格速查 #80,150,True,False
character:coldtzo,character,冰冷炮台,Coldtzo,コルダッツォ,冰冷炮台！,,,official_reused,bwiki-infobox | bwiki-table | catalog-profiles | wikirby-names,BWIKI page: 冰冷炮台; template: Infobox/敌对角色；BWIKI page: 星之卡比 Wii/杂兵; template: 杂兵；BWIKI table: 杂兵；WiKirby page: Coldtzo,100,True,False
character:colossal-driblee,character,大型・噗噜鳗,Colossal Driblee,グラン・プルアンナ,大型・噗嚕鰻,,,official,catalog-profiles | wikirby-names,WiKirby page: Colossal Driblee,100,True,False
character:colossal-hot-head,character,大型・炽热头,Colossal Hot Head,グラン・ホットヘッド,大型・熾熱頭,,,official,catalog-profiles | wikirby-names,WiKirby page: Colossal Hot Head,100,True,False
character:colossal-kabu,character,大型・石像怪,Colossal Kabu,グラン・カブー,,,,official,catalog-profiles | wikirby-names,WiKirby page: Colossal Kabu,100,True,False
character:colossal-spear-waddle-dee,character,大型・枪瓦豆鲁迪,Colossal Spear Waddle Dee,グラン・ヤリワドルディ,大型・槍瓦豆魯迪 | 巨大枪瓦豆鲁迪,,グラン·ヤリワドルディ,official,bwiki-infobox | catalog-profiles | wikirby-names,BWIKI page: 瓦豆鲁迪/种类; template: 杂兵；WiKirby page: Colossal Spear Waddle Dee,100,True,False
character:colossal-waddle-dee,character,巨大瓦豆鲁迪,Colossal Waddle Dee,グラン・ワドルディ,,,グラン·ワドルディ,official_reused,bwiki-infobox | catalog-profiles | wikirby-names,BWIKI page: 瓦豆鲁迪/种类; template: 杂兵；WiKirby page: Colossal Waddle Dee,100,True,False
character:combo-cannon,character,Combo Cannon,Combo Cannon,,,,,unchanged,catalog-profiles | wikirby-names,WiKirby page: Combo Cannon,100,True,False
character:commentator-waddle-dee,character,实况瓦豆鲁迪,Commentator Waddle Dee,じっきょうワドルディ,實況瓦豆魯迪,,,official,bwiki-infobox | catalog-profiles | wikirby-names,BWIKI page: 瓦豆鲁迪/种类; template: 杂兵；WiKirby page: Commentator Waddle Dee,100,True,False
character:como,character,三眼蜘蛛,Como,コモ,,,,official,bwiki-infobox | bwiki-table | catalog-profiles | wikirby-names,BWIKI page: 三眼蜘蛛; template: Infobox/敌对角色；BWIKI table: 杂兵；WiKirby page: Como,100,True,False
character:computer-virus,character,Computer Virus,Computer Virus,バトルウィンドウズ,,,,unchanged,bwiki-infobox | catalog-profiles | wikirby-names,BWIKI page: 电脑病毒; template: Infobox/敌对角色；WiKirby page: Computer Virus,100,True,False
character:con-jr,character,小狐,Con Jr.,コンJr.,,,,official_reused,bwiki-table,BWIKI table: 杂兵,100,True,False
character:coner,character,尖角寄居蟹,Coner,コナー,,,,official_reused,bwiki-infobox | bwiki-table | catalog-profiles | wikirby-names,BWIKI page: 尖角寄居蟹; template: Infobox/敌对角色；BWIKI table: 杂兵；WiKirby page: Coner,100,True,False
character:coo,character,空,Coo,クー,,,,official,bwiki-infobox | catalog-profiles | wikirby-names,BWIKI page: 空; template: Infobox/角色；WiKirby page: Coo,100,True,False
character:cookin,character,料理家,Cookin,コックン,,,,official_reused,bwiki-infobox | bwiki-table | catalog-profiles | wikirby-names,BWIKI page: 星之卡比 镜之大迷宫/杂兵; template: 杂兵；BWIKI table: 杂兵；WiKirby page: Cookin,100,True,False
character:cool-spook,character,酷幽灵,Cool Spook,クールスプーク,,,,official_reused,bwiki-infobox | bwiki-table | catalog-profiles | wikirby-names,BWIKI page: 酷幽灵; template: Infobox/敌对角色；BWIKI table: 杂兵；WiKirby page: Cool Spook,100,True,False
character:copy-ability,character,复制能力,Copy Ability,コピー能力,复制 / 复制能力 | 複製能力,,,official,curated-official-notes | wikirby-names,WiKirby page: Copy Ability；星之卡比官方资料.md / 核心玩法词条,120,True,False
character:corori,character,滚落粒,Corori,コロリ,滾落粒,,,official,bwiki-infobox | bwiki-table | catalog-profiles | wikirby-names,BWIKI page: 星之卡比3/杂兵; template: 杂兵；BWIKI page: 滚落粒; template: Infobox/敌对角色；BWIKI table: 杂兵；WiKirby page: Corori,100,True,False
character:corrupt-hyness,character,暗化海内司,Corrupt Hyness,ダークサイドハイネス,星之卡比 新星同盟 暗化海内司 | 暗化海内司 STA | 暗化海内司（星之卡比 新星同盟） | 闇化海內司,Corrupt Hyness (Kirby Star Allies) | Corrupt Hyness STA | Kirby Star Allies Corrupt Hyness | 暗化海内司 STA,,official,catalog-profiles | shinkaku-page-names | wikirby-names,WiKirby page: Corrupt Hyness；真格速查 #196,150,True,False
character:cotta,character,陶土兵,Cotta,コッタ,,,,official_reused,bwiki-infobox | catalog-profiles | wikirby-names,BWIKI page: 触摸！ 卡比 超级彩虹/杂兵; template: 杂兵；WiKirby page: Cotta,100,True,False
character:cotta-general,character,陶土上将,Cotta General,ジェネラルコッタ,,,,official_reused,bwiki-infobox | catalog-profiles | wikirby-names,BWIKI page: 触摸！ 卡比 超级彩虹/杂兵; template: 杂兵；WiKirby page: Cotta General,100,True,False
character:cotta-knight,character,陶土骑士,Cotta Knight,ナイトコッタ,,,,official_reused,bwiki-infobox | catalog-profiles | wikirby-names,BWIKI page: 触摸！ 卡比 超级彩虹/杂兵; template: 杂兵；WiKirby page: Cotta Knight,100,True,False
character:covered-looker,character,护甲监视者！,Covered Looker,カバード・ルッカー,护甲监视者,,,official_reused,bwiki-infobox | bwiki-table | catalog-profiles | wikirby-names,BWIKI page: 星之卡比 机器博博星球/杂兵; template: 杂兵；BWIKI table: 杂兵；WiKirby page: Covered Looker,100,True,False
character:crabbo,character,蟹鲁,Crabbo,カニル,,,,official_reused,bwiki-infobox | catalog-profiles | wikirby-names,BWIKI page: 触摸！ 卡比 超级彩虹/杂兵; template: 杂兵；WiKirby page: Crabbo,100,True,False
character:craby,character,蟹仔,Craby,クラビィ,,,,official_reused,bwiki-infobox | bwiki-table | catalog-profiles | wikirby-names,BWIKI page: 蟹仔; template: Infobox/敌对角色；BWIKI table: 杂兵；WiKirby page: Craby,100,True,False
character:crap,character,Crap,Crap,クラップ,,,,unchanged,catalog-profiles | wikirby-names,WiKirby page: Crap,100,True,False
character:crazy-hand,character,疯狂之手,Crazy Hand,クレイジーハンド,,,,official_reused,bwiki-infobox,BWIKI page: 疯狂之手; template: Infobox/敌对角色,100,True,False
character:crazy-stactus,character,仙掌人,Crazy Stactus,サテボン,,,,official_reused,bwiki-infobox | bwiki-table | catalog-profiles | wikirby-names,BWIKI page: 集合！ 卡比/杂兵1; template: 杂兵；BWIKI table: 杂兵；WiKirby page: Crazy Stactus,100,True,False
character:cret,character,柯瑞特,Cret,クレット,隐隐云,,,official_reused,bwiki-infobox | bwiki-table | catalog-profiles | wikirby-names,BWIKI page: 星之卡比 怪盗洛切团登场！/杂兵; template: 杂兵；BWIKI table: 杂兵；WiKirby page: Cret,100,True,False
character:crimp,character,克林姆炮手,Crimp,クリンプ,,,,official_reused,bwiki-infobox | bwiki-table | catalog-profiles | wikirby-names,BWIKI page: 星之卡比 怪盗洛切团登场！/杂兵; template: 杂兵；BWIKI table: 杂兵；WiKirby page: Crimp,100,True,False
character:cron,character,Cron,Cron,,,,,unchanged,catalog-profiles,,100,True,False
character:croucars,character,烦扰鸦,Croucars,クロウカース,,,,official_reused,bwiki-infobox | bwiki-table | catalog-profiles | wikirby-names,BWIKI page: 星之卡比 超级豪华版/杂兵; template: 杂兵；BWIKI table: 杂兵；WiKirby page: Croucars,100,True,False
character:crowemon,character,Crowemon,Crowemon,クロウエモン,,,,unchanged,catalog-profiles | wikirby-names,WiKirby page: Crowemon,100,True,False
character:crowned-doomer,character,王冠喽啪,Crowned Doomer,クラウンドローパー,星之卡比 Wii 豪华版 王冠喽啪 | 王冠喽啪 WIIDX | 王冠喽啪（星之卡比 Wii 豪华版） | 王冠嘍啪,Crowned Doomer (Kirby's Return to Dream Land Deluxe) | Crowned Doomer WIIDX | Kirby's Return to Dream Land Deluxe Crowned Doomer | 星之卡比 Wii 豪华版 王冠喽啪 | 王冠喽啪 WIIDX,,official,bwiki-infobox | catalog-profiles | shinkaku-page-names | wikirby-names,BWIKI page: 王冠喽啪; template: Infobox/敌对角色；WiKirby page: Crowned Doomer；真格速查 #287,150,True,False
character:cryball,character,呜呜,Cryball,ウルル,,,,official_reused,bwiki-infobox | bwiki-table | catalog-profiles | wikirby-names,BWIKI page: 集合！ 卡比/杂兵2; template: 杂兵；BWIKI table: 杂兵；WiKirby page: Cryball,100,True,False
character:cupie,character,安尼,Cupie,アニー,,,,official_reused,bwiki-infobox | bwiki-table | catalog-profiles | wikirby-names,BWIKI page: 安尼; template: Infobox/敌对角色；BWIKI page: 星之卡比 镜之大迷宫/杂兵; template: 杂兵；BWIKI table: 杂兵；WiKirby page: Cupie,100,True,False
character:curio,character,Curio,Curio,キュリオ,,Professor Curio,,unchanged,catalog-profiles | wikirby-names,WiKirby page: Professor Curio,100,True,False
character:cutfish,character,千针鱼,Cutfish,ミドワー,,,,official_reused,bwiki-infobox | catalog-profiles | wikirby-names,BWIKI page: 毛线卡比/杂兵2; template: 杂兵；WiKirby page: Cutfish,100,True,False
character:cyclod,character,光头独眼怪,Cyclod,マルゾー,,,,official_reused,bwiki-infobox | catalog-profiles | wikirby-names,BWIKI page: 毛线卡比/杂兵1; template: 杂兵；WiKirby page: Cyclod,100,True,False
character:dakuga,character,毒弹！,Dakuga,ダクーガ,达库加,Dacooga,,official_reused,bwiki-infobox | bwiki-table | catalog-profiles | wikirby-names,BWIKI page: 星之卡比 机器博博星球/杂兵; template: 杂兵；BWIKI page: 达库加; template: Infobox/敌对角色；BWIKI table: 杂兵；WiKirby page: Dakuga,100,True,False
character:dandan,character,弹弹,Dandan,ダンダン,,,,official_reused,bwiki-infobox | catalog-profiles | wikirby-names,BWIKI page: 毛线卡比/杂兵1; template: 杂兵；WiKirby page: Dandan,100,True,False
character:dangerous-bomb,character,Dangerous Bomb,Dangerous Bomb,デンジャラスボム,,,,unchanged,catalog-profiles | wikirby-names,WiKirby page: Dangerous Bomb,100,True,False
character:dangle-sloth,character,摇摆树獭,Dangle Sloth,ダングルスロース,,,,official_reused,bwiki-infobox | catalog-profiles | wikirby-names,BWIKI page: 触摸！ 卡比 超级彩虹/杂兵; template: 杂兵；WiKirby page: Dangle Sloth,100,True,False
character:danglerfish,character,安德拉,Danglerfish,アンドーラ,,,,official_reused,bwiki-infobox | catalog-profiles | wikirby-names,BWIKI page: 毛线卡比/杂兵2; template: 杂兵；WiKirby page: Danglerfish,100,True,False
character:dark-crafter,character,黑暗工匠,Dark Crafter,ダーククラフター,,,,project,bwiki-infobox | catalog-profiles | wikirby-names,BWIKI page: 黑暗工匠; template: Infobox/敌对角色；WiKirby page: Dark Crafter,100,True,False
character:dark-daroach,character,暗怪盗洛切,Dark Daroach,ダークドロッチェ,闇怪盜洛切,,,official,bwiki-infobox | catalog-profiles | wikirby-names,BWIKI page: 暗怪盗洛切; template: Infobox/敌对角色；WiKirby page: Dark Daroach,100,True,False
character:dark-matter,character,暗物质,Dark Matter,ダークマター,邪恶的云 | 邪惡的雲 | 闇物質,Dark Matter (cloud),黒い雲,official,bwiki-infobox | catalog-profiles | wikirby-names,BWIKI page: 暗物质; template: Infobox/敌对角色；WiKirby page: Dark Matter；WiKirby page: Dark Matter (cloud),100,True,False
character:dark-matter-clone,character,复制剑士暗物质,Dark Matter Clone,クローン剣士ダークマター,複製劍士闇物質,,,official,catalog-profiles | wikirby-names,WiKirby page: Dark Matter Clone,100,True,False
character:dark-matter-clone-sectonia-clone,character,克隆剑士暗物质&克隆塞昆托霓雅,Dark Matter Clone & Sectonia Clone,クローン剣士ダークマター&クローンセクトニア,克隆剑士暗物质&克隆塞昆托霓雅 RBP | 克隆剑士暗物质&克隆塞昆托霓雅（星之卡比 机器人星球） | 星之卡比 机器人星球 克隆剑士暗物质&克隆塞昆托霓雅,Dark Matter Clone & Sectonia Clone (Kirby: Planet Robobot) | Dark Matter Clone & Sectonia Clone RBP | Kirby: Planet Robobot Dark Matter Clone & Sectonia Clone | 克隆剑士暗物质&克隆塞昆托霓雅 RBP,,project,shinkaku-page-names,真格速查 #126,150,True,False
character:dark-matter-species,character,Dark Matter (species),Dark Matter (species),ダークマター族,,,,unchanged,bwiki-infobox,BWIKI page: 暗物质族; template: Infobox/敌对角色,100,True,False
character:dark-meta-knight,character,暗魅塔骑士,Dark Meta Knight,ダークメタナイト,星之卡比 新星同盟 暗魅塔骑士 | 暗魅塔骑士 STA | 暗魅塔骑士（星之卡比 新星同盟） | 闇魅塔騎士,Dark Meta Knight (Kirby Star Allies) | Dark Meta Knight STA | Kirby Star Allies Dark Meta Knight | 暗魅塔骑士 STA,ダークメタナイト(STA),official,bwiki-infobox | catalog-profiles | shinkaku-page-names | wikirby-names,BWIKI page: 暗魅塔骑士; template: Infobox/角色；WiKirby page: Dark Meta Knight；真格速查 #165,150,True,False
character:dark-meta-knight-s-revenge,character,暗魅塔骑士复仇战,Dark Meta Knight's Revenge,ダークメタナイト リベンジ,星之卡比 三重豪华版 暗魅塔骑士复仇战 | 暗魅塔骑士复仇战 TDX | 暗魅塔骑士复仇战（星之卡比 三重豪华版）,Dark Meta Knight's Revenge (Kirby: Triple Deluxe) | Dark Meta Knight's Revenge TDX | Kirby: Triple Deluxe Dark Meta Knight's Revenge | 暗魅塔骑士复仇战 TDX,,project,shinkaku-page-names,真格速查 #86,150,True,False
character:dark-mind,character,暗意向,Dark Mind,ダークマインド,,,,official,bwiki-infobox | catalog-profiles | wikirby-names,BWIKI page: 暗意向; template: Infobox/敌对角色；WiKirby page: Dark Mind,100,True,False
character:dark-nebula,character,暗零,Dark Nebula,ダークゼロ,暗零（冰形态） | 暗零（火形态） | 暗零（电形态） | 闇零,Dark Nebula Fire Form | Dark Nebula Ice Form | Dark Nebula Spark Form,,official,bwiki-infobox | catalog-forms | catalog-profiles | wikirby-names,BWIKI page: 暗零; template: Infobox/敌对角色；WiKirby page: Dark Nebula,100,True,False
character:dark-taranza,character,暗塔狼蛛,Dark Taranza,ダークタランザ,闇塔狼蛛,,,official,bwiki-infobox | catalog-profiles | wikirby-names,BWIKI page: 暗塔狼蛛; template: Infobox/敌对角色；WiKirby page: Dark Taranza,100,True,False
character:daroach,character,怪盗洛切,Daroach,ドロッチェ,怪盗洛切 STA | 怪盗洛切（星之卡比 新星同盟） | 怪盜洛切 | 星之卡比 新星同盟 怪盗洛切,Daroach (Kirby Star Allies) | Daroach STA | Kirby Star Allies Daroach | 怪盗洛切 STA,ドロッチェ(STA),official,bwiki-infobox | catalog-profiles | shinkaku-page-names | wikirby-names,BWIKI page: 怪盗洛切; template: Infobox/角色；WiKirby page: Daroach；真格速查 #166,150,True,False
character:darpa,character,啦啪,Darpa,ラーパ,,Doomer,ラパ,official,bwiki-infobox | catalog-profiles | wikirby-names,BWIKI page: 星之卡比 Wii/杂兵; template: 杂兵；BWIKI page: 洛啪; template: Infobox/敌对角色；WiKirby page: Darpa,100,True,False
character:dedede-clone,character,Dedede Clone,Dedede Clone,クローンデデデ,,,,unchanged,bwiki-infobox | catalog-profiles | wikirby-names,BWIKI page: 克隆帝帝帝; template: Infobox/敌对角色；WiKirby page: Dedede Clone,100,True,False
character:dedede-clone-2-0,character,Re:克隆帝帝帝,Dedede Clone 2.0,Re:クローンデデデ,Re:克隆帝帝帝 RBP | Re:克隆帝帝帝（星之卡比 机器人星球） | 星之卡比 机器人星球 Re:克隆帝帝帝,Dedede Clone 2.0 (Kirby: Planet Robobot) | Dedede Clone 2.0 RBP | Kirby: Planet Robobot Dedede Clone 2.0 | Re:克隆帝帝帝 RBP | 星之卡比 机器人星球 Re:克隆帝帝帝,,project,shinkaku-page-names,真格速查 #122,150,True,False
character:dedede-clones-d3,character,Dedede Clones & D3,Dedede Clones & D3,クローンデデデ＆Ｄ３砲,,,,unchanged,catalog-profiles | wikirby-names,WiKirby page: Dedede Clones & D3,100,True,False
character:dedede-doll,character,Dedede Doll,Dedede Doll,,,,,unchanged,catalog-profiles | wikirby-names,WiKirby 页面没有可解析的多语言名称表,100,True,False
character:dedede-robo,character,帝帝帝机器人,Dedede Robo,デデデロボ,,Dedede'sRobo,,official_reused,bwiki-infobox | bwiki-table | catalog-profiles | wikirby-names,BWIKI page: 帝帝帝机器人; template: Infobox/敌对角色；BWIKI table: 杂兵；WiKirby page: Dedede Robo,100,True,False
character:dedede-stone,character,Dedede Stone,Dedede Stone,デデデストーン,,,,unchanged,catalog-profiles | wikirby-names,WiKirby page: Dedede Stone,100,True,False
character:dededestroyer-z,character,帝机·帝帝帝Z,Dededestroyer Z,デデ・デデデンＺ,,,デデ・デデデンZ,project,bwiki-infobox | catalog-profiles | wikirby-names,BWIKI page: 帝机·帝帝帝Z; template: Infobox/敌对角色；WiKirby page: Dededestroyer Z,100,True,False
character:deepsee,character,Deepsee,Deepsee,エニラム,,,,unchanged,catalog-profiles | wikirby-names,WiKirby page: Deepsee,100,True,False
character:degout,character,德古托,Degout,デグト,,,,official_reused,bwiki-infobox | bwiki-table | catalog-profiles | wikirby-names,BWIKI page: 德古托; template: Infobox/敌对角色；BWIKI table: 杂兵；WiKirby page: Degout,100,True,False
character:dekabu,character,Dekabu,Dekabu,デカブー,,,,unchanged,bwiki-infobox,BWIKI page: 大石像怪; template: Infobox/敌对角色,100,True,False
character:dekofloof,character,派对云,Dekofloof,デコフワ,,Cakefloof,,official_reused,bwiki-infobox | bwiki-table | catalog-profiles | wikirby-names,BWIKI page: 集合！ 卡比/杂兵2; template: 杂兵；BWIKI table: 杂兵；WiKirby page: Dekofloof,100,True,False
character:delivery-man,character,Delivery Man,Delivery Man,,,,,unchanged,catalog-profiles | wikirby-names,WiKirby 页面没有可解析的多语言名称表,100,True,False
character:delivery-waddle-dee,character,快递员瓦豆鲁迪,Delivery Waddle Dee,はいたつ員ワドルディ,快遞員瓦豆魯迪,,,official,bwiki-infobox | catalog-profiles | wikirby-names,BWIKI page: 瓦豆鲁迪/种类; template: 杂兵；WiKirby page: Delivery Waddle Dee,100,True,False
character:demon-frog,character,Demon Frog,Demon Frog,デビル・フロッグ,,,,unchanged,catalog-profiles | wikirby-names,WiKirby page: Demon Frog,100,True,False
character:dethskullk,character,死亡头骨,Dethskullk,デスドクロン,,,,official_reused,bwiki-infobox | catalog-profiles | wikirby-names,BWIKI page: 触摸！ 卡比 超级彩虹/杂兵; template: 杂兵；WiKirby page: Dethskullk,100,True,False
character:dethskullk-king,character,死亡头骨之王,Dethskullk King,デスドクロン キング,,,,official_reused,bwiki-infobox | catalog-profiles | wikirby-names,BWIKI page: 触摸！ 卡比 超级彩虹/杂兵; template: 杂兵；WiKirby page: Dethskullk King,100,True,False
character:dice,character,冻冻兽,Dice,アイスダス,,,,official_reused,bwiki-infobox | bwiki-table | catalog-profiles | wikirby-names,BWIKI page: 集合！ 卡比/杂兵2; template: 杂兵；BWIKI table: 杂兵；WiKirby 页面没有可解析的多语言名称表,100,True,False
character:digguh,character,狄古,Digguh,ディグー,,,,official,bwiki-infobox | bwiki-table | catalog-profiles | wikirby-names,BWIKI page: 星之卡比 探索发现/杂兵; template: 杂兵；BWIKI table: 杂兵；WiKirby page: Digguh,100,True,False
character:dippa,character,哩啪,Dippa,リーパ,,,リパ,official,bwiki-infobox | catalog-profiles | wikirby-names,BWIKI page: 星之卡比 Wii/杂兵; template: 杂兵；WiKirby page: Dippa,100,True,False
character:dirk-kirk-and-smirk,character,"Dirk, Kirk, and Smirk","Dirk, Kirk, and Smirk",グレ,,,,unchanged,catalog-profiles | wikirby-names,"WiKirby page: Dirk, Kirk, and Smirk",100,True,False
character:dizzy,character,迪兹,Dizzy,ディジー,迪兹！,,,official_reused,bwiki-infobox | bwiki-table | catalog-profiles | wikirby-names,BWIKI page: 星之卡比/杂兵; template: 杂兵；BWIKI table: 杂兵；WiKirby page: Dizzy,100,True,False
character:doc,character,多库,Doc,ドク,多庫,,,official,bwiki-infobox | catalog-profiles | wikirby-names,BWIKI page: 多库; template: Infobox/敌对角色；WiKirby page: Doc,100,True,False
character:doctor-moro,character,Doctor Moro,Doctor Moro,,,,,unchanged,catalog-profiles | wikirby-names,WiKirby 页面没有可解析的多语言名称表,100,True,False
character:doctor-yabui,character,Doctor Yabui,Doctor Yabui,ヤブイ,,,,unchanged,catalog-profiles | wikirby-names,WiKirby page: Doctor Yabui,100,True,False
character:dogon,character,多贡,Dogon,ドゴン,多贡！,,,official_reused,bwiki-infobox | bwiki-table | catalog-profiles | wikirby-names,BWIKI page: 星之卡比3/杂兵; template: 杂兵；BWIKI table: 杂兵；WiKirby page: Dogon,100,True,False
character:doka,character,哆咔,Doka,ドカ,哆咔！,,,official_reused,bwiki-infobox | bwiki-table | catalog-profiles | wikirby-names,BWIKI page: 星之卡比3/杂兵; template: 杂兵；BWIKI table: 杂兵；WiKirby page: Doka,100,True,False
character:dom-woole,character,毛房管,Dom Woole,ルーム・ウール,,,,official_reused,bwiki-table | catalog-profiles | wikirby-names,BWIKI vertical name table: 毛线卡比/NPC；WiKirby page: Dom Woole,100,True,False
character:domestic-servant-robot,character,Domestic Servant Robot,Domestic Servant Robot,ホームヘルパーロボ,,,,unchanged,catalog-profiles | wikirby-names,WiKirby page: Domestic Servant Robot,100,True,False
character:doomer,character,洛啪,Doomer,ローパー,,,,official_reused,bwiki-table,BWIKI table: 杂兵,100,True,False
character:doron,character,Doron,Doron,ドロン,,,,unchanged,catalog-profiles | wikirby-names,WiKirby page: Doron,100,True,False
character:drawcia,character,绘画堕落锡安,Drawcia,ドロシア,繪畫墮落錫安,,,official,bwiki-infobox | catalog-profiles | wikirby-names,BWIKI page: 绘画堕落锡安; template: Infobox/敌对角色；WiKirby page: Drawcia,100,True,False
character:drawcia-soul,character,绘画堕落锡安灵魂,Drawcia Soul,ドロシア ソウル,繪畫墮落錫安靈魂,,,official,bwiki-infobox | catalog-profiles | wikirby-names,BWIKI page: 绘画堕落锡安灵魂; template: Infobox/敌对角色；WiKirby page: Drawcia Soul,100,True,False
character:dream-land-princess,character,Dream Land princess,Dream Land princess,,,,,unchanged,catalog-profiles | wikirby-names,WiKirby 页面没有可解析的多语言名称表,100,True,False
character:driblee,character,噗噜鳗,Driblee,プルアンナ,噗嚕鰻,,,official,bwiki-infobox | bwiki-table | catalog-profiles | wikirby-names,BWIKI page: 噗噜鳗; template: Infobox/敌对角色；BWIKI table: 杂兵；WiKirby page: Driblee,100,True,False
character:drill-cotta,character,科塔钻土机,Drill Cotta,ドリコッタ,,,,official_reused,bwiki-infobox | catalog-profiles | wikirby-names,BWIKI page: 触摸！ 卡比 超级彩虹/杂兵; template: 杂兵；WiKirby page: Drill Cotta,100,True,False
character:drill-machine,character,Drill Machine,Drill Machine,ドリルマシン,,,,unchanged,catalog-profiles | wikirby-names,WiKirby page: Drill Machine,100,True,False
character:drillan,character,钻立,Drillan,ドリオリ,鑽立,,,official,bwiki-infobox | catalog-profiles | wikirby-names,BWIKI page: 卡比的驭天飞行/杂兵; template: 杂兵；WiKirby page: Drillan,100,True,False
character:driver-waddle-dee,character,Driver Waddle Dee,Driver Waddle Dee,,,,,unchanged,catalog-profiles | wikirby-names,WiKirby 页面没有可解析的多语言名称表,100,True,False
character:drop,character,水滴,Drop,ドロップ,水滴！,Pluid,プルイド,official_reused,bwiki-infobox | bwiki-table | catalog-profiles | wikirby-names,BWIKI page: 星之卡比64/杂兵; template: 杂兵；BWIKI table: 杂兵；WiKirby page: Drop,100,True,False
character:droppy,character,滴皮,Droppy,ドロッピー,,,,official_reused,bwiki-infobox | bwiki-table | catalog-profiles | wikirby-names,BWIKI page: 星之卡比 镜之大迷宫/杂兵; template: 杂兵；BWIKI table: 杂兵；WiKirby page: Droppy,100,True,False
character:dropso,character,小水滴,Dropso,グミーン,,,,official_reused,bwiki-infobox | catalog-profiles | wikirby-names,BWIKI page: 毛线卡比/杂兵1; template: 杂兵；WiKirby page: Dropso,100,True,False
character:dubior,character,镀比亚,Dubior,ドゥビア,鍍比亞 | 镀比亚EX,Dubior EX,,official,bwiki-infobox | catalog-forms | catalog-profiles | wikirby-names,BWIKI page: 镀比亚; template: Infobox/敌对角色；WiKirby page: Dubior,100,True,False
character:dubior-jr,character,小镀比亚,Dubior Jr.,ドゥビアJr.,小镀比亚！,,,official_reused,bwiki-infobox | bwiki-table,BWIKI page: 星之卡比 Wii/杂兵; template: 杂兵；BWIKI page: 镀比亚; template: Infobox/敌对角色；BWIKI table: 杂兵,100,True,False
character:duo-edge,character,双刃,Duo Edge,ダブルスエッジ,雙刃,,,official,catalog-profiles | wikirby-names,WiKirby page: Duo Edge,100,True,False
character:dupa,character,噜啪,Dupa,ルパ,嚕啪,,,official,bwiki-infobox | catalog-profiles | wikirby-names,BWIKI page: 星之卡比 Wii/杂兵; template: 杂兵；WiKirby page: Dupa,100,True,False
character:dyna-blade,character,巨大锋翼鸟,Dyna Blade,ダイナブレイド,白翼 巨大锋翼鸟 | 鳳凰鳥 (Kirby: Right Back at Ya!),,白き翼ダイナブレイド,official,bwiki-infobox | catalog-profiles | wikirby-names,BWIKI page: 巨大锋翼鸟; template: Infobox/敌对角色；BWIKI page: 白翼 巨大锋翼鸟; template: Infobox/小游戏；WiKirby page: Dyna Blade,100,True,False
character:dyna-chick,character,Dyna Chick,Dyna Chick,ダイナブレイドのヒナ,,,,unchanged,catalog-profiles | wikirby-names,WiKirby page: Dyna Chick,100,True,False
character:ebifryer,character,Ebifryer,Ebifryer,エビフリャー,,,,unchanged,catalog-profiles | wikirby-names,WiKirby page: Ebifryer,100,True,False
character:eelongo,character,嗷喔,Eelongo,グオー,,,,official_reused,bwiki-infobox | bwiki-table | catalog-profiles | wikirby-names,BWIKI page: 集合！ 卡比/杂兵3; template: 杂兵；BWIKI table: 杂兵；WiKirby page: Eelongo,100,True,False
character:efreeti,character,炎灵,Efreeti,イフリーティ,,,,project,bwiki-infobox | catalog-profiles | wikirby-names,BWIKI page: 炎灵; template: Infobox/敌对角色；WiKirby page: Efreeti,100,True,False
character:elec,character,电火花伊莱克,Elec,エレック,,,,official_reused,bwiki-infobox | bwiki-table | catalog-profiles | wikirby-names,BWIKI page: 电火花伊莱克; template: Infobox/敌对角色；BWIKI table: 杂兵；WiKirby page: Elec,100,True,False
character:electric-dragon,character,电龙,Electric Dragon,エレキドラゴン,電龍,,,official,bwiki-infobox | catalog-profiles | wikirby-names,BWIKI page: 电龙; template: Infobox/敌对角色；WiKirby page: Electric Dragon,100,True,False
character:electricky-dooter,character,电阱达乌塔,Electricky Dooter,エレトリックダウター,星之卡比 Wii 豪华版 电阱达乌塔 | 电阱达乌塔 WIIDX | 电阱达乌塔（星之卡比 Wii 豪华版） | 電阱達烏塔,Electricky Dooter (Kirby's Return to Dream Land Deluxe) | Electricky Dooter WIIDX | Kirby's Return to Dream Land Deluxe Electricky Dooter | 星之卡比 Wii 豪华版 电阱达乌塔 | 电阱达乌塔 WIIDX,,official,bwiki-infobox | catalog-profiles | shinkaku-page-names | wikirby-names,BWIKI page: 电阱达乌塔; template: Infobox/敌对角色；WiKirby page: Electricky Dooter；真格速查 #283,150,True,False
character:electro-saw,character,Electro Saw,Electro Saw,,,,,unchanged,catalog-profiles | wikirby-names,WiKirby 页面没有可解析的多语言名称表,100,True,False
character:electronic-pet,character,Electronic Pet,Electronic Pet,ロボット犬,,,,unchanged,catalog-profiles | wikirby-names,WiKirby page: Electronic Pet,100,True,False
character:elfilin,character,艾菲灵,Elfilin,エフィリン,艾菲靈,,,official,bwiki-infobox | catalog-profiles | curated-official-notes | wikirby-names,BWIKI page: 艾菲灵; template: Infobox/角色；WiKirby page: Elfilin；星之卡比官方资料.md / 核心角色词条,120,True,False
character:elieel,character,艾利鳗鱼,Elieel,イライール,独眼阳伞 | 躁动鳗！,,,official_reused,bwiki-infobox | bwiki-table | catalog-profiles | wikirby-names,BWIKI page: 星之卡比2/杂兵; template: 杂兵；BWIKI page: 艾利鳗鱼; template: Infobox/敌对角色；BWIKI table: 杂兵；WiKirby page: Elieel,100,True,False
character:elline,character,艾莉妮,Elline,エリーヌ,,,,official,bwiki-infobox | catalog-profiles | wikirby-names,BWIKI page: 艾莉妮; template: Infobox/角色；WiKirby page: Elline,100,True,False
character:emba,character,火苗,Emba,ヒノコ,,,,official_reused,bwiki-infobox | catalog-profiles | wikirby-names,BWIKI page: 毛线卡比/杂兵1; template: 杂兵；WiKirby page: Emba,100,True,False
character:embaconda,character,火苗巨蟒,Embaconda,ヒノコンダ,,,,official_reused,bwiki-infobox | catalog-profiles | wikirby-names,BWIKI page: 毛线卡比/杂兵1; template: 杂兵；WiKirby page: Embaconda,100,True,False
character:embird,character,火苗鸟,Embird,ヒノコドリ,,,,official_reused,bwiki-infobox | catalog-profiles | wikirby-names,BWIKI page: 毛线卡比/杂兵1; template: 杂兵；WiKirby page: Embird,100,True,False
character:emp,character,胆小企鹅！,Emp,ハヤマ,,,,project,bwiki-infobox | catalog-profiles | wikirby-names,BWIKI page: 星之卡比64/杂兵1; template: 杂兵；WiKirby page: Emp,100,True,False
character:erasem,character,Erasem,Erasem,ボウキャック,,,,unchanged,catalog-profiles | wikirby-names,WiKirby page: Erasem,100,True,False
character:escar-droid,character,Escar-droid,Escar-droid,エスカルゴン ロボ,,,,unchanged,catalog-profiles | wikirby-names,WiKirby page: Escar-droid,100,True,False
character:escargoon,character,Escargoon,Escargoon,ドクター・エスカルゴン,,,,unchanged,catalog-profiles | wikirby-names,WiKirby page: Escargoon,100,True,False
character:escargoon-s-mother,character,Escargoon's mother,Escargoon's mother,,,,,unchanged,catalog-profiles | wikirby-names,WiKirby 页面没有可解析的多语言名称表,100,True,False
character:essence-of-chaos-void-soul,character,魂沌 虚无之灵魂,"Essence of Chaos, Void Soul",魂沌 ソウル オブ ニル,星之卡比 新星同盟 虚无之灵魂 | 虚无之灵魂 | 虚无之灵魂 STA | 虚无之灵魂（星之卡比 新星同盟） | 魂沌 虛無之靈魂,Kirby Star Allies Void Soul | Void Soul | Void Soul (Kirby Star Allies) | Void Soul STA | 虚无之灵魂 STA,ソウル オブ ニル,official,bwiki-infobox | catalog-profiles | shinkaku-page-names | wikirby-names,BWIKI page: 虚无之灵魂; template: Infobox/敌对角色；WiKirby page: Void Soul；真格速查 #185,150,True,False
character:ex-boss-battles,character,EX 首领战,EX Boss Battles,ボス戦(EX),EX 首领战 DIS | EX 首领战（星之卡比 探索发现） | 星之卡比 探索发现 EX 首领战,EX Boss Battles (Kirby and the Forgotten Land) | EX Boss Battles DIS | EX 首领战 DIS | Kirby and the Forgotten Land EX Boss Battles | 星之卡比 探索发现 EX 首领战,ボス戦(Dis-Z EX),project,shinkaku-page-names,真格速查 #230,150,True,False
character:explortle,character,爆炸孢子,Explortle,ボムファンガース,,,,official_reused,bwiki-infobox | catalog-profiles | wikirby-names,BWIKI page: 触摸！ 卡比 超级彩虹/杂兵; template: 杂兵；WiKirby page: Explortle,100,True,False
character:extra-boss-battles,character,Extra 首领战,Extra Boss Battles,ボス戦(Extra),Extra 首领战 STA | Extra 首领战（星之卡比 新星同盟） | 星之卡比 新星同盟 Extra 首领战,Extra Boss Battles (Kirby Star Allies) | Extra Boss Battles STA | Extra 首领战 STA | Kirby Star Allies Extra Boss Battles | 星之卡比 新星同盟 Extra 首领战,ボス戦(STA-Extra),project,shinkaku-page-names,真格速查 #186,150,True,False
character:fairy,character,Fairy,Fairy,,,,,unchanged,catalog-profiles | wikirby-names,WiKirby page: Fairy,100,True,False
character:fang,character,Fang,Fang,ビート,,,,unchanged,catalog-profiles | wikirby-names,WiKirby page: Fang,100,True,False
character:fangora,character,凡果拉,Fangora,ドドワン,,,,project,bwiki-infobox | catalog-profiles | wikirby-names,BWIKI page: 凡果拉; template: Infobox/敌对角色；WiKirby page: Fangora,100,True,False
character:fatty-puffer,character,缓冲肥肥,Fatty Puffer,ファッティバッファー,星之卡比 Wii 缓冲肥肥 EX | 星之卡比 Wii 豪华版 缓冲肥肥 EX | 緩衝肥肥 | 缓冲肥肥 EX | 缓冲肥肥 EX WII | 缓冲肥肥 EX WIIDX | 缓冲肥肥 EX（星之卡比 Wii 豪华版） | 缓冲肥肥 EX（星之卡比 Wii） | 缓冲肥肥EX,Fatty Puffer EX | Fatty Puffer EX (Kirby's Return to Dream Land Deluxe) | Fatty Puffer EX (Kirby's Return to Dream Land) | Fatty Puffer EX WII | Fatty Puffer EX WIIDX | Kirby's Return to Dream Land Deluxe Fatty Puffer EX | Kirby's Return to Dream Land Fatty Puffer EX | 星之卡比 Wii 缓冲肥肥 EX | 星之卡比 Wii 豪华版 缓冲肥肥 EX | 缓冲肥肥 EX WII | 缓冲肥肥 EX WIIDX,ファッティバッファーEX | ファッティバッファーEX(WiiDX),official,bwiki-infobox | catalog-forms | catalog-profiles | shinkaku-page-names | wikirby-names,BWIKI page: 缓冲肥肥; template: Infobox/敌对角色；WiKirby page: Fatty Puffer；真格速查 #275；真格速查 #36,150,True,False
character:fatty-whale,character,Fatty Whale,Fatty Whale,ファッティホエール,,,,unchanged,bwiki-infobox | catalog-profiles | wikirby-names,BWIKI page: 水溅鲸; template: Infobox/敌对角色；WiKirby page: Fatty Whale,100,True,False
character:fattypufferjr,character,小缓冲肥肥,FattyPufferJr.,ファッティバッファーJr.,小缓冲肥肥！,Fatty Puffer Jr.,,official_reused,bwiki-infobox | bwiki-table,BWIKI page: 星之卡比 Wii/杂兵; template: 杂兵；BWIKI table: 杂兵,100,True,False
character:fiery-puffer,character,火山缓冲肥肥,Fiery Puffer,ヴォルガバッファー,星之卡比 Wii 豪华版 火山缓冲肥肥 | 火山緩衝肥肥 | 火山缓冲肥肥 WIIDX | 火山缓冲肥肥（星之卡比 Wii 豪华版）,Fiery Puffer (Kirby's Return to Dream Land Deluxe) | Fiery Puffer WIIDX | Kirby's Return to Dream Land Deluxe Fiery Puffer | 星之卡比 Wii 豪华版 火山缓冲肥肥 | 火山缓冲肥肥 WIIDX,,official,bwiki-infobox | catalog-profiles | shinkaku-page-names | wikirby-names,BWIKI page: 火山缓冲肥肥; template: Infobox/敌对角色；WiKirby page: Fiery Puffer；真格速查 #284,150,True,False
character:fire-lion,character,火狮,Fire Lion,ファイアーライオン,火獅,,,official,bwiki-infobox | catalog-profiles | wikirby-names,BWIKI page: 火狮; template: Infobox/敌对角色；WiKirby page: Fire Lion,100,True,False
character:fishbone,character,尾箭鱼！,Fishbone,テイル,,,,project,bwiki-infobox | catalog-profiles | wikirby-names,BWIKI page: 星之卡比64/杂兵1; template: 杂兵；WiKirby page: Fishbone,100,True,False
character:flamberge,character,炎剑露啾,Flamberge,フラン・ルージュ,星之卡比 新星同盟 炎剑露啾 | 星之卡比 新星同盟 炎剑露啾 Extra | 炎剑露啾 Extra | 炎剑露啾 Extra STA | 炎剑露啾 Extra（星之卡比 新星同盟） | 炎剑露啾 STA | 炎剑露啾（星之卡比 新星同盟） | 炎劍露啾,Flamberge (Kirby Star Allies) | Flamberge Extra | Flamberge Extra (Kirby Star Allies) | Flamberge Extra STA | Flamberge STA | Kirby Star Allies Flamberge | Kirby Star Allies Flamberge Extra | 星之卡比 新星同盟 炎剑露啾 Extra | 炎剑露啾 Extra STA | 炎剑露啾 STA,フラン・ルージュ(Extra),official,bwiki-infobox | catalog-profiles | shinkaku-page-names | wikirby-names,BWIKI page: 炎剑露啾; template: Infobox/角色；WiKirby page: Flamberge；真格速查 #180；真格速查 #192,150,True,False
character:flame-feeder,character,Flame Feeder,Flame Feeder,ファイアーゼリー,,,,unchanged,catalog-profiles | wikirby-names,WiKirby page: Flame Feeder,100,True,False
character:flame-galboros,character,火焰加尔波洛斯,Flame Galboros,フレイムガルボロス,火焰加爾波洛斯,,,official,bwiki-infobox | catalog-profiles | wikirby-names,BWIKI page: 火焰加尔波洛斯; template: Infobox/敌对角色；WiKirby page: Flame Galboros,100,True,False
character:flame-shotzo,character,火焰炮台,Flame Shotzo,フレイムシャッツォ,火焰炮台！,,,official_reused,bwiki-infobox | bwiki-table | catalog-profiles | wikirby-names,BWIKI page: 触摸！ 卡比/杂兵; template: 杂兵；BWIKI table: 杂兵；WiKirby page: Flame Shotzo,100,True,False
character:flamer,character,噴火輪,Flamer,フレイマー,喷火轮,,,official,bwiki-infobox | bwiki-table | catalog-profiles | wikirby-names,BWIKI page: 喷火轮; template: Infobox/敌对角色；BWIKI table: 杂兵；WiKirby page: Flamer,100,True,False
character:flapbon,character,飞飞种,Flapbon,フラッポン,,Seedbon,,official_reused,bwiki-infobox | bwiki-table | catalog-profiles | wikirby-names,BWIKI page: 集合！ 卡比/杂兵2; template: 杂兵；BWIKI table: 杂兵；WiKirby page: Flapbon,100,True,False
character:flapper,character,振翅蝠,Flapper,フラッパー,双面怪！ | 振翅蝠！,,,official_reused,bwiki-infobox | bwiki-table | catalog-profiles | wikirby-names,BWIKI page: 振翅蝠; template: Infobox/敌对角色；BWIKI page: 星之卡比/杂兵; template: 杂兵；BWIKI table: 杂兵；WiKirby page: Flapper,100,True,False
character:flappy,character,龙鸟,Flappy,フラッピィ,龍鳥,英：Flappy,日：フラッピィ,official,bwiki-infobox | bwiki-table | catalog-profiles | wikirby-names,BWIKI page: 卡比的驭天飞行/杂兵; template: 杂兵；BWIKI table: 卡比的驭天飞行；BWIKI table: 杂兵；WiKirby page: Flappy,100,True,False
character:flare,character,烧烧焰,Flare,フレイル,,Fire Bubble,,official_reused,bwiki-infobox | bwiki-table | catalog-profiles | wikirby-names,BWIKI page: 集合！ 卡比/杂兵2; template: 杂兵；BWIKI table: 杂兵；WiKirby page: Flare,100,True,False
character:fleurina,character,天鹅罗利那,Fleurina,スワロリーナ,天鵝羅利那 | 结晶化天鹅罗利那,Crystal Fleurina,結晶化スワロリーナ,official,bwiki-infobox | catalog-forms | catalog-profiles | wikirby-names,BWIKI page: 天鹅罗利那; template: Infobox/敌对角色；BWIKI page: 结晶化天鹅罗利那; template: Infobox/敌对角色；WiKirby page: Fleurina,100,True,False
character:flickerfloof,character,噼啪云,Flickerfloof,ピカフワ,,,,official_reused,bwiki-infobox | bwiki-table | catalog-profiles | wikirby-names,BWIKI page: 集合！ 卡比/杂兵2; template: 杂兵；BWIKI table: 杂兵；WiKirby page: Flickerfloof,100,True,False
character:floaty-the-cell-core,character,水泡核,Floaty the Cell Core,フローティ ザ セルコア,水泡核！,,,official_reused,bwiki-infobox | bwiki-table | catalog-profiles | wikirby-names,BWIKI page: 星之卡比 新星同盟/杂兵; template: 杂兵；BWIKI table: 杂兵；WiKirby page: Floaty the Cell Core,100,True,False
character:floaty-the-drifter,character,独眼阳伞！,Floaty the Drifter,ドリフター,,Drifter,,project,bwiki-infobox | catalog-profiles | wikirby-names,BWIKI page: 星之卡比2/杂兵; template: 杂兵；WiKirby page: Floaty the Drifter,100,True,False
character:floaty-woods,character,轻薄大树,Floaty Woods,ラフティーウッズ,,,,official_reused,bwiki-infobox | bwiki-table | catalog-profiles | wikirby-names,BWIKI page: 集合！ 卡比/杂兵1; template: 杂兵；BWIKI table: 杂兵；WiKirby page: Floaty Woods,100,True,False
character:floof,character,飘飘云,Floof,フワフワ,,Drifting cloud,ながれる雲,official_reused,bwiki-infobox | bwiki-table | catalog-profiles | wikirby-names,BWIKI page: 装置（帝帝帝大王的帝帝帝跃动Z）; template: 道具；BWIKI page: 集合！ 卡比/杂兵2; template: 杂兵；BWIKI table: 杂兵；WiKirby page: Floof,100,True,False
character:flopper,character,拍鳍幼鱼！,Flopper,ギョッパー,,,,project,bwiki-infobox | catalog-profiles | wikirby-names,BWIKI page: 星之卡比64/杂兵; template: 杂兵；WiKirby page: Flopper,100,True,False
character:flora,character,飘飘花！,Flora,ビラ,,,,project,bwiki-infobox | catalog-profiles | wikirby-names,BWIKI page: 星之卡比64/杂兵1; template: 杂兵；WiKirby page: Flora,100,True,False
character:flotzo,character,章鱼怪,Flotzo,フロッツォ,章鱼怪！,,,official_reused,bwiki-infobox | bwiki-table | catalog-profiles | wikirby-names,BWIKI page: 星之卡比/杂兵; template: 杂兵；BWIKI page: 章鱼怪; template: Infobox/敌对角色；BWIKI table: 杂兵；WiKirby page: Flotzo,100,True,False
character:flotzo-borg,character,机械章鱼怪！,Flotzo Borg,フロッツォボーグ,机械章鱼怪,Mech Flotzo,,official_reused,bwiki-infobox | bwiki-table | catalog-profiles | wikirby-names,BWIKI page: 星之卡比 机器博博星球/杂兵; template: 杂兵；BWIKI table: 杂兵；WiKirby page: Flotzo Borg,100,True,False
character:flowery-woods,character,风语大花,Flowery Woods,ウィスピーフラワーズ,,,,project,bwiki-infobox | catalog-profiles | wikirby-names,BWIKI page: 风语大花; template: Infobox/敌对角色；WiKirby page: Flowery Woods,100,True,False
character:flowery-woods-dx,character,繁花大树 DX,Flowery Woods DX,ウィスピーフラワーズDX,星之卡比 三重豪华版 繁花大树 DX | 繁花大树 DX TDX | 繁花大树 DX（星之卡比 三重豪华版）,Flowery Woods DX (Kirby: Triple Deluxe) | Flowery Woods DX TDX | Kirby: Triple Deluxe Flowery Woods DX | 星之卡比 三重豪华版 繁花大树 DX | 繁花大树 DX TDX,,project,shinkaku-page-names,真格速查 #77,150,True,False
character:fluff-waddle-dee,character,蒲公英瓦豆鲁迪,Fluff Waddle Dee,タンポポワドルディ,,,,official_reused,bwiki-infobox | catalog-profiles | wikirby-names,BWIKI page: 瓦豆鲁迪/种类; template: 杂兵；WiKirby page: Fluff Waddle Dee,100,True,False
character:flutter,character,白蝴蝶！,Flutter,モンチョ,,,,project,bwiki-infobox | catalog-profiles | wikirby-names,BWIKI page: 星之卡比64/杂兵1; template: 杂兵；WiKirby page: Flutter,100,True,False
character:foley,character,凤犁,Foley,フォーリー,鳳犁,,,official,bwiki-infobox | bwiki-table | catalog-profiles | wikirby-names,BWIKI page: 凤犁; template: Infobox/敌对角色；BWIKI table: 杂兵；WiKirby page: Foley,100,True,False
character:fololo-falala,character,羅羅與拉拉,Fololo & Falala,ロロロ&ラララ,箩箩箩&菈菈菈 | 箩箩箩＆菈菈菈 | 籮籮籮＆菈菈菈,Lololo & Lalala,ロロロ＆ラララ,official,bwiki-infobox | catalog-profiles | wikirby-names,BWIKI page: 箩箩箩&菈菈菈; template: Infobox/敌对角色；WiKirby page: Fololo & Falala；WiKirby page: Lololo & Lalala,100,True,False
character:forgo-dedede,character,狂野 帝帝帝,Forgo Dedede,ワイルドデデデ,狂野 帝帝帝·幻,,ワイルドデデデ·幻,official,bwiki-infobox | catalog-profiles | wikirby-names,BWIKI page: 狂野 帝帝帝; template: Infobox/敌对角色；BWIKI page: 狂野 帝帝帝·幻; template: Infobox/敌对角色；WiKirby page: Forgo Dedede,100,True,False
character:forgo-leon-ex,character,附身兽 狮王·遗忘 EX,Forgo Leon EX,レオン・フォルガ(EX),星之卡比 探索发现 附身兽 狮王·遗忘 EX | 附身兽 狮王·遗忘 EX DIS | 附身兽 狮王·遗忘 EX（星之卡比 探索发现）,Forgo Leon EX (Kirby and the Forgotten Land) | Forgo Leon EX DIS | Kirby and the Forgotten Land Forgo Leon EX | 星之卡比 探索发现 附身兽 狮王·遗忘 EX | 附身兽 狮王·遗忘 EX DIS,,official,shinkaku-page-names,真格速查 #240,150,True,False
character:four-mid-bosses,character,4 只中首领军团,Four Mid-Bosses,中ボス軍団4体,4 只中首领军团 TDX | 4 只中首领军团 WII | 4 只中首领军团 WIIDX | 4 只中首领军团（星之卡比 Wii 豪华版） | 4 只中首领军团（星之卡比 Wii） | 4 只中首领军团（星之卡比 三重豪华版） | 星之卡比 Wii 4 只中首领军团 | 星之卡比 Wii 豪华版 4 只中首领军团 | 星之卡比 三重豪华版 4 只中首领军团,4 只中首领军团 TDX | 4 只中首领军团 WII | 4 只中首领军团 WIIDX | Four Mid-Bosses (Kirby's Return to Dream Land Deluxe) | Four Mid-Bosses (Kirby's Return to Dream Land) | Four Mid-Bosses (Kirby: Triple Deluxe) | Four Mid-Bosses TDX | Four Mid-Bosses WII | Four Mid-Bosses WIIDX | Kirby's Return to Dream Land Deluxe Four Mid-Bosses | Kirby's Return to Dream Land Four Mid-Bosses | Kirby: Triple Deluxe Four Mid-Bosses | 星之卡比 Wii 4 只中首领军团 | 星之卡比 Wii 豪华版 4 只中首领军团,中ボス軍団4体(TDX) | 中ボス軍団4体(Wii) | 中ボス軍団4体(WiiDX),project,shinkaku-page-names,真格速查 #279；真格速查 #42；真格速查 #83,150,True,False
character:francisca,character,冰斧基斯,Francisca,フラン・キッス,冰斧基斯 Extra | 冰斧基斯 Extra STA | 冰斧基斯 Extra（星之卡比 新星同盟） | 冰斧基斯 STA | 冰斧基斯（星之卡比 新星同盟） | 星之卡比 新星同盟 冰斧基斯 | 星之卡比 新星同盟 冰斧基斯 Extra,Francisca (Kirby Star Allies) | Francisca Extra | Francisca Extra (Kirby Star Allies) | Francisca Extra STA | Francisca STA | Kirby Star Allies Francisca | Kirby Star Allies Francisca Extra | 冰斧基斯 Extra STA | 冰斧基斯 STA | 星之卡比 新星同盟 冰斧基斯 Extra,フラン・キッス(Extra),official,bwiki-infobox | catalog-profiles | shinkaku-page-names | wikirby-names,BWIKI page: 冰斧基斯; template: Infobox/角色；WiKirby page: Francisca；真格速查 #179；真格速查 #191,150,True,False
character:freezo,character,霜冰炮台,Freezo,コーラス,,,,official_reused,bwiki-infobox | catalog-profiles | wikirby-names,BWIKI page: 毛线卡比/杂兵2; template: 杂兵；WiKirby page: Freezo,100,True,False
character:freezy-rex,character,雪暴龙,Freezy Rex,ブリザルドン,,,,official_reused,bwiki-table | catalog-profiles | wikirby-names,BWIKI vertical name table: 集合！ 卡比/中魔王；WiKirby page: Freezy Rex,100,True,False
character:fridgy,character,Fridgy,Fridgy,レイゾウ,,,,unchanged,catalog-profiles | wikirby-names,WiKirby page: Fridgy,100,True,False
character:friend-heart,character,盟友之心,Friend Heart,フレンズハート,,,,official_reused,bwiki-infobox,BWIKI page: 盟友之心; template: Infobox/道具；BWIKI page: 道具（新星同盟）; template: 道具,100,True,False
character:frigis,character,冰球鸟！,Frigis,シャーベス,,,,project,bwiki-infobox | catalog-profiles | wikirby-names,BWIKI page: 星之卡比64/杂兵1; template: 杂兵；WiKirby page: Frigis,100,True,False
character:frost-kibble-blade,character,冻霜弯刀骑士老大,Frost Kibble Blade,フロストザンキブル,冰霜弯刀骑士老大 | 凍霜彎刀騎士老大,,,official,bwiki-infobox | catalog-profiles | wikirby-names,BWIKI page: 冰霜弯刀骑士老大; template: Infobox/敌对角色；WiKirby page: Frost Kibble Blade,100,True,False
character:fryclops,character,Fryclops,Fryclops,モウ・タクサン,,,,unchanged,catalog-profiles | wikirby-names,WiKirby page: Fryclops,100,True,False
character:fuufuu,character,呼呼,Fuufuu,フーフー,,Ice Noserunt,,official_reused,bwiki-infobox | bwiki-table | catalog-profiles | wikirby-names,BWIKI page: 集合！ 卡比/杂兵2; template: 杂兵；BWIKI table: 杂兵；WiKirby page: Fuufuu,100,True,False
character:gabon,character,骷髅怪,Gabon,ガボン,骷髏怪,,,official,bwiki-infobox | bwiki-table | catalog-profiles | wikirby-names,BWIKI page: 骷髅怪; template: Infobox/敌对角色；BWIKI table: 杂兵；WiKirby page: Gabon,100,True,False
character:galacta-knight,character,星河骑士,Galacta Knight,ギャラクティックナイト,星之卡比 Wii 星河骑士 | 星之卡比 Wii 豪华版 星河骑士 | 星河騎士 | 星河骑士 WII | 星河骑士 WIIDX | 星河骑士（星之卡比 Wii 豪华版） | 星河骑士（星之卡比 Wii）,Galacta Knight (Kirby's Return to Dream Land Deluxe) | Galacta Knight (Kirby's Return to Dream Land) | Galacta Knight WII | Galacta Knight WIIDX | Kirby's Return to Dream Land Deluxe Galacta Knight | Kirby's Return to Dream Land Galacta Knight | 星之卡比 Wii 星河骑士 | 星之卡比 Wii 豪华版 星河骑士 | 星河骑士 WII | 星河骑士 WIIDX,ギャラクティックナイト(WiiDX),official,bwiki-infobox | catalog-profiles | shinkaku-page-names | wikirby-names,BWIKI page: 星河骑士; template: Infobox/敌对角色；WiKirby page: Galacta Knight；真格速查 #291；真格速查 #46,150,True,False
character:galacta-knight-returns,character,归来的星河骑士,Galacta Knight Returns,ギャラクティックナイト リターンズ,归来的星河骑士 RBP | 归来的星河骑士（星之卡比 机器人星球） | 星之卡比 机器人星球 归来的星河骑士,Galacta Knight Returns (Kirby: Planet Robobot) | Galacta Knight Returns RBP | Kirby: Planet Robobot Galacta Knight Returns | 归来的星河骑士 RBP,,project,shinkaku-page-names,真格速查 #127,150,True,False
character:galactal,character,星河结晶体,Galactal,ギャラクタル,星河結晶體,,,official,bwiki-infobox | catalog-profiles | wikirby-names,BWIKI page: 星河结晶体; template: Infobox/敌对角色；WiKirby page: Galactal,100,True,False
character:galactic-nova-nucleus,character,Galactic Nova Nucleus,Galactic Nova Nucleus,,,,,unchanged,catalog-profiles,,100,True,False
character:galaxia,character,盖拉西亚,Galaxia,ギャラクシア,,,,official_reused,bwiki-table | wikirby-names,BWIKI table: 杂兵；WiKirby page: Galaxia,100,True,False
character:galbel,character,咆哮虎,Galbel,ガルベル,,,,official_reused,bwiki-infobox | bwiki-table | catalog-profiles | wikirby-names,BWIKI page: 星之卡比 超级豪华版/杂兵; template: 杂兵；BWIKI table: 杂兵；WiKirby page: Galbel,100,True,False
character:galbo,character,加尔波,Galbo,ガルボ,,,,official_reused,bwiki-infobox | bwiki-table | catalog-profiles | wikirby-names,BWIKI page: 加尔波; template: Infobox/敌对角色；BWIKI table: 杂兵；WiKirby page: Galbo,100,True,False
character:game-shop-waddle-dee,character,滚球店瓦豆鲁迪,Game-Shop Waddle Dee,タマコロ屋ワドルディ,滾球店瓦豆魯迪,,,official,bwiki-infobox | catalog-profiles | wikirby-names,BWIKI page: 瓦豆鲁迪/种类; template: 杂兵；WiKirby page: Game-Shop Waddle Dee,100,True,False
character:gangu,character,Gangu,Gangu,ガング,,,,unchanged,catalog-profiles | wikirby-names,WiKirby page: Gangu,100,True,False
character:gansan,character,岩仔,Gansan,ガンサン,岩仔！,,,official_reused,bwiki-infobox | bwiki-table | catalog-profiles | wikirby-names,BWIKI page: 星之卡比3/杂兵; template: 杂兵；BWIKI table: 杂兵；WiKirby page: Gansan,100,True,False
character:gao-gao,character,高高,Gao Gao,ガオガオ,,,,project,bwiki-infobox | catalog-profiles | wikirby-names,BWIKI page: 高高; template: Infobox/敌对角色；WiKirby page: Gao Gao,100,True,False
character:garnie,character,Garnie,Garnie,ガーニー,,,,unchanged,catalog-profiles | wikirby-names,WiKirby page: Garnie,100,True,False
character:gaspar,character,加斯帕幽灵,Gaspar,ギャスパー,加斯帕幽灵！,,,official_reused,bwiki-infobox | bwiki-table | catalog-profiles | wikirby-names,BWIKI page: 加斯帕幽灵; template: Infobox/敌对角色；BWIKI page: 星之卡比/杂兵; template: 杂兵；BWIKI table: 杂兵；WiKirby page: Gaspar,100,True,False
character:gate-core,character,Gate Core,Gate Core,ゲートコア,,,,unchanged,catalog-profiles | wikirby-names,WiKirby page: Gate Core,100,True,False
character:gatehouse-road,character,Gatehouse Road,Gatehouse Road,えい門への道,,,,unchanged,bwiki-infobox,BWIKI page: 通往敌营的道路; template: Infobox/关卡,100,True,False
character:gator,character,咬咬鳄,Gator,ゲイター,咬咬鳄！,Gator (Kirby Super Star) | Gator (Kirby's Epic Yarn),,official_reused,bwiki-infobox | bwiki-table | catalog-profiles | wikirby-names,BWIKI page: 咬咬鳄; template: Infobox/敌对角色；BWIKI page: 星之卡比 超级豪华版/杂兵; template: 杂兵；BWIKI table: 杂兵；WiKirby page: Gator (Kirby Super Star)；WiKirby page: Gator (Kirby's Epic Yarn),100,True,False
character:gaveela,character,咕嘟鳄！,Gaveela,ガブイーラ,,,,project,bwiki-infobox | catalog-profiles | wikirby-names,BWIKI page: 触摸！ 卡比/杂兵; template: 杂兵；WiKirby page: Gaveela,100,True,False
character:gaw-gaw,character,格瓦格瓦,Gaw Gaw,ガウガウ,,,,official_reused,bwiki-infobox | bwiki-table | catalog-profiles | wikirby-names,BWIKI page: 星之卡比 怪盗洛切团登场！/杂兵; template: 杂兵；BWIKI table: 杂兵；WiKirby page: Gaw Gaw,100,True,False
character:geg,character,沙卵,Geg,オエッグ,,(Dust)Geg,,official_reused,bwiki-infobox | bwiki-table | catalog-profiles | wikirby-names,BWIKI page: 集合！ 卡比/杂兵2; template: 杂兵；BWIKI table: 杂兵；WiKirby page: Geg,100,True,False
character:gemaine,character,杰米,Gemaine,ジェイミー,,,,official,bwiki-infobox | catalog-profiles | wikirby-names,BWIKI page: 卡比的驭天飞行/杂兵; template: 杂兵；WiKirby page: Gemaine,100,True,False
character:gemra,character,吉姆拉,Gemra,ジェムラ,吉姆拉！,,,official_reused,bwiki-infobox | bwiki-table | catalog-profiles | wikirby-names,BWIKI page: 吉姆拉; template: Infobox/敌对角色；BWIKI page: 星之卡比 Wii/杂兵; template: 杂兵；BWIKI table: 杂兵；WiKirby page: Gemra,100,True,False
character:geromazudake,character,盖洛玛卓凯,Geromazudake,ゲロマズダケ,,,,official_reused,bwiki-table | catalog-profiles | wikirby-names,BWIKI vertical name table: 需要帮助的NPC（星之卡比3）；WiKirby page: Geromazudake,100,True,False
character:ghameleo-arm,character,Ghameleo Arm,Ghameleo Arm,ガメレオアーム,,Chameleo Arm,,unchanged,bwiki-infobox | catalog-profiles | wikirby-names,BWIKI page: 变色龙; template: Infobox/敌对角色；WiKirby page: Chameleo Arm,100,True,False
character:ghost,character,幽灵,Ghost,催促魔獣ユーレイ,,Ghost (enemy) | Ghost (monster),ゴースト | ユ～レイ,official,bwiki-infobox | catalog-forms | catalog-profiles | wikirby-names,BWIKI page: 幽灵; template: Infobox/复制能力；WiKirby page: Ghost (enemy)；WiKirby page: Ghost (monster),100,True,True
character:ghost-book,character,Ghost Book,Ghost Book,おばけブック,,,,unchanged,catalog-profiles | wikirby-names,WiKirby page: Ghost Book,100,True,False
character:ghost-dish,character,Ghost Dish,Ghost Dish,おばけディッシュ,,,,unchanged,catalog-profiles | wikirby-names,WiKirby page: Ghost Dish,100,True,False
character:ghost-gordo,character,幽灵黑刺球,Ghost Gordo,ゴーストゴルドー,塞昆托黑刺球 | 塞昆托黑刺球！ | 幽靈黑刺球,Sectra Gordo,セクトラゴルドー,official,bwiki-infobox | bwiki-table | catalog-profiles | wikirby-names,BWIKI page: 幽灵黑刺球; template: Infobox/敌对角色；BWIKI page: 星之卡比 三重豪华/杂兵; template: 杂兵；BWIKI table: 杂兵；WiKirby page: Ghost Gordo,100,True,False
character:ghost-knight,character,幽灵骑士！,Ghost Knight,ゴーストナイト,,,,project,bwiki-infobox | catalog-profiles | wikirby-names,BWIKI page: 星之卡比64/杂兵1; template: 杂兵；WiKirby page: Ghost Knight,100,True,False
character:giant-beanbon,character,巨大僵尸种,Giant Beanbon,ビッグプッポン,,,,official_reused,bwiki-table,BWIKI table: 杂兵,100,True,False
character:giant-flotzo,character,巨大章鱼怪,Giant Flotzo,巨大フロッツォ,巨大章鱼怪！,Huge Flotzo | HugeFlotzo,,official_reused,bwiki-infobox | bwiki-table | catalog-profiles | wikirby-names,BWIKI page: 星之卡比 Wii/杂兵; template: 杂兵；BWIKI table: 杂兵；WiKirby page: Giant Flotzo,100,True,False
character:giant-rocky,character,巨大硬石,Giant Rocky,ジャイアントロッキー,,,,official_reused,bwiki-infobox | bwiki-table | catalog-profiles | wikirby-names,BWIKI page: 星之卡比 镜之大迷宫/杂兵; template: 杂兵；BWIKI table: 杂兵；WiKirby page: Giant Rocky,100,True,False
character:giga-clanksprout,character,巨耸耸突,Giga Clanksprout,ギガニョッキ,,GigaClanksprout,,official_reused,bwiki-table | catalog-profiles | wikirby-names,BWIKI vertical name table: 集合！ 卡比/中魔王；WiKirby page: Giga Clanksprout,100,True,False
character:gigant-chicks,character,巨型鸟,Gigant Chicks,ギガントコックス,巨型鸟！,,,official_reused,bwiki-infobox | bwiki-table | catalog-profiles | wikirby-names,BWIKI page: 星之卡比 三重豪华/杂兵; template: 杂兵；BWIKI table: 杂兵；WiKirby page: Gigant Chicks,100,True,False
character:gigant-edge,character,庞大刃,Gigant Edge,ギガントエッジ,庞大刃EX | 龐大刃,Gigant Edge EX,,official,bwiki-infobox | catalog-forms | catalog-profiles | wikirby-names,BWIKI page: 庞大刃; template: Infobox/敌对角色；WiKirby page: Gigant Edge,100,True,False
character:gigantes,character,巨灵,Gigantes,ギガンテス,巨靈,,,official,bwiki-infobox | bwiki-table | catalog-profiles | wikirby-names,BWIKI page: 巨灵; template: Infobox/复制能力；BWIKI vertical name table: 驭天飞行器；WiKirby page: Gigantes,100,True,False
character:gigatzo,character,巨大炮,Gigatzo,ギガッツォ,巨大砲,,,official,bwiki-infobox | bwiki-table | catalog-profiles | wikirby-names,BWIKI page: 巨大炮; template: Infobox/敌对角色；BWIKI table: 杂兵；WiKirby page: Gigatzo,100,True,False
character:gigavolt,character,铁巨兵钜甲螺丝,Gigavolt,鉄巨兵ギガヴォルト,鐵巨兵鉅甲螺絲,,,official,bwiki-infobox | catalog-profiles | wikirby-names,BWIKI page: 铁巨兵钜甲螺丝; template: Infobox/敌对角色；WiKirby page: Gigavolt,100,True,False
character:gim,character,机姆,Gim,ギム,冲击机姆 | 機姆,Splash Gim,,official,bwiki-infobox | bwiki-table | catalog-forms | catalog-profiles | wikirby-names,BWIKI page: 机姆; template: Infobox/敌对角色；BWIKI table: 杂兵；WiKirby page: Gim,100,True,False
character:gip,character,吉普,Gip,ギップ,,,,official_reused,bwiki-table | catalog-profiles | wikirby-names,BWIKI table: 杂兵；WiKirby page: Gip,100,True,False
character:girl-blob,character,Girl blob,Girl blob,,,,,unchanged,catalog-profiles | wikirby-names,WiKirby 页面没有可解析的多语言名称表,100,True,False
character:glom,character,舔舔蛙！,Glom,ペロッガー,,,,project,bwiki-infobox | catalog-profiles | wikirby-names,BWIKI page: 星之卡比64/杂兵; template: 杂兵；WiKirby page: Glom,100,True,False
character:gloombat,character,暗黑蝙蝠,Gloombat,グルーガー,,Gloomybat,,official_reused,bwiki-infobox | bwiki-table | catalog-profiles | wikirby-names,BWIKI page: 集合！ 卡比/杂兵3; template: 杂兵；BWIKI table: 杂兵；WiKirby page: Gloombat,100,True,False
character:glunk,character,绿海葵,Glunk,グランク,綠海葵,,,official,bwiki-infobox | bwiki-table | catalog-profiles | wikirby-names,BWIKI page: 绿海葵; template: Infobox/敌对角色；BWIKI table: 杂兵；WiKirby page: Glunk,100,True,False
character:glutbulb,character,球泡植,Glutbulb,フーセンカ,,,,official_reused,bwiki-infobox | bwiki-table | catalog-profiles | wikirby-names,BWIKI page: 集合！ 卡比/杂兵1; template: 杂兵；BWIKI table: 杂兵；WiKirby page: Glutbulb,100,True,False
character:gnawcodile,character,鳄加布尔,Gnawcodile,クロコガブル,鱷加布爾,,,official,bwiki-infobox | bwiki-table | catalog-profiles | wikirby-names,BWIKI page: 星之卡比 探索发现/杂兵; template: 杂兵；BWIKI table: 杂兵；WiKirby page: Gnawcodile,100,True,False
character:gobbler,character,加百猎,Gobbler,ガブリエル,加百獵,,,official,bwiki-infobox | catalog-profiles | wikirby-names,BWIKI page: 加百猎; template: Infobox/敌对角色；WiKirby page: Gobbler,100,True,False
character:gobbler-s-mini-shark,character,迷你鲨,Gobbler's Mini Shark,パクリエル,,,,official_reused,bwiki-infobox | bwiki-table,BWIKI page: 星之卡比 镜之大迷宫/杂兵; template: 杂兵；BWIKI table: 杂兵,100,True,False
character:gobblin,character,咕嘟掌！,Gobblin,ガブテン,,,,project,bwiki-infobox | catalog-profiles | wikirby-names,BWIKI page: 星之卡比64/杂兵; template: 杂兵；WiKirby page: Gobblin,100,True,False
character:gobchomplin,character,咬啮啃噬,Gobchomplin,ガブリン,,,,official_reused,bwiki-infobox | bwiki-table | catalog-profiles | wikirby-names,BWIKI page: 集合！ 卡比/杂兵1; template: 杂兵；BWIKI table: 杂兵；WiKirby page: Gobchomplin,100,True,False
character:god-hand,character,神之手,God Hand,ゴッドハンド,神之手！,,,official_reused,bwiki-infobox | bwiki-table | catalog-profiles | wikirby-names,BWIKI page: 滚滚卡比/杂兵; template: 杂兵；BWIKI table: 杂兵；WiKirby page: God Hand,100,True,False
character:gold-beanbon,character,黄金叶芽,Gold Beanbon,ゴールデンプッポン,,,,official_reused,bwiki-infobox | bwiki-table | catalog-profiles | wikirby-names,BWIKI page: 集合！ 卡比/杂兵3; template: 杂兵；BWIKI table: 杂兵；WiKirby page: Gold Beanbon,100,True,False
character:gold-waddle-dee,character,黄金瓦豆鲁迪,Gold Waddle Dee,ゴールデンワドルディ,黃金瓦豆魯迪,,,official,bwiki-infobox | bwiki-table | catalog-profiles | wikirby-names,BWIKI page: 瓦豆鲁迪/种类; template: 杂兵；BWIKI page: 黄金瓦豆鲁迪; template: Infobox/敌对角色；BWIKI table: 杂兵；WiKirby page: Gold Waddle Dee,100,True,False
character:goldon-silvox,character,金角银角 金狸&银狐,Goldon & Silvox,金閣銀閣 ゴールドン＆シルバックス,星之卡比 新星同盟 金角银角 | 金狸&银狐 | 金角銀角 金狸&銀狐 | 金角银角 | 金角银角 STA | 金角银角（星之卡比 新星同盟）,Goldon & Silvox (Kirby Star Allies) | Goldon & Silvox STA | Goldon&Silvox | Kirby Star Allies Goldon & Silvox | 金角银角 STA,ゴールドン&シルバック | ゴールドン&シルバックス,official,bwiki-infobox | catalog-profiles | shinkaku-page-names | wikirby-names,BWIKI page: 金狸&银狐; template: Infobox/敌对角色；WiKirby page: Goldon & Silvox；真格速查 #177,150,True,False
character:golem,character,加雷布,Golem,ガレブ,,,,official_reused,bwiki-infobox | bwiki-table | catalog-profiles | wikirby-names,BWIKI page: 加雷布; template: Infobox/敌对角色；BWIKI page: 星之卡比 镜之大迷宫/杂兵; template: 杂兵；BWIKI table: 杂兵；WiKirby page: Golem,100,True,False
character:gondola-bzztbulb,character,缆车哔哩电灯泡,Gondola Bzztbulb,ゴンドラ ビリバルブ,,Gondola Buzztbulb,,official_reused,bwiki-infobox | catalog-profiles | wikirby-names,BWIKI page: 触摸！ 卡比 超级彩虹/杂兵; template: 杂兵；WiKirby page: Gondola Bzztbulb,100,True,False
character:gondolus,character,休可利,Gondolus,ヒョッコリ,,,,official_reused,bwiki-table | catalog-profiles | wikirby-names,BWIKI vertical name table: 集合！ 卡比/中魔王；WiKirby page: Gondolus,100,True,False
character:gooey,character,蛊依,Gooey,グーイ,古依 | 古依 STA | 古依（星之卡比 新星同盟） | 星之卡比 新星同盟 古依 | 蠱依,Gooey (Kirby Star Allies) | Gooey STA | Kirby Star Allies Gooey | 古依 STA,グーイ(STA),official,bwiki-infobox | catalog-profiles | shinkaku-page-names | wikirby-names,BWIKI page: 蛊依; template: Infobox/角色；WiKirby page: Gooey；真格速查 #163,150,True,False
character:gordo,character,黑刺球,Gordo,ゴルドー,,英：Gordo,日：ゴルドー,official,bwiki-infobox | bwiki-table | catalog-profiles | wikirby-names,BWIKI page: 黑刺球; template: Infobox/敌对角色；BWIKI table: 卡比的驭天飞行；BWIKI table: 杂兵；WiKirby page: Gordo,100,True,False
character:gordo-bar,character,黑刺棒,Gordo Bar,ゴルンバー,,,,official,bwiki-infobox | bwiki-table | catalog-profiles | wikirby-names,BWIKI page: 星之卡比 探索发现/杂兵; template: 杂兵；BWIKI table: 杂兵；WiKirby page: Gordo Bar,100,True,False
character:goriath,character,戈力牙斯,Goriath,ゴライアス,戈力牙斯 EX | 戈力牙斯 EX WII | 戈力牙斯 EX WIIDX | 戈力牙斯 EX（星之卡比 Wii 豪华版） | 戈力牙斯 EX（星之卡比 Wii） | 戈力牙斯EX | 星之卡比 Wii 戈力牙斯 EX | 星之卡比 Wii 豪华版 戈力牙斯 EX,Goriath EX | Goriath EX (Kirby's Return to Dream Land Deluxe) | Goriath EX (Kirby's Return to Dream Land) | Goriath EX WII | Goriath EX WIIDX | Kirby's Return to Dream Land Deluxe Goriath EX | Kirby's Return to Dream Land Goriath EX | 戈力牙斯 EX WII | 戈力牙斯 EX WIIDX | 星之卡比 Wii 戈力牙斯 EX | 星之卡比 Wii 豪华版 戈力牙斯 EX,ゴライアスEX | ゴライアスEX(WiiDX),official,bwiki-infobox | catalog-forms | catalog-profiles | shinkaku-page-names | wikirby-names,BWIKI page: 戈力牙斯; template: Infobox/敌对角色；WiKirby page: Goriath；真格速查 #276；真格速查 #37,150,True,False
character:gorimondo,character,猩猛霸,Gorimondo,ゴルルムンバ,,,,official,bwiki-infobox | catalog-profiles | wikirby-names,BWIKI page: 猩猛霸; template: Infobox/敌对角色；WiKirby page: Gorimondo,100,True,False
character:grab-hand,character,抓捕手,Grab Hand,グローバー,,,グラバー,official_reused,bwiki-infobox | catalog-profiles | wikirby-names,BWIKI page: 触摸！ 卡比 超级彩虹/杂兵; template: 杂兵；WiKirby page: Grab Hand,100,True,False
character:grand-doomer,character,伟大喽啪,Grand Doomer,グランドローパー,伟大喽啪 EX | 伟大喽啪 EX WII | 伟大喽啪 EX WIIDX | 伟大喽啪 EX（星之卡比 Wii 豪华版） | 伟大喽啪 EX（星之卡比 Wii） | 伟大喽啪EX | 伟大喽啪第三阶段 | 偉大嘍啪 | 星之卡比 Wii 伟大喽啪 EX | 星之卡比 Wii 豪华版 伟大喽啪 EX,Grand Doomer EX | Grand Doomer EX (Kirby's Return to Dream Land Deluxe) | Grand Doomer EX (Kirby's Return to Dream Land) | Grand Doomer EX WII | Grand Doomer EX WIIDX | Grand Doomer Third Phase | Kirby's Return to Dream Land Deluxe Grand Doomer EX | Kirby's Return to Dream Land Grand Doomer EX | 伟大喽啪 EX WII | 伟大喽啪 EX WIIDX | 星之卡比 Wii 伟大喽啪 EX | 星之卡比 Wii 豪华版 伟大喽啪 EX,グランドローパーEX | グランドローパーEX(WiiDX),official,bwiki-infobox | catalog-forms | catalog-profiles | shinkaku-page-names | wikirby-names,BWIKI page: 伟大喽啪; template: Infobox/敌对角色；WiKirby page: Grand Doomer；真格速查 #281；真格速查 #38,150,True,False
character:grand-mam,character,顽强的大母 巨大装甲玛姆,Grand Mam,頑強なる大母 アンセスビッグマム,巨型装甲玛姆 | 頑強的大母 巨大裝甲瑪姆,,アンセスビッグマム,official,bwiki-infobox | catalog-profiles | wikirby-names,BWIKI page: 巨大装甲玛姆; template: Infobox/敌对角色；WiKirby page: Grand Mam,100,True,False
character:grand-propeller,character,大螺旋桨！,Grand Propeller,グランドプロペラー,大螺旋桨,Big Propeller,,official_reused,bwiki-infobox | bwiki-table | catalog-profiles | wikirby-names,BWIKI page: 星之卡比 机器博博星球/杂兵; template: 杂兵；BWIKI table: 杂兵；WiKirby page: Grand Propeller,100,True,False
character:grand-wheelie,character,巨无霸独轮,Grand Wheelie,グランドウィリー,巨無霸獨輪,,,official,bwiki-infobox | catalog-profiles | wikirby-names,BWIKI page: 巨无霸独轮; template: Infobox/敌对角色；WiKirby page: Grand Wheelie,100,True,False
character:grandy,character,大大迪,Grandy,グランディ,大大迪！,Grand Dee,,official_reused,bwiki-infobox | bwiki-table | catalog-profiles | wikirby-names,BWIKI page: 大大迪; template: Infobox/敌对角色；BWIKI page: 星之卡比 三重豪华/杂兵; template: 杂兵；BWIKI table: 杂兵；WiKirby page: Grandy,100,True,False
character:gravy,character,飞飞墓,Gravy,グレイビー,,Gravey,,official_reused,bwiki-infobox | bwiki-table | catalog-profiles | wikirby-names,BWIKI page: 集合！ 卡比/杂兵2; template: 杂兵；BWIKI table: 杂兵；WiKirby page: Gravy,100,True,False
character:great-elder-of-the-magic-guild,character,Great Elder of the Magic Guild,Great Elder of the Magic Guild,魔法ギルドの大長老,,,,unchanged,catalog-profiles | wikirby-names,WiKirby page: Great Elder of the Magic Guild,100,True,False
character:great-gear,character,转转巨轮,Great Gear,グルギアント,,,,official_reused,bwiki-table | catalog-profiles | wikirby-names,BWIKI vertical name table: 集合！ 卡比/中魔王；WiKirby page: Great Gear,100,True,False
character:great-sea-slug-monster,character,Great Sea Slug Monster,Great Sea Slug Monster,ウミウシ大魔獣,,,,unchanged,catalog-profiles | wikirby-names,WiKirby page: Great Sea Slug Monster,100,True,False
character:greater-doomer,character,大洛啪,Greater Doomer,ラージローパー,,,,official,bwiki-infobox | catalog-profiles | wikirby-names,BWIKI page: 大洛啪; template: Infobox/敌对角色；WiKirby page: Greater Doomer,100,True,False
character:grindarr,character,压压砖,Grindarr,ゴプレス,压压方块,,,official_reused,bwiki-infobox | bwiki-table | catalog-profiles | wikirby-names,BWIKI page: 集合！ 卡比/杂兵2; template: 杂兵；BWIKI table: 杂兵；WiKirby page: Grindarr,100,True,False
character:grinkey,character,Grinkey,Grinkey,トレッキー,,,,unchanged,bwiki-infobox | catalog-profiles | wikirby-names,BWIKI page: 触摸！ 卡比 超级彩虹/杂兵; template: 杂兵；WiKirby page: Grinkey,100,True,False
character:grizzo,character,头带熊,Grizzo,グリゾー,頭帶熊,,,official,bwiki-infobox | bwiki-table | catalog-profiles | wikirby-names,BWIKI page: 头带熊; template: Infobox/敌对角色；BWIKI table: 杂兵；WiKirby page: Grizzo,100,True,False
character:gruegloom,character,暗惧雾,Gruegloom,グルーネ,,,,official_reused,bwiki-infobox | bwiki-table | catalog-profiles | wikirby-names,BWIKI page: 集合！ 卡比/杂兵2; template: 杂兵；BWIKI table: 杂兵；WiKirby page: Gruegloom,100,True,False
character:gruegloom-blue,character,暗怖雾,Gruegloom(Blue),グルーモ,,,,official_reused,bwiki-infobox | bwiki-table,BWIKI page: 集合！ 卡比/杂兵2; template: 杂兵；BWIKI table: 杂兵,100,True,False
character:grumples,character,Grumples,Grumples,グランプルス,,,,unchanged,catalog-profiles | wikirby-names,WiKirby page: Grumples,100,True,False
character:gryll,character,魔法师古利鲁,Gryll,グリル,考卢 | 魔法師古利魯,,,official,bwiki-infobox | catalog-profiles | wikirby-names,BWIKI page: 考卢; template: Infobox/敌对角色；WiKirby page: Gryll,100,True,False
character:guard,character,Guard,Guard,メラーガガード,,Guard (enemy),ガード,unchanged,bwiki-infobox | catalog-profiles | wikirby-names,BWIKI page: 防御; template: Infobox/复制能力；WiKirby page: Guard (enemy),100,True,False
character:gus,character,Gus,Gus,ガス,,,,unchanged,catalog-profiles | wikirby-names,WiKirby page: Gus,100,True,False
character:gussa,character,古斯鲨,Gussa,グッサ,,,,official_reused,bwiki-infobox | bwiki-table | catalog-profiles | wikirby-names,BWIKI page: 星之卡比 怪盗洛切团登场！/杂兵; template: 杂兵；BWIKI table: 杂兵；WiKirby page: Gussa,100,True,False
character:haboki,character,扫把哈波奇,Haboki,ハボキ,,,,project,bwiki-infobox | catalog-profiles | wikirby-names,BWIKI page: 扫把哈波奇; template: Infobox/敌对角色；WiKirby page: Haboki,100,True,False
character:hack,character,石器怪！,Hack,セッキ,,,,project,bwiki-infobox | catalog-profiles | wikirby-names,BWIKI page: 星之卡比64/杂兵1; template: 杂兵；WiKirby page: Hack,100,True,False
character:halberd-cannon,character,Halberd cannon,Halberd cannon,,,,,unchanged,catalog-profiles | wikirby-names,WiKirby 页面没有可解析的多语言名称表,100,True,False
character:halcandle-dee,character,阳伞哈鲁炕德拉瓦豆鲁迪,Halcandle Dee,ハルカンドルディ,哈鲁炕德拉迪 | 哈鲁炕德迪！,Halcandra Waddle Dee | HalcandraWaddleDee | Parasol Halcandra Dee,,official,bwiki-infobox | bwiki-table | catalog-forms | catalog-profiles | wikirby-names,BWIKI page: 哈鲁炕德拉迪; template: Infobox/敌对角色；BWIKI page: 星之卡比 Wii/杂兵; template: 杂兵；BWIKI page: 瓦豆鲁迪/种类; template: 杂兵；BWIKI table: 杂兵；WiKirby page: Halcandle Dee,100,True,False
character:halcandraarmoredwaddledee,character,哈鲁炕德拉盔甲迪,HalcandraArmoredWaddleDee,ハルカンアーマーワドルディ,哈鲁炕德盔甲迪！,,,official_reused,bwiki-infobox,BWIKI page: 星之卡比 Wii/杂兵; template: 杂兵；BWIKI page: 瓦豆鲁迪/种类; template: 杂兵,100,True,False
character:halcandraparasolwaddledee,character,哈鲁炕德拉阳伞迪,HalcandraParasolWaddleDee,パラソルハルカンドルディ,哈鲁炕德拉阳伞迪！,Halcandra Parasol Waddle Dee,,official_reused,bwiki-infobox | bwiki-table,BWIKI page: 星之卡比 Wii/杂兵; template: 杂兵；BWIKI table: 杂兵,100,True,False
character:haley,character,哈利,Haley,ハリー,哈猬,,,official_reused,bwiki-infobox | bwiki-table | catalog-profiles | wikirby-names,BWIKI page: 星之卡比 镜之大迷宫/杂兵; template: 杂兵；BWIKI table: 杂兵；WiKirby page: Haley,100,True,False
character:haltmann-works-company,character,哈特曼工作室,Haltmann Works Company,ハルトマンワークスカンパニー,,,,official,bwiki-infobox | wikirby-names,BWIKI page: 哈鲁特曼工业公司; template: Infobox/敌对角色；WiKirby page: Haltmann Works Company,100,True,False
character:haltworker,character,哈特曼员工！,Haltworker,ハルトワーカーズ,哈特曼员工,,,official_reused,bwiki-infobox | bwiki-table | catalog-profiles | wikirby-names,BWIKI page: 星之卡比 机器博博星球/杂兵; template: 杂兵；BWIKI table: 杂兵；WiKirby page: Haltworker,100,True,False
character:hamsturr,character,壮壮锤,Hamsturr,ブルハンマー,,,,official_reused,bwiki-table | catalog-profiles | wikirby-names,BWIKI vertical name table: 集合！ 卡比/中魔王；WiKirby page: Hamsturr,100,True,False
character:hana,character,Hana,Hana,ハナ,,,,unchanged,catalog-profiles | wikirby-names,WiKirby page: Hana,100,True,False
character:hardy,character,Hardy,Hardy,ハーデー,,,,unchanged,catalog-profiles | wikirby-names,WiKirby page: Hardy,100,True,False
character:hatched-chick,character,破壳小鸡,Hatched Chick,クラックツイート,破殼小雞,Crack-Tweet,クラックツィート,official,bwiki-infobox | bwiki-table | catalog-profiles | wikirby-names,BWIKI page: 星之卡比2/杂兵; template: 杂兵；BWIKI page: 破壳小鸡; template: Infobox/敌对角色；BWIKI table: 杂兵；WiKirby page: Hatched Chick,100,True,False
character:hb-002,character,哔奇妈妈,HB-002,,,,,official_reused,bwiki-table | catalog-profiles | wikirby-names,BWIKI vertical name table: 需要帮助的NPC（星之卡比3）；WiKirby page: HB-002,100,True,False
character:hb-007,character,HB-007,HB-007,,,,,unchanged,catalog-profiles | wikirby-names,WiKirby page: HB-007,100,True,False
character:head-cold-monsters,character,Head Cold Monsters,Head Cold Monsters,風邪ウィルス魔獣,,,,unchanged,catalog-profiles | wikirby-names,WiKirby page: Head Cold Monsters,100,True,False
character:heart-of-nova-kirby-super-star,character,银河·新星,Heart of Nova (Kirby Super Star),ギャラクティック・ノヴァ,銀河·新星 | 银河·新星核心,Galactic Nova | Galactic Nova Nucleus,ギャラクティック・ノヴァの核,official,bwiki-infobox | catalog-profiles | wikirby-names,BWIKI page: 银河·新星; template: Infobox/角色；BWIKI page: 银河·新星核心; template: Infobox/敌对角色；WiKirby page: Galactic Nova；WiKirby page: Galactic Nova Nucleus,100,True,False
character:heat-phanphan,character,火热象象,Heat Phanphan,ヒートファンファン,,,,official_reused,bwiki-infobox | bwiki-table | catalog-profiles | wikirby-names,BWIKI page: 卡比的驭天飞行/杂兵; template: 杂兵；BWIKI table: 杂兵；WiKirby page: Heat Phanphan,100,True,False
character:heavy-anaconda,character,Heavy Anaconda,Heavy Anaconda,ヘビーアナコンダ,,,,unchanged,catalog-profiles | wikirby-names,WiKirby page: Heavy Anaconda,100,True,False
character:heavy-knight,character,重骑士,Heavy Knight,ヘビーナイト,,,,official_reused,bwiki-infobox | bwiki-table | catalog-profiles | wikirby-names,BWIKI page: 星之卡比 镜之大迷宫/杂兵; template: 杂兵；BWIKI page: 重骑士; template: Infobox/敌对角色；BWIKI table: 杂兵；WiKirby page: Heavy Knight,100,True,False
character:heavy-lobster,character,Heavy Lobster,Heavy Lobster,ヘビーロブスター,,,,unchanged,bwiki-infobox | catalog-profiles | wikirby-names,BWIKI page: 重装龙虾; template: Infobox/敌对角色；WiKirby page: Heavy Lobster,100,True,False
character:heavy-mole,character,重量级鼹鼠,Heavy Mole,ヘビーモール,重量級鼴鼠,,,official,bwiki-infobox | catalog-profiles | wikirby-names,BWIKI page: 重量级鼹鼠; template: Infobox/敌对角色；WiKirby page: Heavy Mole,100,True,False
character:helmee,character,枪盔灵,Helmee,フラーマ,,,,official_reused,bwiki-infobox | bwiki-table | catalog-profiles | wikirby-names,BWIKI page: 集合！ 卡比/杂兵2; template: 杂兵；BWIKI table: 杂兵；WiKirby page: Helmee,100,True,False
character:helmee-lantern,character,灯盔灵,Helmee(Lantern),フレーマ,,,,official_reused,bwiki-infobox | bwiki-table,BWIKI page: 集合！ 卡比/杂兵2; template: 杂兵；BWIKI table: 杂兵,100,True,False
character:helmetmole,character,刺盔鼹,Helmetmole,モグメット,,Pricklemole,,official_reused,bwiki-infobox | bwiki-table | catalog-profiles | wikirby-names,BWIKI page: 集合！ 卡比/杂兵3; template: 杂兵；BWIKI table: 杂兵；WiKirby page: Helmetmole,100,True,False
character:hibanamodoki,character,假火花,Hibanamodoki,ヒバナモドキ,,,,official_reused,bwiki-table | catalog-profiles | wikirby-names,BWIKI vertical name table: 需要帮助的NPC（星之卡比3）；WiKirby page: Hibanamodoki,100,True,False
character:holo-defense-api,character,全息投影式防御系统,Holo Defense API,ホログラフ防衛システムズ,,,,project,bwiki-infobox | catalog-profiles | wikirby-names,BWIKI page: 全息投影式防御系统; template: Infobox/敌对角色；WiKirby page: Holo Defense API,100,True,False
character:holo-defense-api-2-0,character,Re:全息图防卫系统,Holo Defense API 2.0,Re:ホログラフ防衛システムズ,Re:全息图防卫系统 RBP | Re:全息图防卫系统（星之卡比 机器人星球） | 星之卡比 机器人星球 Re:全息图防卫系统,Holo Defense API 2.0 (Kirby: Planet Robobot) | Holo Defense API 2.0 RBP | Kirby: Planet Robobot Holo Defense API 2.0 | Re:全息图防卫系统 RBP | 星之卡比 机器人星球 Re:全息图防卫系统,,project,shinkaku-page-names,真格速查 #118,150,True,False
character:honey,character,Honey,Honey,ハニー,,,,unchanged,catalog-profiles | wikirby-names,WiKirby page: Honey,100,True,False
character:honker-stomper,character,Honker Stomper,Honker Stomper,ノーズマン,,,,unchanged,catalog-profiles | wikirby-names,WiKirby page: Honker Stomper,100,True,False
character:hooplagoon,character,跳跃戈恩,Hooplagoon,バウンドグーン,,,,project,bwiki-infobox | catalog-profiles | wikirby-names,BWIKI page: 跳跃戈恩; template: Infobox/敌对角色；WiKirby page: Hooplagoon,100,True,False
character:hornhead,character,盔角虫,Hornhead,ヘルメホーン,盔角蟲,,,official,bwiki-infobox | catalog-profiles | wikirby-names,BWIKI page: 盔角虫; template: Infobox/敌对角色；WiKirby page: Hornhead,100,True,False
character:hot-head,character,炽热头,Hot Head,ホットヘッド,熾熱頭,,,official,bwiki-infobox | bwiki-table | catalog-profiles | wikirby-names,BWIKI page: 炽热头; template: Infobox/敌对角色；BWIKI table: 杂兵；WiKirby page: Hot Head,100,True,False
character:hot-wings,character,炽火凤凰,Hot Wings,フェニクロウ,,,,project,bwiki-infobox | catalog-profiles | wikirby-names,BWIKI page: 炽火凤凰; template: Infobox/敌对角色；WiKirby page: Hot Wings,100,True,False
character:hr-d3,character,HR-D3,HR-D3,HR-D3,HR-D3（星之卡比 Wii 豪华版） | HR-D3（星之卡比 Wii） | 星之卡比 Wii HR-D3 | 星之卡比 Wii 豪华版 HR-D3,HR-D3 (Kirby's Return to Dream Land Deluxe) | HR-D3 (Kirby's Return to Dream Land) | HR-D3 WII | HR-D3 WIIDX | Kirby's Return to Dream Land Deluxe HR-D3 | Kirby's Return to Dream Land HR-D3 | 星之卡比 Wii HR-D3 | 星之卡比 Wii 豪华版 HR-D3,HR-D3(WiiDX),unchanged,catalog-profiles | shinkaku-page-names | wikirby-names,WiKirby page: HR-D3；真格速查 #288；真格速查 #45,150,True,False
character:hr-h,character,HR-H,HR-H,,,,,unchanged,catalog-profiles | wikirby-names,WiKirby page: HR-H,100,True,False
character:hugo,character,Hugo,Hugo,フーゴー,,,,unchanged,catalog-profiles | wikirby-names,WiKirby page: Hugo,100,True,False
character:hunter-degout,character,猎守德古托,Hunter Degout,ハンターデグト,,,,official_reused,bwiki-table,BWIKI table: 杂兵,100,True,False
character:hurly,character,抛舌怪,Hurly,ハーリー,抛舌怪！,,,official_reused,bwiki-infobox | bwiki-table | catalog-profiles | wikirby-names,BWIKI page: 星之卡比/杂兵; template: 杂兵；BWIKI table: 杂兵；WiKirby page: Hurly,100,True,False
character:hydriath,character,流水戈力牙斯,Hydriath,ハイドロアス,星之卡比 Wii 豪华版 流水戈力牙斯 | 流水戈力牙斯 WIIDX | 流水戈力牙斯（星之卡比 Wii 豪华版）,Hydriath (Kirby's Return to Dream Land Deluxe) | Hydriath WIIDX | Kirby's Return to Dream Land Deluxe Hydriath | 星之卡比 Wii 豪华版 流水戈力牙斯 | 流水戈力牙斯 WIIDX,,official,bwiki-infobox | catalog-profiles | shinkaku-page-names | wikirby-names,BWIKI page: 流水戈力牙斯; template: Infobox/敌对角色；WiKirby page: Hydriath；真格速查 #285,150,True,False
character:hyness,character,海内司,Hyness,ハイネス,星之卡比 新星同盟 魔神官 海内司 | 海內司 | 魔神官 海内司 | 魔神官 海内司 STA | 魔神官 海内司（星之卡比 新星同盟）,"Hyness (Kirby Star Allies) | Hyness STA | Kirby Star Allies Hyness | Officiant of Doom, Hyness | 魔神官 海内司 STA",,official,bwiki-infobox | catalog-forms | catalog-profiles | shinkaku-page-names | wikirby-names,BWIKI page: 海内司; template: Infobox/敌对角色；WiKirby page: Hyness；真格速查 #182,150,True,False
character:i,character,压土块！,I³,ドネン,,,,project,bwiki-infobox | catalog-profiles | wikirby-names,BWIKI page: 星之卡比64/杂兵; template: 杂兵；WiKirby page: I³,100,True,False
character:ice-block,character,冰方块,Ice Block,氷ブロック,冰砖,IceBlucko,アイストン,official_reused,bwiki-infobox | bwiki-table,BWIKI page: 冰方块; template: Infobox/道具；BWIKI page: 方块; template: 道具；BWIKI page: 集合！ 卡比/杂兵2; template: 杂兵；BWIKI table: 杂兵,100,True,False
character:ice-dice,character,Ice Dice,Ice Dice,アイスダス,,,,unchanged,catalog-profiles | wikirby-names,WiKirby page: Ice Dice,100,True,False
character:ice-dinos,character,冻冻龙,Ice Dinos,アイスダイノス,,Big Dice,,official_reused,bwiki-infobox | bwiki-table | catalog-profiles | wikirby-names,BWIKI page: 集合！ 卡比/杂兵2; template: 杂兵；BWIKI table: 杂兵；WiKirby page: Ice Dinos,100,True,False
character:ice-dragon,character,冰龙,Ice Dragon,アイスドラゴン,冰龍,,,official,bwiki-infobox | catalog-profiles | wikirby-names,BWIKI page: 冰龙; template: Infobox/敌对角色；WiKirby page: Ice Dragon,100,True,False
character:ice-dragon-robot,character,Ice Dragon Robot,Ice Dragon Robot,,,,,unchanged,catalog-profiles | wikirby-names,WiKirby 页面没有可解析的多语言名称表,100,True,False
character:iceton,character,Iceton,Iceton,アイストン,,,,unchanged,catalog-profiles | wikirby-names,WiKirby page: Iceton,100,True,False
character:icicle,character,Icicle,Icicle,,,,,unchanged,catalog-profiles | wikirby-names,WiKirby 页面没有可解析的多语言名称表,100,True,False
character:ignite-edge,character,炎刃,Ignite Edge,ブレイズエッジ,,,,official,bwiki-infobox | catalog-profiles | wikirby-names,BWIKI page: 炎刃; template: Infobox/敌对角色；WiKirby page: Ignite Edge,100,True,False
character:ignus,character,火山弹！,Ignus,カダン,,,,project,bwiki-infobox | catalog-profiles | wikirby-names,BWIKI page: 星之卡比64/杂兵1; template: 杂兵；WiKirby page: Ignus,100,True,False
character:ill-gate,character,不祥之门,Ill Gate,イルゲート,,IllusionDoor,,official_reused,bwiki-infobox | bwiki-table | catalog-profiles | wikirby-names,BWIKI page: 集合！ 卡比/杂兵2; template: 杂兵；BWIKI table: 杂兵；WiKirby page: Ill Gate,100,True,False
character:illusory-fronds-phantom-tropic-woods,character,幻国树 热带大树·幻,"Illusory Fronds, Phantom Tropic Woods",幻国樹 トロピカルウッズ・幻,幻国树 南国树·幻 | 幻国树 南国树·幻 DIS | 幻国树 南国树·幻（星之卡比 探索发现） | 幻國樹 熱帶大樹·幻 | 星之卡比 探索发现 幻国树 南国树·幻 | 热带大树·幻,Kirby and the Forgotten Land Phantom Tropic Woods | Phantom Tropic Woods | Phantom Tropic Woods (Kirby and the Forgotten Land) | Phantom Tropic Woods DIS | 幻国树 南国树·幻 DIS,トロピカルウッズ・幻,official,bwiki-infobox | catalog-profiles | shinkaku-page-names | wikirby-names,BWIKI page: 热带大树·幻; template: Infobox/敌对角色；WiKirby page: Phantom Tropic Woods；真格速查 #219,150,True,False
character:illusory-primal-nemesis-phantom-forgo-dedede,character,幻兽面具 狂野 帝帝帝·幻,"Illusory Primal Nemesis, Phantom Forgo Dedede",幻獣仮面 ワイルドデデデ・幻,幻兽面具 狂野 帝帝帝·幻 DIS | 幻兽面具 狂野 帝帝帝·幻（星之卡比 探索发现） | 幻獸面具 狂野 帝帝帝·幻 | 星之卡比 探索发现 幻兽面具 狂野 帝帝帝·幻,Kirby and the Forgotten Land Phantom Forgo Dedede | Phantom Forgo Dedede | Phantom Forgo Dedede (Kirby and the Forgotten Land) | Phantom Forgo Dedede DIS | 幻兽面具 狂野 帝帝帝·幻 DIS,ワイルド デデデ・幻,official,catalog-profiles | shinkaku-page-names | wikirby-names,WiKirby page: Phantom Forgo Dedede；真格速查 #226,150,True,False
character:invader-armor,character,入侵者装甲,Invader Armor,インベードアーマー,,Invader Armer,,project,bwiki-infobox | catalog-profiles | wikirby-names,BWIKI page: 入侵者装甲; template: Infobox/敌对角色；WiKirby page: Invader Armor,100,True,False
character:invasive-species-fecto-forgo,character,侵略种 菲克特·遗忘,"Invasive Species, Fecto Forgo",侵略種 フェクト・フォルガ,侵略種 菲克特·遺忘 | 菲克特·遗忘,Fecto Forgo,フェクト・フォルガ,official,bwiki-infobox | catalog-profiles | wikirby-names,BWIKI page: 菲克特·遗忘; template: Infobox/敌对角色；WiKirby page: Fecto Forgo,100,True,False
character:iro,character,Iro,Iro,ホッヘ,,,,unchanged,catalog-profiles | wikirby-names,WiKirby page: Iro,100,True,False
character:iron-ball,character,旋转铁球！,Iron Ball,,,,,official_reused,bwiki-infobox | catalog-profiles | wikirby-names,BWIKI page: 星之卡比 机器博博星球/杂兵; template: 杂兵；WiKirby 页面没有可解析的多语言名称表,100,True,False
character:iron-barbar,character,钢铁巴鲁巴鲁,Iron Barbar,アイアンバルバル,钢铁巴鲁巴鲁！,,,official_reused,bwiki-infobox | bwiki-table | catalog-profiles | wikirby-names,BWIKI page: 星之卡比 Wii/杂兵; template: 杂兵；BWIKI table: 杂兵；WiKirby page: Iron Barbar,100,True,False
character:iron-hammer,character,Iron Hammer,Iron Hammer,,,,,unchanged,catalog-profiles | wikirby-names,WiKirby 页面没有可解析的多语言名称表,100,True,False
character:iron-mam,character,装甲玛姆,Iron Mam,アイアンマム,,,,official_reused,bwiki-infobox | catalog-profiles | wikirby-names,BWIKI page: 装甲玛姆; template: Infobox/敌对角色；WiKirby page: Iron Mam,100,True,False
character:island-sisters,character,Island Sisters,Island Sisters,ザ・ツインナッツ,,,,unchanged,catalog-profiles | wikirby-names,WiKirby page: Island Sisters,100,True,False
character:item-shop-waddle-dee,character,道具店瓦豆鲁迪,Item-Shop Waddle Dee,どうぐ屋ワドルディ,道具店瓦豆魯迪,,,official,bwiki-infobox | catalog-profiles | wikirby-names,BWIKI page: 瓦豆鲁迪/种类; template: 杂兵；WiKirby page: Item-Shop Waddle Dee,100,True,False
character:j-j,character,J.J.,J.J.,,,,,unchanged,catalog-profiles | wikirby-names,WiKirby page: J.J.,100,True,False
character:jabhog,character,针猬,Jabhog,ニードホッグ,針蝟,,,official,bwiki-infobox | bwiki-table | catalog-profiles | wikirby-names,BWIKI page: 星之卡比 探索发现/杂兵; template: 杂兵；BWIKI table: 杂兵；WiKirby page: Jabhog,100,True,False
character:jabjab,character,咻咻,Jabjab,シュッシュ,,,,official,bwiki-infobox | catalog-profiles | wikirby-names,BWIKI page: 卡比的驭天飞行/杂兵; template: 杂兵；WiKirby page: Jabjab,100,True,False
character:jack,character,杰克,Jack,ジャック,,,,official_reused,bwiki-infobox | bwiki-table | catalog-profiles | wikirby-names,BWIKI page: 星之卡比 镜之大迷宫/杂兵; template: 杂兵；BWIKI table: 杂兵；WiKirby page: Jack,100,True,False
character:jackle,character,扎蔻,Jackle,ジャックル,扎蔻！,Juckle,,official_reused,bwiki-infobox | bwiki-table | catalog-profiles | wikirby-names,BWIKI page: 扎蔻; template: Infobox/敌对角色；BWIKI page: 星之卡比 Wii/杂兵; template: 杂兵；BWIKI table: 杂兵；WiKirby page: Jackle,100,True,False
character:jambeliever,character,邪哈鲁信徒,Jambeliever,ジャハルビリーバ,邪哈鲁信徒！,,,official_reused,bwiki-infobox | bwiki-table | catalog-profiles | wikirby-names,BWIKI page: 星之卡比 新星同盟/杂兵; template: 杂兵；BWIKI table: 杂兵；WiKirby page: Jambeliever,100,True,False
character:jammerjab,character,邪哈鲁武人,Jammerjab,ジャハルビート,邪哈魯武人,Jammer Jab,,official,bwiki-infobox | bwiki-table | catalog-profiles | wikirby-names,BWIKI page: 邪哈鲁武人; template: Infobox/敌对角色；BWIKI table: 杂兵；WiKirby page: Jammerjab,100,True,False
character:javelin-knight,character,标枪骑士,Javelin Knight,ジャベリンナイト,標槍騎士,,トジャベリンナイト,official,bwiki-infobox | catalog-profiles | wikirby-names,BWIKI page: 标枪骑士; template: Infobox/敌对角色；WiKirby page: Javelin Knight,100,True,False
character:jellifrizz,character,大电蜇,Jellifrizz,モチクラ,,Large Jellifrizz,,official_reused,bwiki-infobox | bwiki-table | catalog-profiles | wikirby-names,BWIKI page: 集合！ 卡比/杂兵1; template: 杂兵；BWIKI table: 杂兵；WiKirby page: Jellifrizz,100,True,False
character:jelly-jr,character,小水母,Jelly Jr.,クララゲ,,,,official_reused,bwiki-infobox | catalog-profiles | wikirby-names,BWIKI page: 毛线卡比/杂兵2; template: 杂兵；WiKirby page: Jelly Jr.,100,True,False
character:joe,character,鲨鱼乔,Joe,ジョー,鲨鱼乔！,,,official_reused,bwiki-infobox | bwiki-table | catalog-profiles | wikirby-names,BWIKI page: 星之卡比3/杂兵; template: 杂兵；BWIKI table: 杂兵；WiKirby page: Joe,100,True,False
character:jukid,character,柔道小子,Jukid,ジュキッド,,,,official_reused,bwiki-infobox | catalog-profiles | wikirby-names,BWIKI page: 柔道小子; template: Infobox/敌对角色；WiKirby page: Jukid,100,True,False
character:jumper-shoot,character,跳跃伞脚,Jumper Shoot,ジャンパーシュート,,,,project,bwiki-infobox | catalog-profiles | wikirby-names,BWIKI page: 跳跃伞脚; template: Infobox/敌对角色；WiKirby page: Jumper Shoot,100,True,False
character:jungle-bomb,character,丛林炸弹,Jungle Bomb,ジャングルボム,丛林炸弹！,,,official_reused,bwiki-infobox | bwiki-table | catalog-profiles | wikirby-names,BWIKI page: 星之卡比 超级豪华版/杂兵; template: 杂兵；BWIKI page: 炸弹加果; template: Infobox/敌对角色；BWIKI table: 杂兵；WiKirby page: Jungle Bomb,100,True,False
character:kabu-anime-character,character,石像怪,Kabu (anime character),カブー,,Kabu,,official,bwiki-infobox | bwiki-table | catalog-profiles | wikirby-names,BWIKI page: 石像怪; template: Infobox/敌对角色；BWIKI table: 杂兵；WiKirby page: Kabu；WiKirby 页面没有可解析的多语言名称表,100,True,False
character:kabula-kirby-super-star-ultra-onward,character,卡钸拉,Kabula (Kirby Super Star Ultra onward),カブーラー,卡鈽拉,Kabula,,official,bwiki-infobox | catalog-profiles | wikirby-names,BWIKI page: 卡钸拉; template: Infobox/敌对角色；WiKirby page: Kabula,100,True,False
character:kacti,character,沙邦！,Kacti,サボン,,,,project,bwiki-infobox | catalog-profiles | wikirby-names,BWIKI page: 星之卡比64/杂兵1; template: 杂兵；WiKirby page: Kacti,100,True,False
character:kamuribana,character,皇冠花,Kamuribana,カムリバナ,,,,official_reused,bwiki-table | catalog-profiles | wikirby-names,BWIKI vertical name table: 需要帮助的NPC（星之卡比3）；WiKirby page: Kamuribana,100,True,False
character:kany,character,螃蟹怪,Kany,カニィ,螃蟹怪！,,,official_reused,bwiki-infobox | bwiki-table | catalog-profiles | wikirby-names,BWIKI page: 星之卡比3/杂兵; template: 杂兵；BWIKI page: 螃蟹怪; template: Infobox/敌对角色；BWIKI table: 杂兵；WiKirby page: Kany,100,True,False
character:kapar,character,河童怪,Kapar,カパー,河童怪！,,,official_reused,bwiki-infobox | bwiki-table | catalog-profiles | wikirby-names,BWIKI page: 星之卡比3/杂兵; template: 杂兵；BWIKI page: 河童怪; template: Infobox/敌对角色；BWIKI table: 杂兵；WiKirby page: Kapar,100,True,False
character:keeby,character,奇比,Keeby,キービィ,,,,official,catalog-profiles | wikirby-names,WiKirby page: Keeby,100,True,False
character:keke,character,扫帚可可,Keke,ケケ,,,,official_reused,bwiki-infobox | bwiki-table | catalog-profiles | wikirby-names,BWIKI page: 扫帚可可; template: Infobox/敌对角色；BWIKI table: 杂兵；WiKirby page: Keke,100,True,False
character:kerota-keroji-and-kerolina,character,"Kerota, Keroji, and Kerolina","Kerota, Keroji, and Kerolina",ケロッタ,,,,unchanged,catalog-profiles | wikirby-names,"WiKirby page: Kerota, Keroji, and Kerolina",100,True,False
character:key-dee,character,钥匙迪,Key Dee,ウォンキィ,,,,official_reused,bwiki-infobox | bwiki-table | catalog-profiles | wikirby-names,BWIKI page: 瓦豆鲁迪/种类; template: 杂兵；BWIKI page: 钥匙迪; template: Infobox/敌对角色；BWIKI table: 杂兵；WiKirby page: Key Dee,100,True,False
character:kibble-blade,character,弯刀骑士老大,Kibble Blade,ザンキブル,弯刀骑士老大EX | 彎刀騎士老大,Kibble Blade EX,,official,bwiki-infobox | catalog-forms | catalog-profiles | wikirby-names,BWIKI page: 弯刀骑士老大; template: Infobox/敌对角色；WiKirby page: Kibble Blade,100,True,False
character:kine,character,海恩,Kine,カイン,,,,official,bwiki-infobox | catalog-profiles | wikirby-names,BWIKI page: 海恩; template: Infobox/角色；WiKirby page: Kine,100,True,False
character:king-d-mind,character,D大王・意向,King D-Mind,キングD・マインド,D大王·意向,,,official,bwiki-infobox | catalog-profiles | wikirby-names,BWIKI page: D大王·意向; template: Infobox/敌对角色；WiKirby page: King D-Mind,100,True,False
character:king-dedede,character,帝帝帝大王 (Kirby Star Allies onwards),King Dedede,デデデ大王,帝帝帝大王 | 帝帝帝大王 STA | 帝帝帝大王 WII | 帝帝帝大王 WIIDX | 帝帝帝大王（星之卡比 Wii 豪华版） | 帝帝帝大王（星之卡比 Wii） | 帝帝帝大王（星之卡比 新星同盟 · 复制能力与可操作角色） | 帝帝帝大王（星之卡比 新星同盟 · 首领攻略） | 星之卡比 Wii 帝帝帝大王 | 星之卡比 Wii 豪华版 帝帝帝大王 | 星之卡比 新星同盟 帝帝帝大王,King Dedede (anime character) | King Dedede (Kirby Star Allies - Boss Guides) | King Dedede (Kirby Star Allies - Copy Abilities and Playable Characters) | King Dedede (Kirby's Return to Dream Land Deluxe) | King Dedede (Kirby's Return to Dream Land) | King Dedede (novel character) | King Dedede STA | King Dedede WII | King Dedede WIIDX | Kirby Star Allies King Dedede | Kirby's Return to Dream Land Deluxe King Dedede | Kirby's Return to Dream Land King Dedede | 帝帝帝大王 STA | 帝帝帝大王 WII | 帝帝帝大王 WIIDX | 星之卡比 Wii 帝帝帝大王 | 星之卡比 Wii 豪华版 帝帝帝大王,デデデ大王(STA) | デデデ大王(Wii) | デデデ大王(WiiDX) | デデデ大王(ボス戦),official,bwiki-infobox | catalog-profiles | curated-official-notes | shinkaku-page-names | wikirby-names,BWIKI page: 帝帝帝大王; template: Infobox/角色；WiKirby page: King Dedede；WiKirby page: King Dedede (novel character)；WiKirby 页面没有可解析的多语言名称表；星之卡比官方资料.md / 核心角色词条；真格速查 #159；真格速查 #174；真格速查 #270；真格速查 #31,150,True,False
character:king-dedede-meta-knight,character,帝帝帝大王＆魅塔骑士,King Dedede & Meta Knight,デデデ大王＆メタナイト,帝帝帝大王＆魅塔騎士 | 魅塔骑士&帝帝帝大王,,デデデ大王&メタナイト,official,bwiki-infobox | catalog-profiles | wikirby-names,BWIKI page: 魅塔骑士&帝帝帝大王（卡比群星战2）; template: Infobox/敌对角色；WiKirby page: King Dedede & Meta Knight,100,True,False
character:king-doo,character,瓦豆鲁笃老大,King Doo,キングスドゥ,瓦豆魯篤老大 | 瓦豆鲁笃老大EX,King Doo EX,,official,bwiki-infobox | catalog-forms | catalog-profiles | wikirby-names,BWIKI page: 瓦豆鲁笃老大; template: Infobox/敌对角色；WiKirby page: King Doo,100,True,False
character:king-eelongo,character,嗷喔王,King Eelongo,キンググオー,,,,official_reused,bwiki-table | catalog-profiles | wikirby-names,BWIKI vertical name table: 集合！ 卡比/中魔王；WiKirby page: King Eelongo,100,True,False
character:king-foorlowber,character,漂浮洛巴之王,King Foorlowber,キングフワローバ,漂浮洛巴之王！,,,official_reused,bwiki-infobox | bwiki-table,BWIKI page: 星之卡比 三重豪华/杂兵; template: 杂兵；BWIKI table: 杂兵,100,True,False
character:king-golem,character,泥石柱王,King Golem,キングゴーレム,,,,project,bwiki-infobox | catalog-profiles | wikirby-names,BWIKI page: 泥石柱王; template: Infobox/敌对角色；WiKirby page: King Golem,100,True,False
character:kirby,character,卡比,Kirby,カービィ,咖啡店员卡比 | 钓鱼池卡比,Cafe-Staff Kirby | Fishing-Pond Kirby | Kirby (anime character) | Kirby (novel character),,official,bwiki-infobox | catalog-forms | catalog-profiles | curated-official-notes | wikirby-names,BWIKI page: 卡比; template: Infobox/角色；WiKirby page: Kirby；WiKirby 页面没有可解析的多语言名称表；星之卡比官方资料.md / 核心角色词条,120,True,False
character:kirby-ball,character,Kirby Ball,Kirby Ball,,,,,unchanged,catalog-profiles | wikirby-names,WiKirby 页面没有可解析的多语言名称表,100,True,False
character:kirby-dance,character,卡比跳舞,Kirby Dance,カービィダンス,,,,official,wikirby-names,WiKirby page: Kirby Dance,100,True,False
character:kirby-s-characteristics,character,Kirby's characteristics,Kirby's characteristics,,,,,unchanged,wikirby-names,WiKirby 页面没有可解析的多语言名称表,100,True,False
character:kirby-s-heroic-heart,character,Kirby's heroic heart,Kirby's heroic heart,勇者の心,,Heroic heart,,unchanged,bwiki-infobox | catalog-profiles | wikirby-names,BWIKI page: 勇者之心; template: Infobox/角色；WiKirby page: Kirby's heroic heart,100,True,False
character:kirby-s-house,character,卡比小屋,Kirby's House,カービィのおうち (Kirby: Right Back at Ya!),,,,official,wikirby-names,WiKirby page: Kirby's House,100,True,False
character:kirby-s-pad,character,Kirby's Pad,Kirby's Pad,カービィのへや,,,,unchanged,bwiki-infobox | wikirby-names,BWIKI page: 卡比的铺子; template: Infobox/关卡；WiKirby page: Kirby's Pad,100,True,False
character:kirby-species,character,Kirby (species),Kirby (species),,,,,unchanged,wikirby-names,WiKirby 页面没有可解析的多语言名称表,100,True,False
character:kirisakin,character,Kirisakin,Kirisakin,キリサキン,,,,unchanged,catalog-profiles | wikirby-names,WiKirby page: Kirisakin,100,True,False
character:kit-cosmos,character,Kit Cosmos,Kit Cosmos,ダコーニョ軍曹,,,,unchanged,catalog-profiles | wikirby-names,WiKirby page: Kit Cosmos,100,True,False
character:kizario,character,Kizario,Kizario,キザリオ,,,,unchanged,catalog-profiles | wikirby-names,WiKirby page: Kizario,100,True,False
character:klinko,character,斗笠球,Klinko,キンコ,斗笠球！,,,official_reused,bwiki-infobox | bwiki-table | catalog-profiles | wikirby-names,BWIKI page: 星之卡比3/杂兵; template: 杂兵；BWIKI table: 杂兵；WiKirby page: Klinko,100,True,False
character:knuckle-joe,character,格斗家乔,Knuckle Joe,ナックルジョー,格鬥家喬,,,official,bwiki-infobox | bwiki-table | catalog-profiles | wikirby-names,BWIKI page: 格斗家乔; template: Infobox/敌对角色；BWIKI table: 杂兵；WiKirby page: Knuckle Joe,100,True,False
character:kogamugaeru-gamugaeru,character,Kogamugaeru & Gamugaeru,Kogamugaeru & Gamugaeru,コガムガエル,,,,unchanged,catalog-profiles | wikirby-names,WiKirby page: Kogamugaeru & Gamugaeru,100,True,False
character:kogoesou,character,库归苏,Kogoesou,コゴエソウ,,,,official_reused,bwiki-table | catalog-profiles | wikirby-names,BWIKI vertical name table: 需要帮助的NPC（星之卡比3）；WiKirby page: Kogoesou,100,True,False
character:kookler,character,鬼怪面具,Kookler,クークラー,鬼怪面具！,,,official_reused,bwiki-infobox | bwiki-table | catalog-profiles | wikirby-names,BWIKI page: 星之卡比/杂兵; template: 杂兵；BWIKI table: 杂兵；WiKirby page: Kookler,100,True,False
character:koozer,character,振翅球球,Koozer,クーザー,振翅球球！,,,official_reused,bwiki-infobox | bwiki-table | catalog-profiles | wikirby-names,BWIKI page: 振翅球球; template: Infobox/敌对角色；BWIKI page: 星之卡比/杂兵; template: 杂兵；BWIKI table: 杂兵；WiKirby page: Koozer,100,True,False
character:kracko,character,独眼云,Kracko,クラッコ,獨眼雲,,,official,bwiki-infobox | catalog-profiles | wikirby-names,BWIKI page: 独眼云; template: Infobox/敌对角色；WiKirby page: Kracko,100,True,False
character:kracko-dx,character,独眼云 DX,Kracko DX,クラッコDX,星之卡比 三重豪华版 独眼云 DX | 独眼云 DX TDX | 独眼云 DX（星之卡比 三重豪华版）,Kirby: Triple Deluxe Kracko DX | Kracko DX (Kirby: Triple Deluxe) | Kracko DX TDX | 星之卡比 三重豪华版 独眼云 DX | 独眼云 DX TDX,,official_reused,shinkaku-page-names,真格速查 #79,150,True,False
character:kracko-jr,character,小独眼云,Kracko Jr.,クラッコJr.,,,,official_reused,bwiki-infobox | catalog-profiles | wikirby-names,BWIKI page: 小独眼云; template: Infobox/敌对角色；WiKirby page: Kracko Jr.,100,True,False
character:kracko-twin-kracko,character,独眼云&双重独眼云,Kracko & Twin Kracko,クラッコ&ツインクラッコ,星之卡比 新星同盟 独眼云&双重独眼云 | 独眼云&双重独眼云 STA | 独眼云&双重独眼云（星之卡比 新星同盟）,Kirby Star Allies Kracko & Twin Kracko | Kracko & Twin Kracko (Kirby Star Allies) | Kracko & Twin Kracko STA | 独眼云&双重独眼云 STA,,official,shinkaku-page-names,真格速查 #178,150,True,False
character:kurron,character,Kurron,Kurron,クーロン,,,,unchanged,catalog-profiles | wikirby-names,WiKirby page: Kurron,100,True,False
character:kyuin,character,水机,Kyuin,キューイン,,Glub,,official_reused,bwiki-infobox | bwiki-table | catalog-profiles | wikirby-names,BWIKI page: 集合！ 卡比/杂兵2; template: 杂兵；BWIKI table: 杂兵；WiKirby page: Kyuin,100,True,False
character:labotory,character,实验员！,Labotory,ラボトリィ,实验员,,,official_reused,bwiki-infobox | bwiki-table | catalog-profiles | wikirby-names,BWIKI page: 星之卡比 机器博博星球/杂兵; template: 杂兵；BWIKI table: 杂兵；WiKirby page: Labotory,100,True,False
character:lady-ivy,character,帕特拉刺藤,Lady Ivy,ウトパトラ,,,,official_reused,bwiki-infobox | catalog-profiles | wikirby-names,BWIKI page: 帕特拉刺藤; template: Infobox/敌对角色；WiKirby page: Lady Ivy,100,True,False
character:lady-like,character,Lady Like,Lady Like,メーム,,,,unchanged,catalog-profiles | wikirby-names,WiKirby page: Lady Like,100,True,False
character:land-barbar,character,陆地巴鲁巴鲁,Land Barbar,ランドバルバル,陆地巴鲁巴鲁！,,,official_reused,bwiki-infobox | bwiki-table | catalog-profiles | wikirby-names,BWIKI page: 星之卡比 三重豪华/杂兵; template: 杂兵；BWIKI table: 杂兵；WiKirby page: Land Barbar,100,True,False
character:landia,character,龙帝亚,Landia,ランディア,星之卡比 Wii 豪华版 龙帝亚 EX | 星之卡比 Wii 龙帝亚 EX | 龍帝亞 | 龙帝亚 EX | 龙帝亚 EX WII | 龙帝亚 EX WIIDX | 龙帝亚 EX（星之卡比 Wii 豪华版） | 龙帝亚 EX（星之卡比 Wii） | 龙帝亚EX,Kirby's Return to Dream Land Deluxe Landia EX | Kirby's Return to Dream Land Landia EX | Landia EX | Landia EX (Kirby's Return to Dream Land Deluxe) | Landia EX (Kirby's Return to Dream Land) | Landia EX WII | Landia EX WIIDX | 星之卡比 Wii 豪华版 龙帝亚 EX | 星之卡比 Wii 龙帝亚 EX | 龙帝亚 EX WII | 龙帝亚 EX WIIDX,ランディアEX | ランディアEX(WiiDX),official,bwiki-infobox | catalog-forms | catalog-profiles | shinkaku-page-names | wikirby-names,BWIKI page: 龙帝亚; template: Infobox/角色；WiKirby page: Landia；真格速查 #282；真格速查 #40,150,True,False
character:lanzer,character,枪泽尔,Lanzer,ランゼル,,,,official_reused,bwiki-infobox | bwiki-table | catalog-profiles | wikirby-names,BWIKI page: 枪泽尔; template: Infobox/敌对角色；BWIKI table: 杂兵；WiKirby page: Lanzer,100,True,False
character:large-enemy,character,Large enemy,Large enemy,,,,,unchanged,wikirby-names,WiKirby 页面没有可解析的多语言名称表,100,True,False
character:laser-ball,character,激光球,Laser Ball,レーザーボール,,,,official_reused,bwiki-infobox | bwiki-table | catalog-profiles | wikirby-names,BWIKI page: 激光球; template: Infobox/敌对角色；BWIKI table: 杂兵；WiKirby page: Laser Ball,100,True,False
character:leafan,character,叶片怪,Leafan,リーファン,葉片怪,,,official,bwiki-infobox | bwiki-table | catalog-profiles | wikirby-names,BWIKI page: 叶片怪; template: Infobox/敌对角色；BWIKI table: 杂兵；WiKirby page: Leafan,100,True,False
character:leap,character,利普,Leap,リープ,,,,official_reused,bwiki-infobox | bwiki-table | catalog-profiles | wikirby-names,BWIKI page: 星之卡比 镜之大迷宫/杂兵; template: 杂兵；BWIKI table: 杂兵；WiKirby page: Leap,100,True,False
character:leaper,character,嘞啪,Leaper,レーパー,,Deppa,,project,bwiki-infobox | catalog-profiles | wikirby-names,BWIKI page: 星之卡比 Wii/杂兵; template: 杂兵；WiKirby page: Leaper,100,True,False
character:leongar,character,狮王加尔夫,Leongar,レオンガルフ,獅王加爾夫,,,official,bwiki-infobox | catalog-profiles | wikirby-names,BWIKI page: 狮王加尔夫; template: Infobox/敌对角色；WiKirby page: Leongar,100,True,False
character:li-l-kracko,character,迷你独眼云,Li'l Kracko,コクラッコ,,Co-Kracko,,official_reused,bwiki-infobox | bwiki-table | catalog-profiles | wikirby-names,BWIKI page: 迷你独眼云; template: Infobox/敌对角色；BWIKI table: 杂兵；WiKirby page: Li'l Kracko,100,True,False
character:li-lbat,character,护卫蝙蝠,Li'lbat,リルバット,,Buzzybat's Black Bat,,official_reused,bwiki-infobox | bwiki-table | catalog-profiles | wikirby-names,BWIKI page: 集合！ 卡比/杂兵3; template: 杂兵；BWIKI table: 杂兵；WiKirby page: Li'lbat,100,True,False
character:lickeur,character,舔舔灵,Lickeur,ベロリン,,,,official_reused,bwiki-infobox | catalog-profiles | wikirby-names,BWIKI page: 毛线卡比/杂兵2; template: 杂兵；WiKirby page: Lickeur,100,True,False
character:little-woods,character,迷你小树,Little Woods,リトルウッズ,,Whispy WoodsJr.,,official_reused,bwiki-infobox | bwiki-table | catalog-profiles | wikirby-names,BWIKI page: 集合！ 卡比/杂兵1; template: 杂兵；BWIKI table: 杂兵；WiKirby page: Little Woods,100,True,False
character:load-kibble,character,勋爵弯刀骑士,Load Kibble,ロードキブル,勳爵彎刀騎士,Lord Kibble,,official,bwiki-infobox | bwiki-table | catalog-profiles | wikirby-names,BWIKI page: 星之卡比2/杂兵; template: 杂兵；BWIKI table: 杂兵；WiKirby page: Lord Kibble,100,True,False
character:lobzilla,character,Lobzilla,Lobzilla,エビゾウ,,,,unchanged,catalog-profiles | wikirby-names,WiKirby page: Lobzilla,100,True,False
character:lollipop-tank,character,棒棒糖坦克！,Lollipop Tank,ロリポップタンク,,,,project,bwiki-infobox | catalog-profiles | wikirby-names,BWIKI page: 星之卡比 三重豪华/杂兵; template: 杂兵；WiKirby 页面没有可解析的多语言名称表,100,True,False
character:lololo-lalala,character,箩箩箩＆菈菈菈,Lololo & Lalala,,,,,official,catalog-profiles,,100,True,False
character:loomis-woole,character,毛卖布,Loomis Woole,ヌーノ・ウール,,,,official_reused,bwiki-table | catalog-profiles | wikirby-names,BWIKI vertical name table: 毛线卡比/NPC；WiKirby page: Loomis Woole,100,True,False
character:lor-magolor,character,洛亚&魔法洛亚,Lor & Magolor,ローア＆マホロア,星之卡比 Wii 洛亚 EX&魔法洛亚 | 星之卡比 Wii 豪华版 洛亚 EX&魔法洛亚 | 洛亚 EX&魔法洛亚 | 洛亚 EX&魔法洛亚 WII | 洛亚 EX&魔法洛亚 WIIDX | 洛亚 EX&魔法洛亚（星之卡比 Wii 豪华版） | 洛亚 EX&魔法洛亚（星之卡比 Wii） | 洛亚EX&魔法洛亚 | 洛亞&魔法洛亞,Kirby's Return to Dream Land Deluxe Lor EX & Magolor | Kirby's Return to Dream Land Lor EX & Magolor | Lor EX & Magolor | Lor EX & Magolor (Kirby's Return to Dream Land Deluxe) | Lor EX & Magolor (Kirby's Return to Dream Land) | Lor EX & Magolor WII | Lor EX & Magolor WIIDX | 星之卡比 Wii 洛亚 EX&魔法洛亚 | 星之卡比 Wii 豪华版 洛亚 EX&魔法洛亚 | 洛亚 EX&魔法洛亚 WII | 洛亚 EX&魔法洛亚 WIIDX,ローアEX&マホロア | ローアEX&マホロア(WiiDX),official,catalog-forms | catalog-profiles | shinkaku-page-names | wikirby-names,WiKirby page: Lor & Magolor；真格速查 #289；真格速查 #44,150,True,False
character:lor-starcutter,character,洛亚,Lor Starcutter,ローア,洛亞,,,official,bwiki-infobox | curated-official-notes,BWIKI page: 洛亚; template: Infobox/角色；星之卡比官方资料.md / 核心角色词条,120,True,False
character:loud,character,小乌云,Loud,ラウド,小乌云！,,,official_reused,bwiki-infobox | bwiki-table | catalog-profiles | wikirby-names,BWIKI page: 星之卡比3/杂兵; template: 杂兵；BWIKI table: 杂兵；WiKirby page: Loud,100,True,False
character:lovely,character,小可爱,Lovely,ラブリー,小可爱！,,,official_reused,bwiki-infobox | bwiki-table | catalog-profiles | wikirby-names,BWIKI page: 小可爱; template: Infobox/敌对角色；BWIKI page: 星之卡比 超级豪华版/杂兵; template: 杂兵；BWIKI table: 杂兵；WiKirby page: Lovely,100,True,False
character:lumberjack-waddle-dee,character,Lumberjack Waddle Dee,Lumberjack Waddle Dee,,,,,unchanged,catalog-profiles | wikirby-names,WiKirby 页面没有可解析的多语言名称表,100,True,False
character:mabel,character,Mabel,Mabel,メーベル,,,,unchanged,catalog-profiles | wikirby-names,WiKirby page: Mabel,100,True,False
character:mace-knight,character,锤矛骑士,Mace Knight,メイスナイト,錘矛騎士,,,official,bwiki-infobox | catalog-profiles | wikirby-names,BWIKI page: 锤矛骑士; template: Infobox/敌对角色；WiKirby page: Mace Knight,100,True,False
character:madoo,character,魔导,Madoo,マドゥー,魔导！,,,official_reused,bwiki-infobox | bwiki-table | catalog-profiles | wikirby-names,BWIKI page: 星之卡比3/杂兵; template: 杂兵；BWIKI table: 杂兵；WiKirby page: Madoo,100,True,False
character:magical-sweeper,character,魔法扫荡者,Magical Sweeper,マジカルスイーパー,魔法扫荡者！,,マジカルスィーパー,official_reused,bwiki-infobox | bwiki-table | catalog-profiles | wikirby-names,BWIKI page: 星之卡比 超级豪华版/杂兵; template: 杂兵；BWIKI page: 魔法扫荡者; template: Infobox/敌对角色；BWIKI table: 杂兵；WiKirby page: Magical Sweeper,100,True,False
character:magman,character,容炎,Magman,ヨガン,,,,official,bwiki-infobox | catalog-profiles | wikirby-names,BWIKI page: 容炎; template: Infobox/敌对角色；WiKirby page: Magman,100,True,False
character:magmotamus,character,岩浆河马,Magmotamus,マグモグ,,,,official_reused,bwiki-infobox | catalog-profiles | wikirby-names,BWIKI page: 毛线卡比/杂兵1; template: 杂兵；WiKirby page: Magmotamus,100,True,False
character:magolor,character,魔法洛亚,Magolor,マホロア,星之卡比 Wii 豪华版 魔法洛亚 EX | 星之卡比 Wii 魔法洛亚 EX | 星之卡比 新星同盟 魔法洛亚 | 经理魔法洛亚 | 魔法洛亚 EX | 魔法洛亚 EX WII | 魔法洛亚 EX WIIDX | 魔法洛亚 EX（星之卡比 Wii 豪华版） | 魔法洛亚 EX（星之卡比 Wii） | 魔法洛亚 STA | 魔法洛亚EX | 魔法洛亚（星之卡比 新星同盟） | 魔法洛亞,Kirby Star Allies Magolor | Kirby's Return to Dream Land Deluxe Magolor EX | Kirby's Return to Dream Land Magolor EX | Lost Magolor | Magolor (Kirby Star Allies) | Magolor (novel character) | Magolor (second form) | Magolor EX | Magolor EX (Kirby's Return to Dream Land Deluxe) | Magolor EX (Kirby's Return to Dream Land) | Magolor EX WII | Magolor EX WIIDX | Magolor STA | Manager Magolor | Traitor Magolor | Traitor Magolor EX | 星之卡比 Wii 豪华版 魔法洛亚 EX | 星之卡比 Wii 魔法洛亚 EX | 魔法洛亚 EX WII | 魔法洛亚 EX WIIDX | 魔法洛亚 STA,マホロア(STA) | マホロアEX | マホロアEX(WiiDX),official,bwiki-infobox | catalog-forms | catalog-profiles | curated-official-notes | shinkaku-page-names | wikirby-names,BWIKI page: 魔法洛亚; template: Infobox/角色；WiKirby page: Magolor；WiKirby page: Traitor Magolor；WiKirby 页面没有可解析的多语言名称表；星之卡比官方资料.md / 核心角色词条；真格速查 #167；真格速查 #290；真格速查 #47,150,True,False
character:magolor-soul,character,魔法洛亚灵魂,Magolor Soul,マホロア ソウル,星之卡比 Wii 豪华版 魔法洛亚灵魂 | 星之卡比 Wii 魔法洛亚灵魂 | 魔法洛亚灵魂 WII | 魔法洛亚灵魂 WIIDX | 魔法洛亚灵魂（星之卡比 Wii 豪华版） | 魔法洛亚灵魂（星之卡比 Wii） | 魔法洛亞靈魂,Kirby's Return to Dream Land Deluxe Magolor Soul | Kirby's Return to Dream Land Magolor Soul | Magolor Soul (Kirby's Return to Dream Land Deluxe) | Magolor Soul (Kirby's Return to Dream Land) | Magolor Soul WII | Magolor Soul WIIDX | 星之卡比 Wii 豪华版 魔法洛亚灵魂 | 星之卡比 Wii 魔法洛亚灵魂 | 魔法洛亚灵魂 WII | 魔法洛亚灵魂 WIIDX,マホロア ソウル(WiiDX),official,bwiki-infobox | catalog-profiles | shinkaku-page-names | wikirby-names,BWIKI page: 魔法洛亚灵魂; template: Infobox/敌对角色；WiKirby page: Magolor Soul；真格速查 #293；真格速查 #48,150,True,False
character:magoo,character,熔熔浆,Magoo,マグー,玛果！,Lava Magmer | Magu,,official_reused,bwiki-infobox | bwiki-table | catalog-profiles | wikirby-names,BWIKI page: 星之卡比3/杂兵; template: 杂兵；BWIKI page: 集合！ 卡比/杂兵2; template: 杂兵；BWIKI table: 杂兵；WiKirby page: Magoo；WiKirby page: Magu,100,True,False
character:magu,character,Magu,Magu,,,,,unchanged,catalog-profiles,,100,True,False
character:mahall,character,玛孔！,Mahall,マホール,,,,project,bwiki-infobox | catalog-profiles | wikirby-names,BWIKI page: 星之卡比64/杂兵; template: 杂兵；WiKirby page: Mahall,100,True,False
character:maiga,character,麦加,Maiga,マイガ,,,,official_reused,bwiki-infobox | bwiki-table | catalog-profiles | wikirby-names,BWIKI page: 星之卡比 怪盗洛切团登场！/杂兵; template: 杂兵；BWIKI table: 杂兵；WiKirby page: Maiga,100,True,False
character:maimaigon,character,Maimaigon,Maimaigon,マイマイゴン,,,,unchanged,catalog-profiles | wikirby-names,WiKirby page: Maimaigon,100,True,False
character:mamatee,character,蛙镜魟鱼,Mamatee,ママンティ,蛙鏡魟魚,Mamanti,,official,bwiki-infobox | bwiki-table | catalog-profiles | wikirby-names,BWIKI page: 蛙镜魟鱼; template: Infobox/敌对角色；BWIKI table: 杂兵；WiKirby page: Mamatee,100,True,False
character:mara,character,踏米踏米,Mara,フミフミ,,,,official_reused,bwiki-table | catalog-profiles | wikirby-names,BWIKI vertical name table: 毛线卡比/NPC；WiKirby page: Mara,100,True,False
character:mariel,character,玛利埃尔,Mariel,マリエル,玛利埃尔！,,,official_reused,bwiki-infobox | bwiki-table | catalog-profiles | wikirby-names,BWIKI page: 星之卡比3/杂兵; template: 杂兵；BWIKI page: 玛利埃尔; template: Infobox/敌对角色；BWIKI table: 杂兵；WiKirby page: Mariel,100,True,False
character:mariner,character,剑海兵,Mariner,ケンカイヘー,,Sword Mariner,,official_reused,bwiki-infobox | catalog-profiles | wikirby-names,BWIKI page: 毛线卡比/杂兵2; template: 杂兵；WiKirby page: Mariner,100,True,False
character:martial-arts-all-stars,character,Martial Arts All-Stars,Martial Arts All-Stars,カンフー・リー,,,,unchanged,catalog-profiles | wikirby-names,WiKirby page: Martial Arts All-Stars,100,True,False
character:marx,character,魔噜酷,Marx,マルク,星之卡比 新星同盟 马克 | 马克 | 马克 STA | 马克（星之卡比 新星同盟） | 魔嚕酷,Kirby Star Allies Marx | Marx (Kirby Star Allies) | Marx STA | 马克 STA,マルク(STA),official,bwiki-infobox | catalog-profiles | shinkaku-page-names | wikirby-names,BWIKI page: 魔噜酷; template: Infobox/角色；WiKirby page: Marx；真格速查 #162,150,True,False
character:marx-soul,character,魔噜酷灵魂,Marx Soul,マルク ソウル,魔嚕酷靈魂,,,official,bwiki-infobox | catalog-profiles | wikirby-names,BWIKI page: 魔噜酷灵魂; template: Infobox/敌对角色；WiKirby page: Marx Soul,100,True,False
character:masher,character,铁球武士,Masher,マッシャー,鐵球武士,,,official,bwiki-infobox | bwiki-table | catalog-profiles | wikirby-names,BWIKI page: 星之卡比2/杂兵; template: 杂兵；BWIKI page: 铁球武士; template: Infobox/敌对角色；BWIKI table: 杂兵；WiKirby page: Masher,100,True,False
character:masher-2-0,character,Masher 2.0,Masher 2.0,パワードマッシャー,,Masher 2.0 (monster),,unchanged,catalog-profiles | wikirby-names,WiKirby page: Masher 2.0 (monster),100,True,False
character:masked-dedede,character,面具帝帝帝,Masked Dedede,マスクド・デデデ,蒙面·帝帝帝,,マスクド·デデデ,official,bwiki-infobox | catalog-profiles | wikirby-names,BWIKI page: 蒙面·帝帝帝; template: Infobox/敌对角色；WiKirby page: Masked Dedede,100,True,False
character:master-crown-boss,character,大师王冠,Master Crown (boss),マスタークラウン,大师王冠 WIIDX | 大师王冠（星之卡比 Wii 豪华版） | 星之卡比 Wii 豪华版 大师王冠,Kirby's Return to Dream Land Deluxe Master Crown | Master Crown | Master Crown (Kirby's Return to Dream Land Deluxe) | Master Crown WIIDX | 大师王冠 WIIDX | 星之卡比 Wii 豪华版 大师王冠,,official,bwiki-infobox | catalog-profiles | shinkaku-page-names | wikirby-names,BWIKI page: 大师王冠; template: Infobox/敌对角色；BWIKI page: 大师王冠; template: Infobox/道具；WiKirby 页面没有可解析的多语言名称表；真格速查 #292,150,True,False
character:master-green,character,绿大师,Master Green,マスターグリーン,綠大師,,,official,bwiki-infobox | catalog-profiles | wikirby-names,BWIKI page: 绿大师; template: Infobox/敌对角色；WiKirby page: Master Green,100,True,False
character:master-hand,character,大师之手,Master Hand,マスターハンド,,,,official_reused,bwiki-infobox,BWIKI page: 大师之手; template: Infobox/敌对角色,100,True,False
character:master-pengy,character,大朋吉,Master Pengy,マスターペンギー,大师企鹅怪！,Master Pengi,,official_reused,bwiki-infobox | bwiki-table | catalog-profiles | wikirby-names,BWIKI page: 星之卡比2/杂兵; template: 杂兵；BWIKI table: 杂兵；WiKirby page: Master Pengy,100,True,False
character:maw,character,大嘴乔！,Maw,パックンチョ,,,,project,bwiki-infobox | catalog-profiles | wikirby-names,BWIKI page: 星之卡比64/杂兵; template: 杂兵；WiKirby page: Maw,100,True,False
character:max-flexer,character,肌肉猛男,Max Flexer,マッチョサン,,,,official_reused,bwiki-table | catalog-profiles | wikirby-names,BWIKI table: 杂兵；WiKirby page: Max Flexer,100,True,False
character:mayor-len-blustergas,character,Mayor Len Blustergas,Mayor Len Blustergas,レン村長,,,,unchanged,catalog-profiles | wikirby-names,WiKirby page: Mayor Len Blustergas,100,True,False
character:me-devil,character,本大爷·恶魔,Me-Devil,オレ・デビール,本大爺·惡魔,,,official,catalog-profiles | wikirby-names,WiKirby page: Me-Devil,100,True,False
character:mech-geg,character,盔盔卵,Mech Geg,メカオエッグ,,,,official_reused,bwiki-infobox | bwiki-table | catalog-profiles | wikirby-names,BWIKI page: 集合！ 卡比/杂兵2; template: 杂兵；BWIKI table: 杂兵；WiKirby page: Mech Geg,100,True,False
character:mecha-cotta,character,机甲陶土兵,Mecha Cotta,メカコッタ,,,,official_reused,bwiki-infobox | catalog-profiles | wikirby-names,BWIKI page: 触摸！ 卡比 超级彩虹/杂兵; template: 杂兵；WiKirby page: Mecha Cotta,100,True,False
character:mecha-knight,character,Mecha Knight+,Mecha Knight+,メタナイトボーグ改,,Mecha Knight,メタナイトボーグ,unchanged,bwiki-infobox | catalog-profiles | wikirby-names,BWIKI page: 机械魅塔骑士; template: Infobox/敌对角色；WiKirby page: Mecha Knight；WiKirby page: Mecha Knight+,100,True,False
character:mecha-kracko,character,机械独眼云,Mecha-Kracko,メカクラッコ,,Mecha Kracko,,project,bwiki-infobox | catalog-profiles | wikirby-names,BWIKI page: 机械独眼云; template: Infobox/敌对角色；WiKirby page: Mecha-Kracko,100,True,False
character:mechamech,character,裝甲機器人,Mechamech,アーマロイド,装甲机器人,Armoroid,,official,bwiki-infobox | catalog-profiles | wikirby-names,BWIKI page: 星之卡比 Wii/杂兵; template: 杂兵；WiKirby page: Mechamech,100,True,False
character:mega-blado,character,Mega Blado,Mega Blado,メガブレドー,,,,unchanged,catalog-profiles | wikirby-names,WiKirby page: Mega Blado,100,True,False
character:mega-grindarr,character,巨型压压砖,Mega Grindarr,デカゴプレス,,,,official_reused,bwiki-infobox | catalog-profiles | wikirby-names,BWIKI page: 触摸！ 卡比 超级彩虹/杂兵; template: 杂兵；WiKirby page: Mega Grindarr,100,True,False
character:mega-titan,character,巨型泰坦,Mega Titan,メガタイタン,,,,project,bwiki-infobox | catalog-profiles | wikirby-names,BWIKI page: 巨型泰坦; template: Infobox/敌对角色；WiKirby page: Mega Titan,100,True,False
character:mega-yin-yarn,character,阿米博・罗博,Mega Yin-Yarn,アミーボ・ロボ,,,,project,bwiki-infobox,BWIKI page: 阿米博・罗博; template: Infobox/敌对角色,100,True,False
character:melman,character,Melman,Melman,モソ,,,,unchanged,catalog-profiles | wikirby-names,WiKirby page: Melman,100,True,False
character:merengue-xiii,character,Merengue XIII,Merengue XIII,メレンゲール十三世,,,,unchanged,catalog-profiles | wikirby-names,WiKirby page: Merengue XIII,100,True,False
character:merman-statue,character,Merman Statue,Merman Statue,,,,,unchanged,catalog-profiles | wikirby-names,WiKirby page: Merman Statue,100,True,False
character:meta-knight,character,魅塔骑士,Meta Knight,メタナイト,星之卡比 Wii 豪华版 魅塔骑士 | 星之卡比 Wii 魅塔骑士 | 星之卡比 新星同盟 魅塔骑士 | 梅塔奈特 | 魅塔騎士 | 魅塔骑士 STA | 魅塔骑士 WII | 魅塔骑士 WIIDX | 魅塔骑士（星之卡比 Wii 豪华版） | 魅塔骑士（星之卡比 Wii） | 魅塔骑士（星之卡比 新星同盟 · 复制能力与可操作角色） | 魅塔骑士（星之卡比 新星同盟 · 首领攻略）,Kirby Star Allies Meta Knight | Kirby's Return to Dream Land Deluxe Meta Knight | Kirby's Return to Dream Land Meta Knight | Meta Knight (anime character) | Meta Knight (Kirby Star Allies - Boss Guides) | Meta Knight (Kirby Star Allies - Copy Abilities and Playable Characters) | Meta Knight (Kirby's Return to Dream Land Deluxe) | Meta Knight (Kirby's Return to Dream Land) | Meta Knight (novel character) | Meta Knight STA | Meta Knight WII | Meta Knight WIIDX | 星之卡比 Wii 豪华版 魅塔骑士 | 星之卡比 Wii 魅塔骑士 | 魅塔骑士 STA | 魅塔骑士 WII | 魅塔骑士 WIIDX,VS.メタナイト | メタナイト(STA) | メタナイト(Wii) | メタナイト(WiiDX) | メタナイト(ボス戦),official,bwiki-infobox | catalog-profiles | curated-official-notes | shinkaku-page-names | wikirby-names,BWIKI page: VS.魅塔骑士; template: Infobox/音乐；BWIKI page: 魅塔骑士; template: Infobox/角色；WiKirby page: Meta Knight；WiKirby page: Meta Knight (anime character)；WiKirby 页面没有可解析的多语言名称表；星之卡比官方资料.md / 核心角色词条；真格速查 #160；真格速查 #176；真格速查 #269；真格速查 #30,150,True,False
character:meta-knights,character,魅塔骑士团,Meta-Knights,メタ・ナイツ,魅塔騎士團,,メタナイツ,official,bwiki-infobox | catalog-profiles | wikirby-names,BWIKI page: 魅塔骑士团; template: Infobox/敌对角色；WiKirby page: Meta-Knights,100,True,False
character:metal-acro,character,机械虎鲸！,Metal Acro,メタルアクロ,机械虎鲸,Mech Acro,,official_reused,bwiki-infobox | bwiki-table | catalog-profiles | wikirby-names,BWIKI page: 星之卡比 机器博博星球/杂兵; template: 杂兵；BWIKI table: 杂兵；WiKirby page: Metal Acro,100,True,False
character:metal-bit,character,金属头,Metal Bit,メタルビット,金属头！,,,official_reused,bwiki-infobox | bwiki-table,BWIKI page: 星之卡比 Wii/杂兵; template: 杂兵；BWIKI table: 杂兵,100,True,False
character:metal-general,character,金属将军,Metal General,メタルジェネラル,星之卡比 Wii 豪华版 金属将军 EX | 星之卡比 Wii 金属将军 EX | 金属将军 EX | 金属将军 EX WII | 金属将军 EX WIIDX | 金属将军 EX（星之卡比 Wii 豪华版） | 金属将军 EX（星之卡比 Wii） | 金属将军EX | 金屬將軍,Kirby's Return to Dream Land Deluxe Metal General EX | Kirby's Return to Dream Land Metal General EX | Metal General EX | Metal General EX (Kirby's Return to Dream Land Deluxe) | Metal General EX (Kirby's Return to Dream Land) | Metal General EX WII | Metal General EX WIIDX | 星之卡比 Wii 豪华版 金属将军 EX | 星之卡比 Wii 金属将军 EX | 金属将军 EX WII | 金属将军 EX WIIDX,メタルジェネラルEX | メタルジェネラルEX(WiiDX),official,bwiki-infobox | catalog-forms | catalog-profiles | shinkaku-page-names | wikirby-names,BWIKI page: 金属将军; template: Infobox/敌对角色；WiKirby page: Metal General；真格速查 #277；真格速查 #39,150,True,False
character:metal-guardian,character,金属守卫,Metal Guardian,メタル ガーディアン,,,メタルガーディアン,official_reused,bwiki-infobox | bwiki-table | catalog-profiles | wikirby-names,BWIKI page: 星之卡比 镜之大迷宫/杂兵; template: 杂兵；BWIKI table: 杂兵；WiKirby page: Metal Guardian,100,True,False
character:metalun,character,金属伦,Metalun,メタルン,,,,official_reused,bwiki-infobox | bwiki-table | catalog-profiles | wikirby-names,BWIKI page: 星之卡比 怪盗洛切团登场！/杂兵; template: 杂兵；BWIKI table: 杂兵；WiKirby page: Metalun,100,True,False
character:meteor,character,Meteor,Meteor,,,,,unchanged,catalog-profiles | wikirby-names,WiKirby 页面没有可解析的多语言名称表,100,True,False
character:metroid,character,密特罗德,Metroid,メトロイド,,,,official_reused,bwiki-infobox | bwiki-table,BWIKI page: 星之卡比3/杂兵; template: 杂兵；BWIKI table: 杂兵,100,True,False
character:miasmoros,character,毒波洛斯,Miasmoros,ポイズンボロス,,,,official,bwiki-infobox | catalog-profiles | wikirby-names,BWIKI page: 毒波洛斯; template: Infobox/敌对角色；WiKirby page: Miasmoros,100,True,False
character:microphone-waddle-dee,character,音声瓦豆鲁迪,Microphone Waddle Dee,音声ワドルディ,,,,official_reused,bwiki-infobox,BWIKI page: 瓦豆鲁迪/种类; template: 杂兵,100,True,False
character:mid-boss,character,中魔王,Mid-boss,中ボス,,,,official,wikirby-names,WiKirby page: Mid-boss,100,True,False
character:mid-boss-all-stars-1,character,中首领全明星 1,Mid-Boss All Stars 1,中ボス オールスターズ1,中首领全明星 1 RBP | 中首领全明星 1（星之卡比 机器人星球） | 星之卡比 机器人星球 中首领全明星 1,Kirby: Planet Robobot Mid-Boss All Stars 1 | Mid-Boss All Stars 1 (Kirby: Planet Robobot) | Mid-Boss All Stars 1 RBP | 中首领全明星 1 RBP,,project,shinkaku-page-names,真格速查 #120,150,True,False
character:mid-boss-all-stars-2,character,中首领全明星 2,Mid-Boss All Stars 2,中ボス オールスターズ2,中首领全明星 2 RBP | 中首领全明星 2（星之卡比 机器人星球） | 星之卡比 机器人星球 中首领全明星 2,Kirby: Planet Robobot Mid-Boss All Stars 2 | Mid-Boss All Stars 2 (Kirby: Planet Robobot) | Mid-Boss All Stars 2 RBP | 中首领全明星 2 RBP,,project,shinkaku-page-names,真格速查 #124,150,True,False
character:mid-boss-group-1-ex-wild-frosty-wild-edge,character,中首领军团 1 EX（狂野冰霜&狂野刃）,Mid-Boss Group 1 EX (Wild Frosty & Wild Edge),中ボス軍団1 EX(ワイルドフロスト&ワイルドエッジ),中首领军团 1 EX（狂野冰霜&狂野刃） DIS | 中首领军团 1 EX（狂野冰霜&狂野刃）（星之卡比 探索发现） | 星之卡比 探索发现 中首领军团 1 EX（狂野冰霜&狂野刃）,Kirby and the Forgotten Land Mid-Boss Group 1 EX (Wild Frosty & Wild Edge) | Mid-Boss Group 1 EX (Wild Frosty & Wild Edge) (Kirby and the Forgotten Land) | Mid-Boss Group 1 EX (Wild Frosty & Wild Edge) DIS | 中首领军团 1 EX（狂野冰霜&狂野刃） DIS | 星之卡比 探索发现 中首领军团 1 EX（狂野冰霜&狂野刃）,,official,shinkaku-page-names,真格速查 #236,150,True,False
character:mid-boss-group-1-extra,character,中首领军团 1,Mid-Boss Group 1 Extra,中ボス軍団1,中首领军团 1 Extra | 中首领军团 1 Extra STA | 中首领军团 1 Extra（星之卡比 新星同盟） | 中首领军团 1 STA | 中首领军团 1（星之卡比 新星同盟） | 星之卡比 新星同盟 中首领军团 1 | 星之卡比 新星同盟 中首领军团 1 Extra,Kirby Star Allies Mid-Boss Group 1 | Kirby Star Allies Mid-Boss Group 1 Extra | Mid-Boss Group 1 | Mid-Boss Group 1 (Kirby Star Allies) | Mid-Boss Group 1 Extra (Kirby Star Allies) | Mid-Boss Group 1 Extra STA | Mid-Boss Group 1 STA | 中首领军团 1 Extra STA | 中首领军团 1 STA | 星之卡比 新星同盟 中首领军团 1 Extra,中ボス軍団1(STA) | 中ボス軍団1(STA-Extra),project,shinkaku-page-names,真格速查 #173；真格速查 #188,150,True,False
character:mid-boss-group-1-wild-frosty-wild-edge,character,中首领军团 1（狂野冰霜&狂野刃）,Mid-Boss Group 1 (Wild Frosty & Wild Edge),中ボス軍団1(ワイルドフロスト&ワイルドエッジ),中首领军团 1（狂野冰霜&狂野刃） DIS | 中首领军团 1（狂野冰霜&狂野刃）（星之卡比 探索发现） | 星之卡比 探索发现 中首领军团 1（狂野冰霜&狂野刃）,Kirby and the Forgotten Land Mid-Boss Group 1 (Wild Frosty & Wild Edge) | Mid-Boss Group 1 (Wild Frosty & Wild Edge) (Kirby and the Forgotten Land) | Mid-Boss Group 1 (Wild Frosty & Wild Edge) DIS | 中首领军团 1（狂野冰霜&狂野刃） DIS,,official,shinkaku-page-names,真格速查 #223,150,True,False
character:mid-boss-group-2-ex-wild-bonkers-fleurina,character,中首领军团 2 EX（狂野锤星猩&天鹅罗利那）,Mid-Boss Group 2 EX (Wild Bonkers & Fleurina),中ボス軍団2 EX(ワイルドボンカース&スワロリーナ),中首领军团 2 EX（狂野锤星猩&天鹅罗利那） DIS | 中首领军团 2 EX（狂野锤星猩&天鹅罗利那）（星之卡比 探索发现） | 星之卡比 探索发现 中首领军团 2 EX（狂野锤星猩&天鹅罗利那）,Kirby and the Forgotten Land Mid-Boss Group 2 EX (Wild Bonkers & Fleurina) | Mid-Boss Group 2 EX (Wild Bonkers & Fleurina) (Kirby and the Forgotten Land) | Mid-Boss Group 2 EX (Wild Bonkers & Fleurina) DIS | 中首领军团 2 EX（狂野锤星猩&天鹅罗利那） DIS | 星之卡比 探索发现 中首领军团 2 EX（狂野锤星猩&天鹅罗利那）,,official,shinkaku-page-names,真格速查 #237,150,True,False
character:mid-boss-group-2-extra,character,中首领军团 2,Mid-Boss Group 2 Extra,中ボス軍団2,中首领军团 2 Extra | 中首领军团 2 Extra STA | 中首领军团 2 Extra（星之卡比 新星同盟） | 中首领军团 2 STA | 中首领军团 2（星之卡比 新星同盟） | 星之卡比 新星同盟 中首领军团 2 | 星之卡比 新星同盟 中首领军团 2 Extra,Kirby Star Allies Mid-Boss Group 2 | Kirby Star Allies Mid-Boss Group 2 Extra | Mid-Boss Group 2 | Mid-Boss Group 2 (Kirby Star Allies) | Mid-Boss Group 2 Extra (Kirby Star Allies) | Mid-Boss Group 2 Extra STA | Mid-Boss Group 2 STA | 中首领军团 2 Extra STA | 中首领军团 2 STA | 星之卡比 新星同盟 中首领军团 2 Extra,中ボス軍団2(STA) | 中ボス軍団2(STA-Extra),project,shinkaku-page-names,真格速查 #175；真格速查 #190,150,True,False
character:mid-boss-group-2-wild-bonkers-fleurina,character,中首领军团 2（狂野锤星猩&天鹅罗利那）,Mid-Boss Group 2 (Wild Bonkers & Fleurina),中ボス軍団2(ワイルドボンカース&スワロリーナ),中首领军团 2（狂野锤星猩&天鹅罗利那） DIS | 中首领军团 2（狂野锤星猩&天鹅罗利那）（星之卡比 探索发现） | 星之卡比 探索发现 中首领军团 2（狂野锤星猩&天鹅罗利那）,Kirby and the Forgotten Land Mid-Boss Group 2 (Wild Bonkers & Fleurina) | Mid-Boss Group 2 (Wild Bonkers & Fleurina) (Kirby and the Forgotten Land) | Mid-Boss Group 2 (Wild Bonkers & Fleurina) DIS | 中首领军团 2（狂野锤星猩&天鹅罗利那） DIS,,official,shinkaku-page-names,真格速查 #224,150,True,False
character:mikarin-kagami-mocchi,character,小蜜柑&镜饼饼,Mikarin & Kagami Mocchi,ミカリン,,Mikarin & Kagamimocchi,ミカリン&かがみもっち,official_reused,bwiki-table | catalog-profiles | wikirby-names,BWIKI vertical name table: 需要帮助的NPC（星之卡比3）；WiKirby page: Mikarin & Kagami Mocchi,100,True,False
character:mine,character,麦恩,Mine,マイン,麥恩,,,official,bwiki-table | catalog-profiles | wikirby-names,BWIKI vertical name table: 需要帮助的NPC（星之卡比3）；WiKirby page: Mine,100,True,False
character:mini-deepsee,character,迷你海葵,Mini Deepsee,ミニラム,,,,official_reused,bwiki-infobox | catalog-profiles | wikirby-names,BWIKI page: 触摸！ 卡比 超级彩虹/杂兵; template: 杂兵；WiKirby page: Mini Deepsee,100,True,False
character:mini-lobster,character,迷你龙虾,Mini Lobster,ミニロブスター,,,,official_reused,bwiki-infobox | bwiki-table,BWIKI page: 重装龙虾; template: Infobox/敌对角色；BWIKI table: 杂兵,100,True,False
character:minion-waddle-dee,character,家臣瓦豆鲁迪,Minion Waddle Dee,けらいワドルディ,家臣瓦豆魯迪,,,official,bwiki-infobox | catalog-profiles | wikirby-names,BWIKI page: 瓦豆鲁迪/种类; template: 杂兵；WiKirby page: Minion Waddle Dee,100,True,False
character:minny,character,米尼,Minny,ミニー,迷尼,,,official,bwiki-infobox | bwiki-table | catalog-profiles | wikirby-names,BWIKI page: 星之卡比 镜之大迷宫/杂兵; template: 杂兵；BWIKI table: 杂兵；WiKirby page: Minny,100,True,False
character:miracle-matter,character,奇迹物质,Miracle Matter,ミラクルマター,,,,project,bwiki-infobox | catalog-profiles | wikirby-names,BWIKI page: 奇迹物质; template: Infobox/敌对角色；WiKirby page: Miracle Matter,100,True,False
character:mirra,character,镜蓝,Mirra,ミラン,鏡藍,,,official,bwiki-infobox | bwiki-table | catalog-profiles | wikirby-names,BWIKI page: 星之卡比 镜之大迷宫/杂兵; template: 杂兵；BWIKI table: 杂兵；WiKirby page: Mirra,100,True,False
character:missile-roller,character,滚轮导弹,Missile Roller,ミサイローラー,,MissileRoller,,official_reused,bwiki-infobox | bwiki-table | catalog-profiles | wikirby-names,BWIKI page: 集合！ 卡比/杂兵3; template: 杂兵；BWIKI table: 杂兵；WiKirby page: Missile Roller,100,True,False
character:missile-waddle-dee,character,炸弹瓦豆鲁迪,Missile Waddle Dee,バクダンワドルディ,,,,official_reused,bwiki-infobox,BWIKI page: 瓦豆鲁迪/种类; template: 杂兵,100,True,False
character:mister-anglep,character,怒苹先生,Mister Anglep,ミスター・アングリップ,,Mad Apple,,official_reused,bwiki-infobox | bwiki-table | catalog-profiles | wikirby-names,BWIKI page: 星之卡比 超级豪华版/杂兵; template: 杂兵；BWIKI table: 杂兵；WiKirby page: Mister Anglep,100,True,False
character:mite,character,长臂鼹鼠！,Mite,ヒョコ,,,,project,bwiki-infobox | catalog-profiles | wikirby-names,BWIKI page: 星之卡比64/杂兵; template: 杂兵；WiKirby page: Mite,100,True,False
character:moai-block,character,雕像怪,Moai Block,モアイブロック,雕像怪！,Statue,,official_reused,bwiki-infobox | bwiki-table | catalog-profiles | wikirby-names,BWIKI page: 星之卡比 Wii/杂兵; template: 杂兵；BWIKI table: 杂兵；WiKirby page: Moai Block,100,True,False
character:moggy,character,莫吉,Moggy,モギィ,,Moggy (monster),モギー,official_reused,bwiki-infobox | bwiki-table | catalog-profiles | wikirby-names,BWIKI page: 集合！ 卡比/杂兵1; template: 杂兵；BWIKI table: 杂兵；WiKirby page: Moggy；WiKirby page: Moggy (monster),100,True,False
character:mogmole,character,莫古鼹,Mogmole,モグモラ,,Bombmole,,official_reused,bwiki-infobox | bwiki-table | catalog-profiles | wikirby-names,BWIKI page: 集合！ 卡比/杂兵3; template: 杂兵；BWIKI table: 杂兵；WiKirby page: Mogmole,100,True,False
character:moley,character,莫利,Moley,モーリィ,,,,project,bwiki-infobox | catalog-profiles | wikirby-names,BWIKI page: 莫利; template: Infobox/敌对角色；WiKirby page: Moley,100,True,False
character:mono-soarar,character,滑翔黑翼,Mono Soarar,モノソアラ,,Dart Soarar,,official_reused,bwiki-infobox | bwiki-table | catalog-profiles | wikirby-names,BWIKI page: 集合！ 卡比/杂兵3; template: 杂兵；BWIKI table: 杂兵；WiKirby page: Mono Soarar,100,True,False
character:monsieur-goan,character,Monsieur Goan,Monsieur Goan,,,,,unchanged,catalog-profiles | wikirby-names,WiKirby 页面没有可解析的多语言名称表,100,True,False
character:monster,character,Monster,Monster,,,,,unchanged,wikirby-names,WiKirby page: Monster,100,True,False
character:mony,character,莫尼,Mony,モニィ,莫尼！,,,official_reused,bwiki-infobox | bwiki-table | catalog-profiles | wikirby-names,BWIKI page: 星之卡比3/杂兵; template: 杂兵；BWIKI table: 杂兵；WiKirby page: Mony,100,True,False
character:mookie,character,牧吱斯,Mookie,ムッキース,,,,official,bwiki-infobox | bwiki-table | catalog-profiles | wikirby-names,BWIKI page: 星之卡比 探索发现/杂兵; template: 杂兵；BWIKI table: 杂兵；WiKirby page: Mookie,100,True,False
character:moon-warriors-waning-crescent-masked-dedede-waxing-crescent-masked-meta-knight,character,月下无双 下弦的蒙面·帝帝帝&上弦的蒙面·魅塔骑士,"Moon Warriors, Waning Crescent Masked Dedede & Waxing Crescent Masked Meta Knight",月下無双 下弦のマスクド・デデデ&上弦のマスクド・メタナイト,月下無雙 下弦的蒙面·帝帝帝&上弦的蒙面·魅塔騎士,Waning Crescent Masked Dedede & Waxing Crescent Masked Meta Knight,,official,catalog-profiles | wikirby-names,WiKirby page: Waning Crescent Masked Dedede & Waxing Crescent Masked Meta Knight,100,True,False
character:moonja,character,月影,Moonja,ツキカゲ,,,,official,bwiki-infobox | bwiki-table | catalog-profiles | wikirby-names,BWIKI page: 月影; template: Infobox/敌对角色；BWIKI table: 杂兵；WiKirby page: Moonja,100,True,False
character:mopoo,character,莫波,Mopoo,モプー,,,,official_reused,bwiki-infobox | bwiki-table | catalog-profiles | wikirby-names,BWIKI page: 莫波; template: Infobox/敌对角色；BWIKI table: 杂兵；WiKirby page: Mopoo,100,True,False
character:morpho-knight,character,冥蝶骑士,Morpho Knight,バルフレイナイト,冥蝶騎士 | 冥蝶骑士 DIS | 冥蝶骑士 STA | 冥蝶骑士（星之卡比 探索发现） | 冥蝶骑士（星之卡比 新星同盟） | 星之卡比 探索发现 冥蝶骑士 | 星之卡比 新星同盟 冥蝶骑士,Kirby and the Forgotten Land Morpho Knight | Kirby Star Allies Morpho Knight | Morpho Knight (Kirby and the Forgotten Land) | Morpho Knight (Kirby Star Allies) | Morpho Knight DIS | Morpho Knight STA | 冥蝶骑士 DIS | 冥蝶骑士 STA,バルフレイナイト(Dis) | 審判の夢見鳥：バルフレイナイト,official,bwiki-infobox | catalog-profiles | shinkaku-page-names | wikirby-names,BWIKI page: 冥蝶骑士; template: Infobox/敌对角色；BWIKI page: 审判的梦蝶：冥蝶骑士; template: Infobox/音乐；WiKirby page: Morpho Knight；真格速查 #183；真格速查 #228,150,True,False
character:morpho-knight-ex,character,冥蝶骑士 EX,Morpho Knight EX,バルフレイナイト(EX),冥蝶骑士 EX DIS | 冥蝶骑士 EX STA | 冥蝶骑士 EX（星之卡比 探索发现） | 冥蝶骑士 EX（星之卡比 新星同盟） | 星之卡比 探索发现 冥蝶骑士 EX | 星之卡比 新星同盟 冥蝶骑士 EX,Kirby and the Forgotten Land Morpho Knight EX | Kirby Star Allies Morpho Knight EX | Morpho Knight EX (Kirby and the Forgotten Land) | Morpho Knight EX (Kirby Star Allies) | Morpho Knight EX DIS | Morpho Knight EX STA | 冥蝶骑士 EX DIS | 冥蝶骑士 EX STA | 星之卡比 探索发现 冥蝶骑士 EX | 星之卡比 新星同盟 冥蝶骑士 EX,バルフレイナイト(Dis-EX) | バルフレイナイトEX,official,shinkaku-page-names,真格速查 #198；真格速查 #241,150,True,False
character:mosomoso,character,毛毛藓,Mosomoso,モソモソ,,Mossy,,official_reused,bwiki-infobox | bwiki-table | catalog-profiles | wikirby-names,BWIKI page: 集合！ 卡比/杂兵1; template: 杂兵；BWIKI table: 杂兵；WiKirby page: Mosomoso,100,True,False
character:mosugaba,character,Mosugaba,Mosugaba,モスガバー,,,,unchanged,catalog-profiles | wikirby-names,WiKirby page: Mosugaba,100,True,False
character:mothership,character,太空乱拳猩飞船,Mothership,マザーシップ,,Space Oohroo Space ship,,official_reused,bwiki-table | catalog-profiles | wikirby-names,BWIKI vertical name table: 集合！ 卡比/中魔王；WiKirby page: Mothership,100,True,False
character:moto-shotzo,character,移动炮,Moto Shotzo,モトシャッツォ,移动炮！,,,official_reused,bwiki-infobox | bwiki-table | catalog-profiles | wikirby-names,BWIKI page: 星之卡比 超级豪华版/杂兵; template: 杂兵；BWIKI page: 移动炮; template: Infobox/敌对角色；BWIKI table: 杂兵；WiKirby page: Moto Shotzo,100,True,False
character:moundo,character,山石,Moundo,マウンデス,山石EX,Moundo EX,,official,bwiki-infobox | catalog-forms | catalog-profiles | wikirby-names,BWIKI page: 山石; template: Infobox/敌对角色；WiKirby page: Moundo,100,True,False
character:mowlee-bros,character,莫里斯兄弟,Mowlee Bros.,モーリスブラザーズ,莫里斯兄弟！,,,official_reused,bwiki-infobox | bwiki-table | catalog-profiles | wikirby-names,BWIKI page: 星之卡比 三重豪华/杂兵; template: 杂兵；BWIKI table: 杂兵；WiKirby page: Mowlee Bros.,100,True,False
character:mr-chip,character,奇普,Mr. Chip,チップ,筹码,Chip,,official_reused,bwiki-infobox | bwiki-table | catalog-profiles | wikirby-names,BWIKI page: 奇普; template: Infobox/敌对角色；BWIKI page: 道具（皇家大乱斗）; template: 道具；BWIKI table: 杂兵；WiKirby page: Chip；WiKirby page: Mr. Chip,100,True,False
character:mr-chip-58c4ed70,character,Mr. Chip,Mr. Chip,,,,,unchanged,catalog-profiles,,100,True,False
character:mr-dooter,character,达乌塔先生,Mr. Dooter,Mr. ダウター (original),星之卡比 Wii 豪华版 达乌塔先生 EX | 星之卡比 Wii 达乌塔先生 EX | 达乌塔先生 EX | 达乌塔先生 EX WII | 达乌塔先生 EX WIIDX | 达乌塔先生 EX（星之卡比 Wii 豪华版） | 达乌塔先生 EX（星之卡比 Wii） | 达乌塔先生EX | 達烏塔先生,Kirby's Return to Dream Land Deluxe Mr. Dooter EX | Kirby's Return to Dream Land Mr. Dooter EX | Mr. Dooter EX | Mr. Dooter EX (Kirby's Return to Dream Land Deluxe) | Mr. Dooter EX (Kirby's Return to Dream Land) | Mr. Dooter EX WII | Mr. Dooter EX WIIDX | 星之卡比 Wii 豪华版 达乌塔先生 EX | 星之卡比 Wii 达乌塔先生 EX | 达乌塔先生 EX WII | 达乌塔先生 EX WIIDX,Mr.ダウター | Mr.ダウターEX | ミスター・ダウターEX | ミスター・ダウターEX(WiiDX),official,bwiki-infobox | catalog-forms | catalog-profiles | shinkaku-page-names | wikirby-names,BWIKI page: 达乌塔先生; template: Infobox/敌对角色；WiKirby page: Mr. Dooter；真格速查 #274；真格速查 #35,150,True,False
character:mr-floaty,character,泳将先生,Mr. Floaty,ミスター・スイミィ,泳將先生,,,official,bwiki-infobox | catalog-profiles | wikirby-names,BWIKI page: 泳将先生; template: Infobox/敌对角色；WiKirby page: Mr. Floaty,100,True,False
character:mr-frosty,character,冰霜先生,Mr. Frosty,Mr.フロスティ,,,,official,bwiki-infobox | catalog-profiles | wikirby-names,BWIKI page: 冰霜先生; template: Infobox/敌对角色；WiKirby page: Mr. Frosty,100,True,False
character:mr-p-umpkin,character,Mr.P·南瓜,Mr. P. Umpkin,ミスター・ピー・アンプキン,,,Mr.ピー・アンプキン,official_reused,bwiki-infobox | bwiki-table | catalog-profiles | wikirby-names,BWIKI page: Mr.P·南瓜; template: Infobox/敌对角色；BWIKI table: 杂兵；WiKirby page: Mr. P. Umpkin,100,True,False
character:mr-sandbag,character,沙袋先生,Mr. Sandbag,サンドバッグさん,,Sandbag-san,,official,bwiki-infobox | bwiki-table | catalog-profiles | wikirby-names,BWIKI page: 沙袋先生; template: Infobox/敌对角色；BWIKI table: 杂兵；WiKirby page: Mr. Sandbag,100,True,False
character:mr-shine-mr-bright,character,闪亮先生&光亮先生,Mr. Shine & Mr. Bright,ミスター・シャイン&ミスター・ブライト,光亮先生&闪亮先生 | 閃亮先生&光亮先生,,Mr.シャイン&Mr.ブライト,official,bwiki-infobox | catalog-profiles | wikirby-names,BWIKI page: 光亮先生&闪亮先生; template: Infobox/敌对角色；WiKirby page: Mr. Shine & Mr. Bright,100,True,False
character:mr-star,character,星仔,Mr. Star,星くん,,,ほしくん,official,bwiki-infobox | catalog-profiles | wikirby-names,BWIKI page: 星仔; template: Infobox/角色；WiKirby page: Mr. Star,100,True,False
character:mr-tick-tock,character,嘀嗒先生,Mr. Tick-Tock,Mr.チクタク,,,,project,bwiki-infobox | catalog-profiles | wikirby-names,BWIKI page: 嘀嗒先生; template: Infobox/敌对角色；WiKirby page: Mr. Tick-Tock,100,True,False
character:mrs-moley,character,莫利夫人,Mrs. Moley,ミセス・モーリィ,,,,project,bwiki-infobox | catalog-profiles | wikirby-names,BWIKI page: 莫利夫人; template: Infobox/敌对角色；WiKirby page: Mrs. Moley,100,True,False
character:mrs-parfaitski,character,Mrs. Parfaitski,Mrs. Parfaitski,パフェスキー夫人,,,,unchanged,catalog-profiles | wikirby-names,WiKirby page: Mrs. Parfaitski,100,True,False
character:muchimuchi,character,慕奇慕奇,Muchimuchi,ムチムチ,,,,official_reused,bwiki-table | catalog-profiles | wikirby-names,BWIKI vertical name table: 需要帮助的NPC（星之卡比3）；WiKirby page: Muchimuchi,100,True,False
character:mumbies,character,芒比尸,Mumbies,マンビーズ,芒比屍,,,official,bwiki-infobox | bwiki-table | catalog-profiles | wikirby-names,BWIKI page: 芒比尸; template: Infobox/敌对角色；BWIKI table: 杂兵；WiKirby page: Mumbies,100,True,False
character:mummbon,character,带带种,Mummbon,ミラポン,,,,official_reused,bwiki-infobox | bwiki-table | catalog-profiles | wikirby-names,BWIKI page: 集合！ 卡比/杂兵2; template: 杂兵；BWIKI table: 杂兵；WiKirby page: Mummbon,100,True,False
character:n-m-e-sales-guy,character,N.M.E. Sales Guy,N.M.E. Sales Guy,カスタマーサービス,,,,unchanged,catalog-profiles | wikirby-names,WiKirby page: N.M.E. Sales Guy,100,True,False
character:n-z,character,恩之,N-Z,エヌゼット,,,,official,bwiki-infobox | catalog-profiles | wikirby-names,BWIKI page: 星之卡比64/杂兵; template: 杂兵；WiKirby page: N-Z,100,True,False
character:nago,character,喵果,Nago,ナゴ,,,,official,bwiki-infobox | catalog-profiles | wikirby-names,BWIKI page: 喵果; template: Infobox/角色；WiKirby page: Nago,100,True,False
character:name,character,Name,Name,ナメ,,,,unchanged,catalog-profiles | wikirby-names,WiKirby page: Name,100,True,False
character:necrodeus,character,死灵之神,Necrodeus,ネクロディアス,,,,official_reused,bwiki-infobox | catalog-profiles | wikirby-names,BWIKI page: 死灵之神; template: Infobox/敌对角色；WiKirby page: Necrodeus,100,True,False
character:needlous,character,针虫,Needlous,ニードラス,針蟲,,,official,bwiki-infobox | bwiki-table | catalog-profiles | wikirby-names,BWIKI page: 针虫; template: Infobox/敌对角色；BWIKI table: 杂兵；WiKirby page: Needlous,100,True,False
character:neichel,character,NEICHEL,NEICHEL,,,,,unchanged,catalog-profiles | wikirby-names,WiKirby 页面没有可解析的多语言名称表,100,True,False
character:nelly,character,奈利,Nelly,ネリー,,,,official_reused,bwiki-infobox,BWIKI page: 突进野猪; template: Infobox/敌对角色,100,True,False
character:nesp,character,咒术师,NESP,ネスパー,咒術師,,,official,bwiki-infobox | bwiki-table | catalog-profiles | wikirby-names,BWIKI page: 咒术师; template: Infobox/敌对角色；BWIKI table: 杂兵；WiKirby page: NESP,100,True,False
character:nidoo,character,拟门,Nidoo,ニドー,,,,official_reused,bwiki-infobox | bwiki-table | catalog-profiles | wikirby-names,BWIKI page: 拟门; template: Infobox/敌对角色；BWIKI table: 杂兵；WiKirby page: Nidoo,100,True,False
character:nightmare,character,梦魇,Nightmare,ナイトメア,夢魘,ENeMeE,,official,bwiki-infobox | catalog-profiles | wikirby-names,BWIKI page: 梦魇; template: Infobox/敌对角色；WiKirby page: ENeMeE；WiKirby page: Nightmare,100,True,False
character:nightmare-0ffa9326,character,梦魇,Nightmare,,,,,official,catalog-profiles,,100,True,False
character:niloor,character,假地板,Niloor,ニロア,,,,official_reused,bwiki-table,BWIKI table: 杂兵,100,True,False
character:nimbus,character,Nimbus,Nimbus,シャワー,,,,unchanged,catalog-profiles | wikirby-names,WiKirby page: Nimbus,100,True,False
character:noddy,character,诺迪,Noddy,ノディ,諾迪,英：Noddy,日：ノディ,official,bwiki-infobox | bwiki-table | catalog-profiles | wikirby-names,BWIKI page: 诺迪; template: Infobox/敌对角色；BWIKI table: 卡比的驭天飞行；BWIKI table: 杂兵；WiKirby page: Noddy,100,True,False
character:noir-dedede,character,暗影帝帝帝,Noir Dedede,ノワールデデデ,星之卡比 三重豪华版 暗影帝帝帝 | 暗帝帝帝 | 暗影帝帝帝 TDX | 暗影帝帝帝（星之卡比 三重豪华版）,Kirby: Triple Deluxe Shadow Dedede | Shadow Dedede | Shadow Dedede (Kirby: Triple Deluxe) | Shadow Dedede TDX | 暗影帝帝帝 TDX,ブラックデデデ,official,bwiki-infobox | catalog-profiles | shinkaku-page-names | wikirby-names,BWIKI page: 暗帝帝帝; template: Infobox/敌对角色；BWIKI page: 暗影帝帝帝; template: Infobox/角色；WiKirby page: Noir Dedede；真格速查 #85,150,True,False
character:nolly,character,踩球者,Nolly,ノリィ,,Ducky,,official_reused,bwiki-infobox | bwiki-table | catalog-profiles | wikirby-names,BWIKI page: 集合！ 卡比/杂兵2; template: 杂兵；BWIKI table: 杂兵；WiKirby page: Nolly,100,True,False
character:noo,character,诺！,Noo,ノー,,,,project,bwiki-infobox | catalog-profiles | wikirby-names,BWIKI page: 星之卡比64/杂兵1; template: 杂兵；WiKirby page: Noo,100,True,False
character:normal,character,普通,Normal,すっぴん,,,ノーマル,official,bwiki-infobox | wikirby-names,BWIKI page: 普通; template: Infobox/复制能力；WiKirby page: Normal,100,True,False
character:nruff,character,突进野猪,Nruff,ヌラフ,突進野豬,,,official,bwiki-infobox | catalog-profiles | wikirby-names,BWIKI page: 突进野猪; template: Infobox/敌对角色；WiKirby page: Nruff,100,True,False
character:nruff-and-nelly,character,突进野猪&奈利,Nruff and Nelly,ヌラフ&ネリー,突進野豬&奈利,,,official,catalog-profiles | wikirby-names,WiKirby page: Nruff and Nelly,100,True,False
character:nyupun,character,纽朋,Nyupun,ニュプン,,,,official_reused,bwiki-table | catalog-profiles | wikirby-names,BWIKI vertical name table: 需要帮助的NPC（星之卡比3）；WiKirby page: Nyupun,100,True,False
character:o,character,零二,O²,ゼロ・ツー,,0²,ゼロツー,official,bwiki-infobox | catalog-profiles | wikirby-names,BWIKI page: 零二; template: Infobox/敌对角色；WiKirby page: 0²,100,True,False
character:oba-chan,character,清洁阿姨,Oba-chan,オバチャン,,Obachan,,official_reused,bwiki-table | catalog-profiles | wikirby-names,BWIKI vertical name table: 需要帮助的NPC（星之卡比3）；WiKirby page: Oba-chan,100,True,False
character:octacon,character,Octacon,Octacon,オクタコン,,,,unchanged,catalog-profiles | wikirby-names,WiKirby page: Octacon,100,True,False
character:octopea,character,舞贼,Octopea,オドルタコス,,,,official_reused,bwiki-infobox | catalog-profiles | wikirby-names,BWIKI page: 毛线卡比/杂兵2; template: 杂兵；WiKirby page: Octopea,100,True,False
character:old-growth-elder-yggy-woods,character,残樱的古树 远古巨树,"Old-Growth Elder, Yggy Woods",残桜の古樹 ユグドラルウッズ,星之卡比 新星同盟 远古巨树 | 殘櫻的古樹 遠古巨樹 | 远古巨树 | 远古巨树 STA | 远古巨树（星之卡比 新星同盟）,Kirby Star Allies Yggy Woods | Yggy Woods | Yggy Woods (Kirby Star Allies) | Yggy Woods STA | 远古巨树 STA,ユグドラルウッズ,official,bwiki-infobox | catalog-profiles | shinkaku-page-names | wikirby-names,BWIKI page: 远古巨树; template: Infobox/敌对角色；WiKirby page: Yggy Woods；真格速查 #172,150,True,False
character:oohroo,character,乱拳猩,Oohroo,ウッホ,,,,official_reused,bwiki-infobox | bwiki-table | catalog-profiles | wikirby-names,BWIKI page: 集合！ 卡比/杂兵1; template: 杂兵；BWIKI table: 杂兵；WiKirby page: Oohroo,100,True,False
character:ooki,character,伍凯,Ooki,ウッキー,,,,official_reused,bwiki-infobox | catalog-profiles | wikirby-names,BWIKI page: 毛线卡比/杂兵1; template: 杂兵；WiKirby page: Ooki,100,True,False
character:orabiroo,character,大拉比兔,Orabiroo,オーラビルー,,,,official,bwiki-infobox | bwiki-table | catalog-profiles | wikirby-names,BWIKI page: 星之卡比 探索发现/杂兵; template: 杂兵；BWIKI table: 杂兵；WiKirby page: Orabiroo,100,True,False
character:orbitfly,character,太空纽扣蜂,Orbitfly,スペースブンブン,,,,official_reused,bwiki-infobox | catalog-profiles | wikirby-names,BWIKI page: 毛线卡比/杂兵2; template: 杂兵；WiKirby page: Orbitfly,100,True,False
character:orbservor,character,眼珠子,Orbservor,メガイター,,,,official,bwiki-infobox | catalog-profiles | wikirby-names,BWIKI page: 眼珠子; template: Infobox/敌对角色；WiKirby page: Orbservor,100,True,False
character:oro,character,黄金欧罗,Oro,オロ,黄金欧罗！,,,official_reused,bwiki-infobox | bwiki-table | catalog-profiles | wikirby-names,BWIKI page: 星之卡比3/杂兵; template: 杂兵；BWIKI table: 杂兵；WiKirby page: Oro,100,True,False
character:otherworldly-arbor-parallel-woods,character,异界的人面树 异次元大树,"Otherworldly Arbor, Parallel Woods",異界の面樹 アナザーウッズ,异次元大树 | 异次元大树 STA | 异次元大树（星之卡比 新星同盟） | 星之卡比 新星同盟 异次元大树 | 異界的人面樹 異次元大樹,Kirby Star Allies Parallel Woods | Parallel Woods | Parallel Woods (Kirby Star Allies) | Parallel Woods STA | 异次元大树 STA,アナザーウッズ,official,bwiki-infobox | catalog-profiles | shinkaku-page-names | wikirby-names,BWIKI page: 异次元大树; template: Infobox/敌对角色；WiKirby page: Parallel Woods；真格速查 #187,150,True,False
character:otherworldly-dark-liege-parallel-dedede,character,异界的暗君 异次元帝帝帝,"Otherworldly Dark Liege, Parallel Dedede",異界の暗君 アナザーデデデ,异次元帝帝帝 | 异次元帝帝帝 STA | 异次元帝帝帝（星之卡比 新星同盟） | 星之卡比 新星同盟 异次元帝帝帝 | 異界的暗君 異次元帝帝帝,Kirby Star Allies Parallel Dedede | Parallel Dedede | Parallel Dedede (Kirby Star Allies) | Parallel Dedede STA | 异次元帝帝帝 STA,アナザーデデデ,official,bwiki-infobox | catalog-profiles | shinkaku-page-names | wikirby-names,BWIKI page: 异次元帝帝帝; template: Infobox/敌对角色；WiKirby page: Parallel Dedede；真格速查 #195,150,True,False
character:otherworldly-frost-blade-parallel-meta-knight,character,异界的霜刃 异次元魅塔骑士,"Otherworldly Frost Blade, Parallel Meta Knight",異界の霜刃 アナザーメタナイト,异次元魅塔骑士 | 异次元魅塔骑士 STA | 异次元魅塔骑士（星之卡比 新星同盟） | 星之卡比 新星同盟 异次元魅塔骑士 | 異界的霜刃 異次元魅塔騎士,Kirby Star Allies Parallel Meta Knight | Parallel Meta Knight | Parallel Meta Knight (Kirby Star Allies) | Parallel Meta Knight STA | 异次元魅塔骑士 STA,アナザーメタナイト,official,bwiki-infobox | catalog-profiles | shinkaku-page-names | wikirby-names,BWIKI page: 异次元魅塔骑士; template: Infobox/敌对角色；WiKirby page: Parallel Meta Knight；真格速查 #194,150,True,False
character:owgulf,character,猫头高夫,Owgulf,オウグルフ,猫头高夫！,,,official_reused,bwiki-infobox | bwiki-table | catalog-profiles | wikirby-names,BWIKI page: 星之卡比 Wii/杂兵; template: 杂兵；BWIKI page: 猫头高夫; template: Infobox/敌对角色；BWIKI table: 杂兵；WiKirby page: Owgulf,100,True,False
character:ozomashii,character,Ozomashii,Ozomashii,オゾマシー,,,,unchanged,catalog-profiles | wikirby-names,WiKirby page: Ozomashii,100,True,False
character:pacflower,character,帕克花,Pacflower,パクフラーワ,帕克花！,,,official_reused,bwiki-infobox | bwiki-table | catalog-profiles | wikirby-names,BWIKI page: 星之卡比 三重豪华/杂兵; template: 杂兵；BWIKI table: 杂兵；WiKirby page: Pacflower,100,True,False
character:pacloud,character,帕克云,Pacloud,パクラウド,帕克云！,Pacto (White),,official_reused,bwiki-infobox | bwiki-table | catalog-profiles | wikirby-names,BWIKI page: 星之卡比 Wii/杂兵; template: 杂兵；BWIKI table: 杂兵；WiKirby page: Pacloud,100,True,False
character:pacto,character,帕克特,Pacto,パクト,,,,official,bwiki-infobox | bwiki-table | catalog-profiles | wikirby-names,BWIKI page: 帕克特; template: Infobox/敌对角色；BWIKI table: 杂兵；WiKirby page: Pacto,100,True,False
character:paint-roller,character,画画滚轮,Paint Roller,ペイントローラー,畫畫滾輪,,,official,bwiki-infobox | catalog-profiles | wikirby-names,BWIKI page: 画画滚轮; template: Infobox/敌对角色；WiKirby page: Paint Roller,100,True,False
character:paint-slime,character,颜料粘液,Paint Slime,ペイントスライム,颜料粘液！,,,official_reused,bwiki-infobox | bwiki-table,BWIKI page: 星之卡比 超级豪华版/杂兵; template: 杂兵；BWIKI page: 重装龙虾; template: Infobox/敌对角色；BWIKI table: 杂兵,100,True,False
character:paintra,character,佩恩西亚,Paintra,ペインシア,,,,project,bwiki-infobox | catalog-profiles | wikirby-names,BWIKI page: 佩恩西亚; template: Infobox/敌对角色；WiKirby page: Paintra,100,True,False
character:paintra-dx,character,佩茵西亚 DX,Paintra DX,ペインシアDX,佩茵西亚 DX TDX | 佩茵西亚 DX（星之卡比 三重豪华版） | 星之卡比 三重豪华版 佩茵西亚 DX,Kirby: Triple Deluxe Paintra DX | Paintra DX (Kirby: Triple Deluxe) | Paintra DX TDX | 佩茵西亚 DX TDX | 星之卡比 三重豪华版 佩茵西亚 DX,,project,shinkaku-page-names,真格速查 #78,150,True,False
character:paka-geg,character,嚼嚼卵,Paka Geg,パカオエッグ,,Crumb Geg,,official_reused,bwiki-infobox | bwiki-table | catalog-profiles | wikirby-names,BWIKI page: 集合！ 卡比/杂兵2; template: 杂兵；BWIKI table: 杂兵；WiKirby page: Paka Geg,100,True,False
character:papi,character,Papi,Papi,パピ,,,,unchanged,catalog-profiles | wikirby-names,WiKirby page: Papi,100,True,False
character:para-matter,character,空降兵,Para Matter,パラ マター,空降兵！,,,official_reused,bwiki-infobox | bwiki-table | catalog-profiles | wikirby-names,BWIKI page: 触摸！ 卡比/杂兵; template: 杂兵；BWIKI table: 杂兵；WiKirby page: Para Matter,100,True,False
character:para-sorceress,character,小巫女,Para Sorceress,パラソーサレス,小巫女！,,パラ ソーサレス,official_reused,bwiki-infobox | bwiki-table | catalog-profiles | wikirby-names,BWIKI page: 触摸！ 卡比/杂兵; template: 杂兵；BWIKI table: 杂兵；WiKirby page: Para Sorceress,100,True,False
character:parallel-landia,character,异次元龙帝亚,Parallel Landia,アナザーランディア,異次元龍帝亞,,,official,bwiki-infobox | catalog-profiles | wikirby-names,BWIKI page: 异次元龙帝亚; template: Infobox/敌对角色；WiKirby page: Parallel Landia,100,True,False
character:parallel-nightmare,character,异次元梦魇,Parallel Nightmare,アナザーナイトメア,異次元夢魘,,,official,bwiki-infobox | catalog-profiles | wikirby-names,BWIKI page: 异次元梦魇; template: Infobox/敌对角色；WiKirby page: Parallel Nightmare,100,True,False
character:parallel-susie,character,异次元苏姿,Parallel Susie,アナザースージー,異次元蘇姿,,,official,bwiki-infobox | catalog-profiles | wikirby-names,BWIKI page: 异次元苏姿; template: Infobox/敌对角色；WiKirby page: Parallel Susie,100,True,False
character:parallel-twin-kracko-parallel-big-kracko,character,异次元双重独眼云&异次元大独眼云,Parallel Twin Kracko & Parallel Big Kracko,アナザーツインクラッコ&アナザービッグクラッコ,异次元双重独眼云&异次元大独眼云 STA | 异次元双重独眼云&异次元大独眼云（星之卡比 新星同盟） | 星之卡比 新星同盟 异次元双重独眼云&异次元大独眼云,Kirby Star Allies Parallel Twin Kracko & Parallel Big Kracko | Parallel Twin Kracko & Parallel Big Kracko (Kirby Star Allies) | Parallel Twin Kracko & Parallel Big Kracko STA | 异次元双重独眼云&异次元大独眼云 STA,,official,shinkaku-page-names,真格速查 #189,150,True,False
character:parasol-enemy,character,阳伞,Parasol (enemy),パラソル,星之卡比 Wii 豪华版 阳伞 | 星之卡比 Wii 阳伞 | 星之卡比 三重豪华版 阳伞 | 星之卡比 新星同盟 阳伞 | 星之卡比 机器人星球 阳伞 | 阳伞 RBP | 阳伞 STA | 阳伞 TDX | 阳伞 WII | 阳伞 WIIDX | 阳伞（星之卡比 Wii 豪华版） | 阳伞（星之卡比 Wii） | 阳伞（星之卡比 三重豪华版） | 阳伞（星之卡比 新星同盟） | 阳伞（星之卡比 机器人星球）,Kirby Star Allies Parasol | Kirby's Return to Dream Land Deluxe Parasol | Kirby's Return to Dream Land Parasol | Kirby: Planet Robobot Parasol | Kirby: Triple Deluxe Parasol | Parasol | Parasol (Kirby Star Allies) | Parasol (Kirby's Return to Dream Land Deluxe) | Parasol (Kirby's Return to Dream Land) | Parasol (Kirby: Planet Robobot) | Parasol (Kirby: Triple Deluxe) | Parasol RBP | Parasol STA | Parasol TDX | Parasol WII | Parasol WIIDX | 星之卡比 Wii 豪华版 阳伞 | 星之卡比 Wii 阳伞 | 阳伞 RBP | 阳伞 STA | 阳伞 TDX | 阳伞 WII | 阳伞 WIIDX,パラソル(RBP) | パラソル(STA) | パラソル(TDX) | パラソル(Wii) | パラソル(WiiDX),official,bwiki-infobox | bwiki-table | catalog-forms | catalog-profiles | shinkaku-page-names | wikirby-names,BWIKI page: 阳伞; template: Infobox/复制能力；BWIKI table: 杂兵；WiKirby 页面没有可解析的多语言名称表；真格速查 #105；真格速查 #148；真格速查 #23；真格速查 #262；真格速查 #66,150,True,False
character:parasol-spear-waddle-dee,character,阳伞枪瓦豆鲁迪,Parasol Spear Waddle Dee,パラソルヤリワドルディ,,,,official_reused,bwiki-table,BWIKI table: 杂兵,100,True,False
character:parasol-waddle-dee,character,阳伞瓦豆鲁迪,Parasol Waddle Dee,パラソルワドルディ,陽傘瓦豆魯迪,,,official,bwiki-infobox | bwiki-table | catalog-profiles | wikirby-names,BWIKI page: 瓦豆鲁迪/种类; template: 杂兵；BWIKI table: 杂兵；WiKirby page: Parasol Waddle Dee,100,True,False
character:parasol-waddle-doo,character,阳伞瓦豆鲁笃,Parasol Waddle Doo,パラソルワドルドゥ,,,,official_reused,bwiki-table | catalog-profiles | wikirby-names,BWIKI table: 杂兵；WiKirby page: Parasol Waddle Doo,100,True,False
character:parastella-crystallis-genwel-meteonelfilis,character,寄星晶灭体 杰内尔·美菲里斯,"Parastella Crystallis, Genwel Meteonelfilis",寄星晶滅体 ジェネル・メフィリス,寄星晶滅體 杰內爾·美菲里斯 | 寄星晶灭体 杰内尔·美菲里斯 DIS_S2E | 寄星晶灭体 杰内尔·美菲里斯（星之卡比 探索发现 Nintendo Switch 2 Edition + 星耀世界） | 星之卡比 探索发现 Nintendo Switch 2 Edition + 星耀世界 寄星晶灭体 杰内尔·美菲里斯 | 杰内尔·美菲里斯,Genwel Meteonelfilis | Genwel Meteonelfilis (Kirby and the Forgotten Land - Nintendo Switch 2 Edition + Star-Crossed World) | Genwel Meteonelfilis DIS_S2E | Kirby and the Forgotten Land - Nintendo Switch 2 Edition + Star-Crossed World Genwel Meteonelfilis | 寄星晶灭体 杰内尔·美菲里斯 DIS_S2E | 星之卡比 探索发现 Nintendo Switch 2 Edition + 星耀世界 寄星晶灭体 杰内尔·美菲里斯,ジェネル・メフィリス,official,bwiki-infobox | catalog-profiles | shinkaku-page-names | wikirby-names,BWIKI page: 杰内尔·美菲里斯; template: Infobox/敌对角色；WiKirby page: Genwel Meteonelfilis；真格速查 #295,150,True,False
character:pasara,character,婆裟罗,Pasara,パサラ,婆裟罗！,,,official_reused,bwiki-infobox | bwiki-table | catalog-profiles | wikirby-names,BWIKI page: 星之卡比3/杂兵; template: 杂兵；BWIKI table: 杂兵；WiKirby page: Pasara,100,True,False
character:pata,character,啪嗒弹！,Pata,パタ,帕塔,,,official_reused,bwiki-infobox | bwiki-table | catalog-profiles | wikirby-names,BWIKI page: 帕塔; template: Infobox/敌对角色；BWIKI page: 星之卡比 机器博博星球/杂兵; template: 杂兵；BWIKI table: 杂兵；WiKirby page: Pata,100,True,False
character:pedo,character,鱼雷君！,Pedo,ギョックン,,,,project,bwiki-infobox | catalog-profiles | wikirby-names,BWIKI page: 星之卡比64/杂兵1; template: 杂兵；WiKirby page: Pedo,100,True,False
character:peezer,character,独眼蟹,Peezer,ピーザー,独眼蟹！,,,official_reused,bwiki-infobox | bwiki-table | catalog-profiles | wikirby-names,BWIKI page: 星之卡比/杂兵; template: 杂兵；BWIKI table: 杂兵；WiKirby page: Peezer,100,True,False
character:peloo,character,舔隆,Peloo,ペルー,舔隆！,,,official_reused,bwiki-infobox | bwiki-table | catalog-profiles | wikirby-names,BWIKI page: 星之卡比3/杂兵; template: 杂兵；BWIKI table: 杂兵；WiKirby page: Peloo,100,True,False
character:pengy,character,朋吉,Pengy,ペンギー,,Pengi,,official_reused,bwiki-infobox | bwiki-table | catalog-profiles | wikirby-names,BWIKI page: 朋吉; template: Infobox/敌对角色；BWIKI table: 杂兵；WiKirby page: Pengy,100,True,False
character:people-of-the-sky,character,天空居民,People of the Sky,天空の民,,,,project,bwiki-infobox | catalog-profiles | wikirby-names,BWIKI page: 天空居民; template: Infobox/角色；WiKirby page: People of the Sky,100,True,False
character:peperon,character,Peperon,Peperon,ペペロン,,,,unchanged,catalog-profiles | wikirby-names,WiKirby page: Peperon,100,True,False
character:peran,character,翻兰,Peran,ペラン,翻兰！,,,official_reused,bwiki-infobox | bwiki-table | catalog-profiles | wikirby-names,BWIKI page: 星之卡比3/杂兵; template: 杂兵；BWIKI table: 杂兵；WiKirby page: Peran,100,True,False
character:perara,character,片拉拉,Perara,ペララ,,,,official_reused,bwiki-infobox | bwiki-table | catalog-profiles | wikirby-names,BWIKI page: 星之卡比 怪盗洛切团登场！/杂兵; template: 杂兵；BWIKI table: 杂兵；WiKirby page: Perara,100,True,False
character:perot,character,吐舌小丑,Perot,ペロット,,,,official_reused,bwiki-infobox | bwiki-table | catalog-profiles | wikirby-names,BWIKI page: 星之卡比 超级豪华版/杂兵; template: 杂兵；BWIKI table: 杂兵；WiKirby page: Perot,100,True,False
character:phan-phan,character,象象,Phan Phan,ファンファン,,,,official,bwiki-infobox | catalog-profiles | wikirby-names,BWIKI page: 象象; template: Infobox/敌对角色；WiKirby page: Phan Phan,100,True,False
character:phanta,character,漂浮洛巴,Phanta,フワローバ,,Foorlowber,,official,bwiki-infobox | bwiki-table | catalog-profiles | wikirby-names,BWIKI page: 星之卡比 三重豪华/杂兵; template: 杂兵；BWIKI page: 漂浮洛巴; template: Infobox/敌对角色；BWIKI table: 杂兵；WiKirby page: Phanta,100,True,False
character:phantom-clawroline,character,幻爪豹 卡洛凌·幻,Phantom Clawroline,幻爪豹 キャロライン・幻,卡洛凌·幻 | 幻爪豹 卡洛凌·幻 DIS | 幻爪豹 卡洛凌·幻（星之卡比 探索发现） | 星之卡比 探索发现 幻爪豹 卡洛凌·幻,Kirby and the Forgotten Land Phantom Clawroline | Phantom Clawroline (Kirby and the Forgotten Land) | Phantom Clawroline DIS | 幻爪豹 卡洛凌·幻 DIS,キャロライン・幻,official,bwiki-infobox | catalog-profiles | shinkaku-page-names | wikirby-names,BWIKI page: 卡洛凌·幻; template: Infobox/敌对角色；WiKirby page: Phantom Clawroline；真格速查 #220,150,True,False
character:phantom-clawroline-ex,character,幻爪豹 卡洛凌·幻 EX,Phantom Clawroline EX,キャロライン・幻(EX),幻爪豹 卡洛凌·幻 EX DIS | 幻爪豹 卡洛凌·幻 EX（星之卡比 探索发现） | 星之卡比 探索发现 幻爪豹 卡洛凌·幻 EX,Kirby and the Forgotten Land Phantom Clawroline EX | Phantom Clawroline EX (Kirby and the Forgotten Land) | Phantom Clawroline EX DIS | 幻爪豹 卡洛凌·幻 EX DIS | 星之卡比 探索发现 幻爪豹 卡洛凌·幻 EX,,official,shinkaku-page-names,真格速查 #233,150,True,False
character:phantom-forgo-dedede-ex,character,幻兽面具 狂野 帝帝帝·幻 EX,Phantom Forgo Dedede EX,ワイルド デデデ・幻(EX),幻兽面具 狂野 帝帝帝·幻 EX DIS | 幻兽面具 狂野 帝帝帝·幻 EX（星之卡比 探索发现） | 星之卡比 探索发现 幻兽面具 狂野 帝帝帝·幻 EX,Kirby and the Forgotten Land Phantom Forgo Dedede EX | Phantom Forgo Dedede EX (Kirby and the Forgotten Land) | Phantom Forgo Dedede EX DIS | 幻兽面具 狂野 帝帝帝·幻 EX DIS | 星之卡比 探索发现 幻兽面具 狂野 帝帝帝·幻 EX,,official,shinkaku-page-names,真格速查 #239,150,True,False
character:phantom-gorimondo,character,刚幻兽 猩猛霸·幻,Phantom Gorimondo,剛幻獣 ゴルルムンバ・幻,刚幻兽 猩猛霸·幻 DIS | 刚幻兽 猩猛霸·幻（星之卡比 探索发现） | 剛幻獸 猩猛霸·幻 | 星之卡比 探索发现 刚幻兽 猩猛霸·幻 | 猩猛霸·幻,Kirby and the Forgotten Land Phantom Gorimondo | Phantom Gorimondo (Kirby and the Forgotten Land) | Phantom Gorimondo DIS | Phantom orimondo | 刚幻兽 猩猛霸·幻 DIS,ゴルルムンバ・幻,official,bwiki-infobox | catalog-profiles | shinkaku-page-names | wikirby-names,BWIKI page: 猩猛霸·幻; template: Infobox/敌对角色；WiKirby page: Phantom Gorimondo；真格速查 #218,150,True,False
character:phantom-gorimondo-ex,character,刚幻兽 猩猛霸·幻 EX,Phantom Gorimondo EX,ゴルルムンバ・幻(EX),刚幻兽 猩猛霸·幻 EX DIS | 刚幻兽 猩猛霸·幻 EX（星之卡比 探索发现） | 星之卡比 探索发现 刚幻兽 猩猛霸·幻 EX,Kirby and the Forgotten Land Phantom Gorimondo EX | Phantom Gorimondo EX (Kirby and the Forgotten Land) | Phantom Gorimondo EX DIS | 刚幻兽 猩猛霸·幻 EX DIS | 星之卡比 探索发现 刚幻兽 猩猛霸·幻 EX,,official,shinkaku-page-names,真格速查 #231,150,True,False
character:phantom-king-dedede,character,宿敌之幻梦 帝帝帝大王·幻,Phantom King Dedede,宿敵の幻夢 デデデ大王・幻,宿敌之幻梦 帝帝帝大王·幻 DIS | 宿敌之幻梦 帝帝帝大王·幻（星之卡比 探索发现） | 宿敵之幻夢 帝帝帝大王·幻 | 帝帝帝大王·幻 | 星之卡比 探索发现 宿敌之幻梦 帝帝帝大王·幻,Kirby and the Forgotten Land Phantom King Dedede | Phantom King Dedede (Kirby and the Forgotten Land) | Phantom King Dedede DIS | 宿敌之幻梦 帝帝帝大王·幻 DIS,デデデ大王·幻 | デデデ大王・幻,official,bwiki-infobox | catalog-profiles | shinkaku-page-names | wikirby-names,BWIKI page: 帝帝帝大王·幻; template: Infobox/敌对角色；WiKirby page: Phantom King Dedede；真格速查 #221,150,True,False
character:phantom-king-dedede-ex,character,宿敌之幻梦 帝帝帝大王·幻 EX,Phantom King Dedede EX,デデデ大王・幻(EX),宿敌之幻梦 帝帝帝大王·幻 EX DIS | 宿敌之幻梦 帝帝帝大王·幻 EX（星之卡比 探索发现） | 星之卡比 探索发现 宿敌之幻梦 帝帝帝大王·幻 EX,Kirby and the Forgotten Land Phantom King Dedede EX | Phantom King Dedede EX (Kirby and the Forgotten Land) | Phantom King Dedede EX DIS | 宿敌之幻梦 帝帝帝大王·幻 EX DIS | 星之卡比 探索发现 宿敌之幻梦 帝帝帝大王·幻 EX,,official,shinkaku-page-names,真格速查 #234,150,True,False
character:phantom-meta-knight-ex,character,孤高的幻梦 魅塔骑士·幻 EX,Phantom Meta Knight EX,メタナイト・幻(EX),孤高的幻梦 魅塔骑士·幻 EX DIS | 孤高的幻梦 魅塔骑士·幻 EX（星之卡比 探索发现） | 星之卡比 探索发现 孤高的幻梦 魅塔骑士·幻 EX,Kirby and the Forgotten Land Phantom Meta Knight EX | Phantom Meta Knight EX (Kirby and the Forgotten Land) | Phantom Meta Knight EX DIS | 孤高的幻梦 魅塔骑士·幻 EX DIS | 星之卡比 探索发现 孤高的幻梦 魅塔骑士·幻 EX,,official,shinkaku-page-names,真格速查 #238,150,True,False
character:phantom-sillydillo-ex,character,舞幻甲兽 犰魔乱舞·幻 EX,Phantom Sillydillo EX,アルマパラパ・幻(EX),星之卡比 探索发现 舞幻甲兽 犰魔乱舞·幻 EX | 舞幻甲兽 犰魔乱舞·幻 EX DIS | 舞幻甲兽 犰魔乱舞·幻 EX（星之卡比 探索发现）,Kirby and the Forgotten Land Phantom Sillydillo EX | Phantom Sillydillo EX (Kirby and the Forgotten Land) | Phantom Sillydillo EX DIS | 星之卡比 探索发现 舞幻甲兽 犰魔乱舞·幻 EX | 舞幻甲兽 犰魔乱舞·幻 EX DIS,,official,shinkaku-page-names,真格速查 #235,150,True,False
character:phantom-tropic-woods-ex,character,幻国树 南国树·幻 EX,Phantom Tropic Woods EX,トロピカルウッズ・幻(EX),幻国树 南国树·幻 EX DIS | 幻国树 南国树·幻 EX（星之卡比 探索发现） | 星之卡比 探索发现 幻国树 南国树·幻 EX,Kirby and the Forgotten Land Phantom Tropic Woods EX | Phantom Tropic Woods EX (Kirby and the Forgotten Land) | Phantom Tropic Woods EX DIS | 幻国树 南国树·幻 EX DIS | 星之卡比 探索发现 幻国树 南国树·幻 EX,,official,shinkaku-page-names,真格速查 #232,150,True,False
character:pichikuri,character,刺刺皮,Pichikuri,ピチクリ,,英：Pichikuri,日：ピチクリ,official,bwiki-infobox | bwiki-table | catalog-profiles | wikirby-names,BWIKI page: 卡比的驭天飞行/杂兵; template: 杂兵；BWIKI table: 卡比的驭天飞行；BWIKI table: 杂兵；WiKirby page: Pichikuri,100,True,False
character:pick,character,琵库,Pick,ピック,琵庫,,,official,bwiki-table | catalog-profiles | wikirby-names,BWIKI vertical name table: 需要帮助的NPC（星之卡比3）；WiKirby page: Pick,100,True,False
character:pierce,character,穿刺蜂,Pierce,ピアス,,,,official,bwiki-infobox | bwiki-table | catalog-profiles | wikirby-names,BWIKI page: 穿刺蜂; template: Infobox/敌对角色；BWIKI table: 杂兵；WiKirby page: Pierce,100,True,False
character:pierre,character,皮埃尔,Pierre,ピエール,,,,official_reused,bwiki-table | catalog-profiles | wikirby-names,BWIKI vertical name table: 需要帮助的NPC（星之卡比3）；WiKirby page: Pierre,100,True,False
character:pipe-worm,character,树洞虫,Pipe Worm,パイプワーム,树洞虫！,,,official_reused,bwiki-infobox | bwiki-table | catalog-profiles | wikirby-names,BWIKI page: 星之卡比 三重豪华/杂兵; template: 杂兵；BWIKI table: 杂兵；WiKirby page: Pipe Worm,100,True,False
character:pirika,character,Pirika,Pirika,ピリカ,,,,unchanged,catalog-profiles | wikirby-names,WiKirby page: Pirika,100,True,False
character:pitch,character,哔奇,Pitch,ピッチ,嗶奇,,,official,bwiki-infobox | catalog-profiles | wikirby-names,BWIKI page: 哔奇; template: Infobox/角色；WiKirby page: Pitch,100,True,False
character:pitch-mama,character,哔奇妈妈,Pitch Mama,ピッチママ,,,,official_reused,bwiki-table | catalog-profiles | wikirby-names,BWIKI vertical name table: 需要帮助的NPC（星之卡比3）；WiKirby page: Pitch Mama,100,True,False
character:pitcherman,character,投掷者,Pitcherman,ピッチャマン,,Pitcher Man,,official_reused,bwiki-table | catalog-profiles | wikirby-names,BWIKI vertical name table: 需要帮助的NPC（星之卡比3）；WiKirby page: Pitcherman,100,True,False
character:pix,character,三体比克斯,Pix,ピクス,,,,project,bwiki-infobox | catalog-profiles | wikirby-names,BWIKI page: 三体比克斯; template: Infobox/敌对角色；WiKirby page: Pix,100,True,False
character:piyo-keko,character,叽叽&喔喔,Piyo & Keko,ピヨ,,,ピヨ&ケコ,official_reused,bwiki-table | catalog-profiles | wikirby-names,BWIKI vertical name table: 需要帮助的NPC（星之卡比3）；WiKirby page: Piyo & Keko,100,True,False
character:plasma-wisp,character,電離子團,Plasma Wisp,プラズマウィスプ,电离子团,,,official,bwiki-infobox | bwiki-table | catalog-profiles | wikirby-names,BWIKI page: 电离子团; template: Infobox/敌对角色；BWIKI table: 杂兵；WiKirby page: Plasma Wisp,100,True,False
character:plugg,character,电插头,Plugg,コンセ,電插頭,,,official,bwiki-infobox | catalog-profiles | wikirby-names,BWIKI page: 电插头; template: Infobox/敌对角色；WiKirby page: Plugg,100,True,False
character:pluid,character,液滴！,Pluid,プルイド,,,,project,bwiki-infobox | catalog-profiles | wikirby-names,BWIKI page: 星之卡比 Wii/杂兵; template: 杂兵；WiKirby page: Pluid,100,True,False
character:poison-apple,character,Poison apple,Poison apple,,,,,unchanged,catalog-profiles | wikirby-names,WiKirby 页面没有可解析的多语言名称表,100,True,False
character:poison-croakom,character,毒毒蛙,Poison Croakom,ポイズンゲロム,,,,official,bwiki-infobox | bwiki-table | catalog-profiles | wikirby-names,BWIKI page: 星之卡比 探索发现/杂兵; template: 杂兵；BWIKI table: 杂兵；WiKirby page: Poison Croakom,100,True,False
character:poison-mash,character,毒菇,Poison Mash,ポイズンマッシュ,,,,official_reused,bwiki-infobox | bwiki-table | catalog-profiles | wikirby-names,BWIKI page: 星之卡比 超级豪华版/杂兵; template: 杂兵；BWIKI table: 杂兵；WiKirby page: Poison Mash,100,True,False
character:polof,character,波洛芙,Polof,ポロフ,波洛芙！,,,official_reused,bwiki-infobox | bwiki-table | catalog-profiles | wikirby-names,BWIKI page: 星之卡比3/杂兵; template: 杂兵；BWIKI table: 杂兵；WiKirby page: Polof,100,True,False
character:pompey,character,咚坎！,Pompey,ドカン,,,,project,bwiki-infobox | catalog-profiles | wikirby-names,BWIKI page: 星之卡比64/杂兵1; template: 杂兵；WiKirby page: Pompey,100,True,False
character:pon-con,character,阿狸&阿狐,Pon & Con,ポン＆コン,,,ポン&コン,official,bwiki-infobox | catalog-profiles | wikirby-names,BWIKI page: 阿狸&阿狐; template: Infobox/敌对角色；WiKirby page: Pon & Con,100,True,False
character:pon-jr,character,小狸,Pon Jr.,ポンJr.,,,,official_reused,bwiki-table,BWIKI table: 杂兵,100,True,False
character:pon-jr-con-jr,character,Pon Jr.&Con Jr.,Pon Jr.&Con Jr.,ポンJr.&コンJr.,,,,unchanged,bwiki-infobox,BWIKI page: 阿狸&阿狐; template: Infobox/敌对角色,100,True,False
character:popon,character,砰砰球,Popon,ポポン,砰砰球！,,,official_reused,bwiki-infobox | bwiki-table | catalog-profiles | wikirby-names,BWIKI page: 星之卡比3/杂兵; template: 杂兵；BWIKI page: 砰砰球; template: Infobox/敌对角色；BWIKI table: 杂兵；WiKirby page: Popon,100,True,False
character:poppy-bros-jr,character,小波比兄弟,Poppy Bros. Jr.,ポピーブロスJr.,风切小波比兄弟,Bluster Poppy Bros. Jr.,ポピーブラザーズJr.,official,bwiki-infobox | bwiki-table | catalog-forms | catalog-profiles | wikirby-names,BWIKI page: 小波比兄弟; template: Infobox/敌对角色；BWIKI table: 杂兵；WiKirby page: Poppy Bros. Jr.,100,True,False
character:poppy-bros-sr,character,波比兄弟,Poppy Bros. Sr.,ポピーブロスSr.,,,,project,bwiki-infobox | catalog-profiles | wikirby-names,BWIKI page: 波比兄弟; template: Infobox/敌对角色；WiKirby page: Poppy Bros. Sr.,100,True,False
character:possessed-beast-forgo-leon,character,附身兽 狮王·遗忘,"Possessed Beast, Forgo Leon",憑依獣 レオン・フォルガ,星之卡比 探索发现 附身兽 狮王·遗忘 | 狮王·遗忘 | 附身兽 狮王·遗忘 DIS | 附身兽 狮王·遗忘（星之卡比 探索发现） | 附身獸 獅王·遺忘,Forgo Leon | Forgo Leon (Kirby and the Forgotten Land) | Forgo Leon DIS | Kirby and the Forgotten Land Forgo Leon | 附身兽 狮王·遗忘 DIS,レオン・フォルガ,official,bwiki-infobox | catalog-profiles | shinkaku-page-names | wikirby-names,BWIKI page: 狮王·遗忘; template: Infobox/敌对角色；WiKirby page: Forgo Leon；真格速查 #227,150,True,False
character:posula,character,毒黏黏,Posula,ポスラ,,Slugoo,,official_reused,bwiki-infobox | bwiki-table | catalog-profiles | wikirby-names,BWIKI page: 集合！ 卡比/杂兵1; template: 杂兵；BWIKI table: 杂兵；WiKirby page: Posula,100,True,False
character:prank,character,捣蛋鬼,Prank,プランク,,,,official_reused,bwiki-infobox | bwiki-table | catalog-profiles | wikirby-names,BWIKI page: 星之卡比 镜之大迷宫/杂兵; template: 杂兵；BWIKI table: 杂兵；WiKirby page: Prank,100,True,False
character:pres-parallel-susie,character,Pres.异次元苏姿,Pres. Parallel Susie,プレズ・アナザースージー,Pres.異次元蘇姿,,,official,catalog-profiles | wikirby-names,WiKirby page: Pres. Parallel Susie,100,True,False
character:president-haltmann,character,总裁·哈鲁特曼,President Haltmann,プレジデント・ハルトマン,總裁‧哈魯特曼,,,official,bwiki-infobox | catalog-profiles | wikirby-names,BWIKI page: 总裁·哈鲁特曼; template: Infobox/敌对角色；WiKirby page: President Haltmann,100,True,False
character:president-haltmann-2-0,character,Re:总裁·哈鲁特曼,President Haltmann 2.0,Re:プレジデント･ハルトマン,Re:总裁·哈鲁特曼 RBP | Re:总裁·哈鲁特曼（星之卡比 机器人星球） | 星之卡比 机器人星球 Re:总裁·哈鲁特曼,Kirby: Planet Robobot President Haltmann 2.0 | President Haltmann 2.0 (Kirby: Planet Robobot) | President Haltmann 2.0 RBP | Re:总裁·哈鲁特曼 RBP | 星之卡比 机器人星球 Re:总裁·哈鲁特曼,,official_reused,shinkaku-page-names,真格速查 #125,150,True,False
character:pricklebat,character,刺刺蝙蝠,Pricklebat,バイバット,,Pricklebats,,official_reused,bwiki-infobox | bwiki-table | catalog-profiles | wikirby-names,BWIKI page: 集合！ 卡比/杂兵3; template: 杂兵；BWIKI table: 杂兵；WiKirby page: Pricklebat,100,True,False
character:primal-awoofy,character,原始加鲁鲁菲,Primal Awoofy,ゲンシガルルフィ,原始加魯魯菲 | 结晶化原始加鲁鲁菲,Crystal Primal Awoofy,,official,bwiki-infobox | bwiki-table | catalog-forms | catalog-profiles | wikirby-names,BWIKI page: 星之卡比 探索发现/杂兵; template: 杂兵；BWIKI table: 杂兵；WiKirby page: Primal Awoofy,100,True,False
character:prince-fluff,character,毛毛,Prince Fluff,フラッフ,,,,official,bwiki-infobox | catalog-profiles | wikirby-names,BWIKI page: 毛毛; template: Infobox/角色；WiKirby page: Prince Fluff,100,True,False
character:princess-marona,character,Princess Marona,Princess Marona,マローナ姫,,,,unchanged,catalog-profiles | wikirby-names,WiKirby page: Princess Marona,100,True,False
character:princess-rona,character,Princess Rona,Princess Rona,ローナ王女,,,,unchanged,catalog-profiles | wikirby-names,WiKirby page: Princess Rona,100,True,False
character:prism-ball,character,棱镜球！,Prism Ball,,,,,official_reused,bwiki-infobox | catalog-profiles | wikirby-names,BWIKI page: 星之卡比 机器博博星球/杂兵; template: 杂兵；WiKirby 页面没有可解析的多语言名称表,100,True,False
character:propeller,character,螺旋桨,Propeller,プロペラー,,,,official_reused,bwiki-infobox | bwiki-table | catalog-profiles | wikirby-names,BWIKI page: 螺旋桨; template: Infobox/敌对角色；BWIKI table: 杂兵；WiKirby page: Propeller,100,True,False
character:pteran,character,翼鸟,Pteran,プテラン,翼鸟！,,,official_reused,bwiki-infobox | bwiki-table | catalog-profiles | wikirby-names,BWIKI page: 星之卡比3/杂兵; template: 杂兵；BWIKI page: 翼鸟; template: Infobox/敌对角色；BWIKI table: 杂兵；WiKirby page: Pteran,100,True,False
character:puff,character,气灵,Puff,パフ,,Sanchang,,official_reused,bwiki-infobox | bwiki-table | catalog-profiles | wikirby-names,BWIKI page: 集合！ 卡比/杂兵3; template: 杂兵；BWIKI table: 杂兵；WiKirby page: Puff,100,True,False
character:puffy,character,膨胀云,Puffy,パフィ,膨胀云！,,,official_reused,bwiki-infobox | bwiki-table | catalog-profiles | wikirby-names,BWIKI page: 星之卡比/杂兵; template: 杂兵；BWIKI table: 杂兵；WiKirby 页面没有可解析的多语言名称表,100,True,False
character:pukey-flower,character,Pukey Flower,Pukey Flower,ピューキー,,,,unchanged,catalog-profiles | wikirby-names,WiKirby page: Pukey Flower,100,True,False
character:pult,character,抛器,Pult,パルト,,Stone Thrower,,official_reused,bwiki-infobox | bwiki-table | catalog-profiles | wikirby-names,BWIKI page: 集合！ 卡比/杂兵3; template: 杂兵；BWIKI table: 杂兵；WiKirby page: Pult,100,True,False
character:punc,character,刺甲团！,Punc,ダンゴ,,,,project,bwiki-infobox | catalog-profiles | wikirby-names,BWIKI page: 星之卡比64/杂兵; template: 杂兵；WiKirby page: Punc,100,True,False
character:pupa,character,米诺蓑！,Pupa,ミノ,,,,project,bwiki-infobox | catalog-profiles | wikirby-names,BWIKI page: 星之卡比64/杂兵1; template: 杂兵；WiKirby page: Pupa,100,True,False
character:puppet-waddle-dee,character,纸偶瓦豆鲁迪,Puppet Waddle Dee,パペットワドルディ,,Puppet Dee,,official_reused,bwiki-infobox | bwiki-table | catalog-profiles | wikirby-names,BWIKI page: 瓦豆鲁迪/种类; template: 杂兵；BWIKI page: 纸偶瓦豆鲁迪; template: Infobox/敌对角色；BWIKI table: 杂兵；WiKirby page: Puppet Waddle Dee,100,True,False
character:putt,character,噗通！,Putt,プット,,,,project,bwiki-infobox | catalog-profiles | wikirby-names,BWIKI page: 星之卡比64/杂兵1; template: 杂兵；WiKirby page: Putt,100,True,False
character:pyribbit,character,火山蛙,Pyribbit,ヴォルゲロム,,,,official,bwiki-infobox | catalog-profiles | wikirby-names,BWIKI page: 火山蛙; template: Infobox/敌对角色；WiKirby page: Pyribbit,100,True,False
character:pyribbit-dx,character,火山蛙 DX,Pyribbit DX,ヴォルゲロムDX,星之卡比 三重豪华版 火山蛙 DX | 火山蛙 DX TDX | 火山蛙 DX（星之卡比 三重豪华版）,Kirby: Triple Deluxe Pyribbit DX | Pyribbit DX (Kirby: Triple Deluxe) | Pyribbit DX TDX | 星之卡比 三重豪华版 火山蛙 DX | 火山蛙 DX TDX,,project,shinkaku-page-names,真格速查 #81,150,True,False
character:quad-gun,character,四门炮,Quad Gun,クアドガン,,Megatank,,official_reused,bwiki-table | catalog-profiles | wikirby-names,BWIKI vertical name table: 集合！ 卡比/中魔王；WiKirby page: Quad Gun,100,True,False
character:queen,character,Queen,Queen,,,,,unchanged,catalog-profiles | wikirby-names,WiKirby page: Queen,100,True,False
character:queen-sectonia,character,女王·塞昆托霓雅,Queen Sectonia,クィン・セクトニア,,,,official,bwiki-infobox | catalog-profiles | wikirby-names,BWIKI page: 女王·塞昆托霓雅; template: Infobox/敌对角色；WiKirby page: Queen Sectonia,100,True,False
character:queen-sectonia-dx,character,女王·塞昆托霓雅 DX,Queen Sectonia DX,クィン･セクトニアDX,女王·塞昆托霓雅 DX TDX | 女王·塞昆托霓雅 DX（星之卡比 三重豪华版） | 星之卡比 三重豪华版 女王·塞昆托霓雅 DX,Kirby: Triple Deluxe Queen Sectonia DX | Queen Sectonia DX (Kirby: Triple Deluxe) | Queen Sectonia DX TDX | 女王·塞昆托霓雅 DX TDX | 星之卡比 三重豪华版 女王·塞昆托霓雅 DX,,official_reused,shinkaku-page-names,真格速查 #84,150,True,False
character:rabiroo,character,拉比兔,Rabiroo,ラビルー,结晶化拉比兔,Crystal Rabiroo,,official,bwiki-infobox | bwiki-table | catalog-forms | catalog-profiles | wikirby-names,BWIKI page: 星之卡比 探索发现/杂兵; template: 杂兵；BWIKI table: 杂兵；WiKirby page: Rabiroo,100,True,False
character:raft-waddle-dee,character,划船瓦豆鲁迪,Raft Waddle Dee,ワドルディ,,,,official_reused,bwiki-infobox | catalog-profiles | wikirby-names,BWIKI page: 瓦豆鲁迪/种类; template: 杂兵；WiKirby 页面没有可解析的多语言名称表,100,True,False
character:rampaging-doomers,character,失控喽啪们,Rampaging Doomers,ぼうそうローパーズ,失控喽啪们 WIIDX | 失控喽啪们（星之卡比 Wii 豪华版） | 失控嘍啪們 | 星之卡比 Wii 豪华版 失控喽啪们,Kirby's Return to Dream Land Deluxe Rampaging Doomers | Rampaging Doomers (Kirby's Return to Dream Land Deluxe) | Rampaging Doomers WIIDX | 失控喽啪们 WIIDX | 星之卡比 Wii 豪华版 失控喽啪们,,official,bwiki-infobox | catalog-profiles | shinkaku-page-names | wikirby-names,BWIKI page: 失控喽啪们; template: Infobox/敌对角色；WiKirby page: Rampaging Doomers；真格速查 #286,150,True,False
character:reactor,character,Reactor,Reactor,リアクター,,,,unchanged,bwiki-infobox | catalog-profiles | wikirby-names,BWIKI page: 反应装置; template: Infobox/敌对角色；WiKirby page: Reactor,100,True,False
character:red-buttonbee,character,Red Buttonbee,Red Buttonbee,,,,,unchanged,catalog-profiles | wikirby-names,WiKirby 页面没有可解析的多语言名称表,100,True,False
character:red-viper,character,Red Viper,Red Viper,赤マムジ,,,,unchanged,catalog-profiles | wikirby-names,WiKirby page: Red Viper,100,True,False
character:redsnake,character,赤蛇,RedSnake,レッドスネーク,赤蛇！,Red Snake,,official_reused,bwiki-infobox | bwiki-table,BWIKI page: 星之卡比 Wii/杂兵; template: 杂兵；BWIKI table: 杂兵,100,True,False
character:rekketsu,character,Rekketsu,Rekketsu,レッケツ,,,,unchanged,catalog-profiles | wikirby-names,WiKirby page: Rekketsu,100,True,False
character:reporter-waddle-dee,character,记者瓦豆鲁迪,Reporter Waddle Dee,レポーターワドルディ,,,,official_reused,bwiki-infobox,BWIKI page: 瓦豆鲁迪/种类; template: 杂兵,100,True,False
character:revenge-of-the-enemy,character,Revenge of the Enemy,Revenge of the Enemy,リベンジ オブ エネミー,,,,unchanged,bwiki-infobox,BWIKI page: 宿敌的复仇; template: Infobox/音乐,100,True,False
character:ribbon,character,莉宝,Ribbon,リボン,莉寶,,,official,bwiki-infobox | catalog-profiles | wikirby-names,BWIKI page: 莉宝; template: Infobox/角色；WiKirby page: Ribbon,100,True,False
character:rick,character,陆库,Rick,リック,陸庫,,,official,bwiki-infobox | catalog-profiles | wikirby-names,BWIKI page: 陆库; template: Infobox/角色；WiKirby page: Rick,100,True,False
character:ringle,character,叮叮当,Ringle,ディングル,叮叮噹,,,official,bwiki-infobox | bwiki-table | catalog-profiles | wikirby-names,BWIKI page: 叮叮当; template: Infobox/敌对角色；BWIKI table: 杂兵；WiKirby page: Ringle,100,True,False
character:robo-bonkers,character,机甲锤星猩,Robo Bonkers,VSロボボンカース,,,ロボボンカース,project,bwiki-infobox,BWIKI page: VS机甲锤星猩; template: Infobox/关卡；BWIKI page: 机甲锤星猩; template: Infobox/敌对角色,100,True,False
character:robo-dedede,character,机械帝帝帝,Robo Dedede,メカデデデ,机甲帝帝帝 | 機械帝帝帝,Robo Dedede (Kirby Air Riders) | Robo Dedede (Kirby's Dream Course),,official,bwiki-infobox | catalog-profiles | wikirby-names,BWIKI page: 机械帝帝帝; template: Infobox/敌对角色；BWIKI page: 机甲帝帝帝; template: Infobox/敌对角色；WiKirby page: Robo Dedede (Kirby Air Riders)；WiKirby page: Robo Dedede (Kirby's Dream Course),100,True,False
character:robo-moley,character,机械莫利,Robo Moley,ロボモーリィ,,Mecha Mole,,official_reused,bwiki-table | catalog-profiles | wikirby-names,BWIKI table: 杂兵；WiKirby page: Robo Moley,100,True,False
character:rock-hand,character,岩手,Rock Hand,ロックハンド,,,,official_reused,bwiki-infobox | bwiki-table | catalog-profiles | wikirby-names,BWIKI page: 集合！ 卡比/杂兵3; template: 杂兵；BWIKI table: 杂兵；WiKirby page: Rock Hand,100,True,False
character:rockn,character,火箭君！,Rockn,ロックン,,,,project,bwiki-infobox | catalog-profiles | wikirby-names,BWIKI page: 星之卡比64/杂兵1; template: 杂兵；WiKirby page: Rockn,100,True,False
character:rocky,character,硬石,Rocky,ロッキー,,,,official,bwiki-infobox | bwiki-table | catalog-profiles | wikirby-names,BWIKI page: 硬石; template: Infobox/敌对角色；BWIKI table: 杂兵；WiKirby page: Rocky,100,True,False
character:roguemole,character,抛球鼹,Roguemole,イガモグ,,,,official_reused,bwiki-infobox | bwiki-table | catalog-profiles | wikirby-names,BWIKI page: 集合！ 卡比/杂兵3; template: 杂兵；BWIKI table: 杂兵；WiKirby page: Roguemole,100,True,False
character:rokuemon,character,Rokuemon,Rokuemon,ロクエモン,,,,unchanged,catalog-profiles | wikirby-names,WiKirby page: Rokuemon,100,True,False
character:rolling-clod,character,滚滚轮,Rolling Clod,ゴロリン,,,,official_reused,bwiki-infobox | catalog-profiles | wikirby-names,BWIKI page: 毛线卡比/杂兵1; template: 杂兵；WiKirby page: Rolling Clod,100,True,False
character:rolling-pawn,character,砝转转,Rolling Pawn,グルポーン,,Great Gear's SpikeWeight | Great Gear's Weight,グルスパイク,official_reused,bwiki-infobox | bwiki-table | catalog-profiles | wikirby-names,BWIKI page: 集合！ 卡比/杂兵3; template: 杂兵；BWIKI table: 杂兵；WiKirby page: Rolling Pawn,100,True,False
character:rolling-spike,character,刺转转,Rolling Spike,グルスパイク,,Great Gear's SpikeWeight,,official_reused,bwiki-table | catalog-profiles | wikirby-names,BWIKI table: 杂兵；WiKirby page: Rolling Spike,100,True,False
character:rolling-turtle,character,Rolling Turtle,Rolling Turtle,ローリングタートル,,,,unchanged,bwiki-infobox | catalog-profiles | wikirby-names,BWIKI page: 滚滚龟; template: Infobox/敌对角色；WiKirby page: Rolling Turtle,100,True,False
character:rolling-waddle-dee,character,Rolling Waddle Dee,Rolling Waddle Dee,ころがる100のワドルディ,,,,unchanged,catalog-profiles | wikirby-names,WiKirby page: Rolling Waddle Dee,100,True,False
character:rollozer,character,钢滚,Rollozer,ボンゴム,鋼滾,,,official,bwiki-infobox | catalog-profiles | wikirby-names,BWIKI page: 卡比的驭天飞行/杂兵; template: 杂兵；WiKirby page: Rollozer,100,True,False
character:roly-poly,character,滚滚球,Roly-Poly,コロロン,,,,official_reused,bwiki-infobox | bwiki-table | catalog-profiles | wikirby-names,BWIKI page: 星之卡比 镜之大迷宫/杂兵; template: 杂兵；BWIKI table: 杂兵；WiKirby page: Roly-Poly,100,True,False
character:rosely,character,可爱玫瑰,Rosely,ローズラブリー,,,,official_reused,bwiki-infobox | bwiki-table | catalog-profiles | wikirby-names,BWIKI page: 星之卡比 超级豪华版/杂兵; template: 杂兵；BWIKI table: 杂兵；WiKirby page: Rosely,100,True,False
character:rowlin,character,Rowlin,Rowlin,ローリン,,,,unchanged,catalog-profiles | wikirby-names,WiKirby page: Rowlin,100,True,False
character:runaway-parade-car,character,疯狂巡游车,Runaway Parade Car,クレイジーパレードカー,瘋狂巡遊車,,,official,catalog-profiles | wikirby-names,WiKirby page: Runaway Parade Car,100,True,False
character:sailor-waddle-dee,character,船员瓦豆鲁迪,Sailor Waddle Dee,ワドルディ船員,船員瓦豆魯迪,,船員ワドルディ,official,bwiki-infobox | catalog-profiles | wikirby-names,BWIKI page: 瓦豆鲁迪/种类; template: 杂兵；WiKirby page: Sailor Waddle Dee,100,True,False
character:samo,character,Samo,Samo,サモ,,,,unchanged,catalog-profiles | wikirby-names,WiKirby page: Samo,100,True,False
character:sandman,character,金沙怪！,Sandman,オロサ,,,,project,bwiki-infobox | catalog-profiles | wikirby-names,BWIKI page: 星之卡比64/杂兵; template: 杂兵；WiKirby page: Sandman,100,True,False
character:sandran,character,沙德蘭,Sandran,サンドラン,沙德兰,,,official,bwiki-infobox | catalog-profiles | wikirby-names,BWIKI page: 星之卡比 Wii/杂兵; template: 杂兵；WiKirby page: Sandran,100,True,False
character:sasuke,character,笠助,Sasuke,サスケ,笠助！,,,official_reused,bwiki-infobox | bwiki-table | catalog-profiles | wikirby-names,BWIKI page: 星之卡比3/杂兵; template: 杂兵；BWIKI table: 杂兵；WiKirby page: Sasuke,100,True,False
character:sawgill,character,锯锯鲨,Sawgill,ギリノコ,锯子鱼,,,official_reused,bwiki-infobox | catalog-profiles | wikirby-names,BWIKI page: 毛线卡比/杂兵2; template: 杂兵；BWIKI page: 触摸！ 卡比 超级彩虹/杂兵; template: 杂兵；WiKirby page: Sawgill,100,True,False
character:sawyer,character,锯奇！,Sawyer,ノコギ,,,,project,bwiki-infobox | catalog-profiles | wikirby-names,BWIKI page: 星之卡比64/杂兵1; template: 杂兵；WiKirby page: Sawyer,100,True,False
character:scarfy,character,尖耳怪,Scarfy,スカーフィ,发怒的尖耳怪 | 发怒的猎人尖耳怪 | 猎人尖耳怪 | 猎守尖耳怪,Angered Hunter Scarfy | Angered Scarfy | Hunter Scarfy | 英： Scarfy,ハンタースカーフィ | 日：スカーフィ,official,bwiki-infobox | bwiki-table | catalog-forms | catalog-profiles | wikirby-names,BWIKI page: 尖耳怪; template: Infobox/敌对角色；BWIKI table: 卡比的驭天飞行；BWIKI table: 杂兵；WiKirby page: Scarfy,100,True,False
character:schnoz,character,咚坦,Schnoz,ドスタン,,,,official_reused,bwiki-infobox | bwiki-table | catalog-profiles | wikirby-names,BWIKI page: 集合！ 卡比/杂兵1; template: 杂兵；BWIKI table: 杂兵；WiKirby page: Schnoz,100,True,False
character:schwarz,character,史瓦西斯,Schwarz,シュバルツ,,,,official_reused,bwiki-infobox | bwiki-table | catalog-profiles | wikirby-names,BWIKI page: 集合！ 卡比/杂兵3; template: 杂兵；BWIKI table: 杂兵；WiKirby page: Schwarz,100,True,False
character:scoopy,character,皮皮鱿,Scoopy,スクーピィ,,Gate Squid,,official_reused,bwiki-infobox | bwiki-table | catalog-profiles | wikirby-names,BWIKI page: 集合！ 卡比/杂兵3; template: 杂兵；BWIKI table: 杂兵；WiKirby page: Scoopy,100,True,False
character:sea-jelly,character,水母,Sea Jelly,キクラゲン,,,,official_reused,bwiki-infobox | catalog-profiles | wikirby-names,BWIKI page: 毛线卡比/杂兵2; template: 杂兵；WiKirby page: Sea Jelly,100,True,False
character:searches,character,危险状态瑟奇斯,Searches,サーチス,索奇斯,Primed Searches | Search,,official,bwiki-infobox | bwiki-table | catalog-forms | catalog-profiles | wikirby-names,BWIKI page: 索奇斯; template: Infobox/敌对角色；BWIKI table: 杂兵；WiKirby page: Searches,100,True,False
character:sectonia-clone,character,Sectonia Clone,Sectonia Clone,クローンセクトニア,,,,unchanged,catalog-profiles | wikirby-names,WiKirby page: Sectonia Clone,100,True,False
character:sectonia-vine,character,Sectonia Vine,Sectonia Vine,セクトニアヴァイン,,Flowered Sectonia,,unchanged,catalog-profiles | wikirby-names,WiKirby page: Flowered Sectonia,100,True,False
character:sectra-dee,character,塞昆托迪,Sectra Dee,セクトルディ,塞昆托迪！,Parasol Sectra Dee,パラソルセクトルディ,official_reused,bwiki-infobox | bwiki-table | catalog-profiles | wikirby-names,BWIKI page: 塞昆托迪; template: Infobox/敌对角色；BWIKI page: 星之卡比 三重豪华/杂兵; template: 杂兵；BWIKI page: 瓦豆鲁迪/种类; template: 杂兵；BWIKI table: 杂兵；WiKirby page: Sectra Dee,100,True,False
character:sectra-knight,character,塞昆托骑士,Sectra Knight,セクトラナイト,塞昆托骑士！,Sectra Burt,,official_reused,bwiki-infobox | bwiki-table,BWIKI page: 塞昆托球球; template: Infobox/敌对角色；BWIKI page: 星之卡比 三重豪华/杂兵; template: 杂兵；BWIKI table: 杂兵,100,True,False
character:sectra-shooter,character,塞昆托狙击手,Sectra Shooter,セクトラシューター,塞昆托狙击手！,,,official_reused,bwiki-infobox | bwiki-table,BWIKI page: 星之卡比 三重豪华/杂兵; template: 杂兵；BWIKI table: 杂兵,100,True,False
character:security-force,character,安全部队,Security Force,セキュリティサービス,,,,official_reused,bwiki-infobox | catalog-profiles | wikirby-names,BWIKI page: 安全部队; template: Infobox/敌对角色；WiKirby page: Security Force,100,True,False
character:security-laser,character,Security Laser,Security Laser,,,,,unchanged,catalog-profiles | wikirby-names,WiKirby 页面没有可解析的多语言名称表,100,True,False
character:shadow-dedede,character,Shadow Dedede,Shadow Dedede,ブラックデデデ,,,,unchanged,catalog-profiles | wikirby-names,WiKirby page: Shadow Dedede,100,True,False
character:shadow-kirby,character,暗影卡比,Shadow Kirby,シャドーカービィ,,,,official,bwiki-infobox | bwiki-table | catalog-profiles | wikirby-names,BWIKI page: 暗影卡比; template: Infobox/敌对角色；BWIKI table: 杂兵；WiKirby page: Shadow Kirby,100,True,False
character:shadowbite,character,咬咬影,Shadowbite,シャドーバイト,,,,official_reused,bwiki-table | catalog-profiles | wikirby-names,BWIKI vertical name table: 集合！ 卡比/中魔王；WiKirby page: Shadowbite,100,True,False
character:shelby,character,蜗蜗,Shelby,デンデン,,,,official_reused,bwiki-infobox | catalog-profiles | wikirby-names,BWIKI page: 毛线卡比/杂兵1; template: 杂兵；WiKirby page: Shelby,100,True,False
character:shellmic,character,隐伪壳,Shellmic,シェルミック,,Vacuumus,,official_reused,bwiki-infobox | bwiki-table | catalog-profiles | wikirby-names,BWIKI page: 集合！ 卡比/杂兵1; template: 杂兵；BWIKI table: 杂兵；WiKirby page: Shellmic,100,True,False
character:shelt,character,无头盔壳特,Shelt,シェルト,坚壳盾仔,Exposed Shelt | Sheld,,official,bwiki-infobox | bwiki-table | catalog-forms | catalog-profiles | wikirby-names,BWIKI page: 坚壳盾仔; template: Infobox/敌对角色；BWIKI table: 杂兵；WiKirby page: Shelt,100,True,False
character:shieldster,character,盾咚,Shieldster,シールドン,,,,official_reused,bwiki-infobox | catalog-profiles | wikirby-names,BWIKI page: 触摸！ 卡比 超级彩虹/杂兵; template: 杂兵；WiKirby page: Shieldster,100,True,False
character:shiro,character,小白,Shiro,シロ,,,,official_reused,bwiki-table | catalog-profiles | wikirby-names,BWIKI vertical name table: 需要帮助的NPC（星之卡比3）；WiKirby page: Shiro,100,True,False
character:shockcreepa,character,爬行泥,Shockcreepa,ビリグルン,,,,official_reused,bwiki-infobox | catalog-profiles | wikirby-names,BWIKI page: 触摸！ 卡比 超级彩虹/杂兵; template: 杂兵；WiKirby page: Shockcreepa,100,True,False
character:shooty,character,射手导弹,Shooty,シューティ,,,,official_reused,bwiki-infobox | bwiki-table | catalog-profiles | wikirby-names,BWIKI page: 星之卡比 镜之大迷宫/杂兵; template: 杂兵；BWIKI table: 杂兵；WiKirby page: Shooty,100,True,False
character:shotzo,character,黑大炮,Shotzo,シャッツォ,黑大砲,,,official,bwiki-infobox | bwiki-table | catalog-profiles | wikirby-names,BWIKI page: 黑大炮; template: Infobox/敌对角色；BWIKI table: 杂兵；WiKirby page: Shotzo,100,True,False
character:simirror,character,镜子法师,Simirror,シミラ,,,,official_reused,bwiki-infobox | bwiki-table | catalog-profiles | wikirby-names,BWIKI page: 镜子法师; template: Infobox/敌对角色；BWIKI table: 杂兵；WiKirby page: Simirror,100,True,False
character:sir-ebrum,character,Sir Ebrum,Sir Ebrum,パーム,,,,unchanged,catalog-profiles | wikirby-names,WiKirby page: Sir Ebrum,100,True,False
character:sir-gallant,character,Sir Gallant,Sir Gallant,キハーノ,,,,unchanged,catalog-profiles | wikirby-names,WiKirby page: Sir Gallant,100,True,False
character:sir-kibble,character,弯刀骑士,Sir Kibble,サーキブル,彎刀騎士,,,official,bwiki-infobox | bwiki-table | catalog-profiles | wikirby-names,BWIKI page: 弯刀骑士; template: Infobox/敌对角色；BWIKI table: 杂兵；WiKirby page: Sir Kibble,100,True,False
character:sir-slippy,character,滑溜溜蛙,Sir Slippy,サースリッピー,Sir 敏捷蛙！,,,official_reused,bwiki-infobox | bwiki-table | catalog-profiles | wikirby-names,BWIKI page: 星之卡比2/杂兵; template: 杂兵；BWIKI table: 杂兵；WiKirby page: Sir Slippy,100,True,False
character:sirica,character,Sirica,Sirica,シリカ,,,,unchanged,catalog-profiles | wikirby-names,WiKirby page: Sirica,100,True,False
character:sizzle-sword-kirby,character,利剑,Sizzle Sword Kirby,ソード,利剑 DIS | 利剑 RBP | 利剑 STA | 利剑 TDX | 利剑 WII | 利剑 WIIDX | 利剑（星之卡比 Wii 豪华版） | 利剑（星之卡比 Wii） | 利剑（星之卡比 三重豪华版） | 利剑（星之卡比 探索发现） | 利剑（星之卡比 新星同盟） | 利剑（星之卡比 机器人星球） | 星之卡比 Wii 利剑 | 星之卡比 Wii 豪华版 利剑 | 星之卡比 三重豪华版 利剑 | 星之卡比 探索发现 利剑 | 星之卡比 新星同盟 利剑 | 星之卡比 机器人星球 利剑 | 火焰利剑卡比,Kirby and the Forgotten Land Sword | Kirby Star Allies Sword | Kirby's Return to Dream Land Deluxe Sword | Kirby's Return to Dream Land Sword | Kirby: Planet Robobot Sword | Kirby: Triple Deluxe Sword | Sword | Sword (Kirby and the Forgotten Land) | Sword (Kirby Star Allies) | Sword (Kirby's Return to Dream Land Deluxe) | Sword (Kirby's Return to Dream Land) | Sword (Kirby: Planet Robobot) | Sword (Kirby: Triple Deluxe) | Sword DIS | Sword RBP | Sword STA | Sword TDX | Sword WII | Sword WIIDX | 利剑 DIS | 利剑 RBP | 利剑 STA | 利剑 TDX | 利剑 WII | 利剑 WIIDX | 星之卡比 Wii 利剑 | 星之卡比 Wii 豪华版 利剑,ソード(Dis) | ソード(RBP) | ソード(STA) | ソード(TDX) | ソード(Wii) | ソード(WiiDX),official,bwiki-infobox | catalog-forms | catalog-profiles | shinkaku-page-names,BWIKI page: 利剑; template: Infobox/复制能力；真格速查 #102；真格速查 #146；真格速查 #18；真格速查 #209；真格速查 #257；真格速查 #63,150,True,False
character:sizzle-yo-yo-kirby,character,火焰溜溜球卡比,Sizzle Yo-Yo Kirby,,,Power Effect,,official,catalog-forms | catalog-profiles,,100,True,False
character:skiing-grand-dee,character,滑雪大大迪,Skiing Grand Dee,スキーグランディ,,,,official_reused,bwiki-infobox,BWIKI page: 瓦豆鲁迪/种类; template: 杂兵,100,True,False
character:skiing-key-dee,character,滑雪钥匙迪,Skiing Key Dee,スキーウォンキィ,,,,official_reused,bwiki-infobox,BWIKI page: 瓦豆鲁迪/种类; template: 杂兵,100,True,False
character:skiing-waddle-dee,character,滑雪瓦豆鲁迪,Skiing Waddle Dee,スキーワドルディ,,,,official_reused,bwiki-infobox,BWIKI page: 瓦豆鲁迪/种类; template: 杂兵,100,True,False
character:skud,character,导弹君！,Skud,ミックン,,,,project,bwiki-infobox | catalog-profiles | wikirby-names,BWIKI page: 星之卡比64/杂兵; template: 杂兵；WiKirby page: Skud,100,True,False
character:skull-gang,character,头骨团,Skull Gang,ドクロ団,,,,official_reused,bwiki-infobox,BWIKI page: 头骨团; template: Infobox/敌对角色,100,True,False
character:skuller,character,头骨怪,Skuller,スカラー,头骨怪！,,,official_reused,bwiki-infobox | bwiki-table | catalog-profiles | wikirby-names,BWIKI page: 星之卡比/杂兵; template: 杂兵；BWIKI table: 杂兵；WiKirby page: Skuller,100,True,False
character:skullion,character,飘飘刺骨,Skullion,ドクロス,,,,official_reused,bwiki-infobox | bwiki-table | catalog-profiles | wikirby-names,BWIKI page: 集合！ 卡比/杂兵3; template: 杂兵；BWIKI table: 杂兵；WiKirby page: Skullion,100,True,False
character:skullord,character,头骨大王,Skullord,ドクロだいおう,頭骨大王,,,official,bwiki-infobox | catalog-profiles | wikirby-names,BWIKI page: 头骨大王; template: Infobox/敌对角色；WiKirby page: Skullord,100,True,False
character:skullseer,character,头骨儿将军,Skullseer,ドクロしょうぐん,,,,official_reused,bwiki-table | catalog-profiles | wikirby-names,BWIKI vertical name table: 集合！ 卡比/中魔王；WiKirby page: Skullseer,100,True,False
character:skully,character,头骨儿,Skully,ドクロン,頭骨兒,,,official,bwiki-infobox | bwiki-table | catalog-profiles | wikirby-names,BWIKI page: 集合！ 卡比/杂兵3; template: 杂兵；BWIKI table: 杂兵；WiKirby page: Skully,100,True,False
character:sleepy-turtle,character,睡眠龟！,Sleepy Turtle,スリーピィタートル,睡眠龟,,,official_reused,bwiki-infobox | bwiki-table | catalog-profiles | wikirby-names,BWIKI page: 星之卡比 机器博博星球/杂兵; template: 杂兵；BWIKI table: 杂兵；WiKirby page: Sleepy Turtle,100,True,False
character:slice-n-splice,character,Slice n' Splice,Slice n' Splice,キッタリハッタリ,,,,unchanged,catalog-profiles | wikirby-names,WiKirby page: Slice n' Splice,100,True,False
character:slicerdicer,character,SlicerDicer,SlicerDicer,リョウリガーZ,,,,unchanged,catalog-profiles | wikirby-names,WiKirby page: SlicerDicer,100,True,False
character:slide-laser-robot,character,激光运作机器,Slide Laser Robot,スライドレーザーロボ,激光运作机器！,,,official_reused,bwiki-infobox | bwiki-table,BWIKI page: 星之卡比 三重豪华/杂兵; template: 杂兵；BWIKI table: 杂兵,100,True,False
character:slippy,character,敏捷蛙,Slippy,スリッピー,,,,official_reused,bwiki-infobox | bwiki-table | catalog-profiles | wikirby-names,BWIKI page: 敏捷蛙; template: Infobox/敌对角色；BWIKI table: 杂兵；WiKirby page: Slippy,100,True,False
character:slobba,character,癞奇,Slobba,ヒッキー,,,,official_reused,bwiki-infobox | catalog-profiles | wikirby-names,BWIKI page: 毛线卡比/杂兵1; template: 杂兵；WiKirby page: Slobba,100,True,False
character:slushy,character,帕帕！,Slushy,パッパ,,,,project,bwiki-infobox | catalog-profiles | wikirby-names,BWIKI page: 星之卡比64/杂兵; template: 杂兵；WiKirby page: Slushy,100,True,False
character:small-jellifrizz,character,电蜇,Small Jellifrizz,エレクラ,,,,official_reused,bwiki-infobox | bwiki-table,BWIKI page: 集合！ 卡比/杂兵1; template: 杂兵；BWIKI table: 杂兵,100,True,False
character:small-soarar,character,小滑翔翼,Small Soarar,プチソアラ,,Baby Soarar,,official_reused,bwiki-infobox | bwiki-table | catalog-profiles | wikirby-names,BWIKI page: 集合！ 卡比/杂兵3; template: 杂兵；BWIKI table: 杂兵；WiKirby page: Small Soarar,100,True,False
character:sneak-sack,character,偷偷袋,Sneak Sack,ドロンブクロ,,,,official_reused,bwiki-infobox | catalog-profiles | wikirby-names,BWIKI page: 毛线卡比/杂兵1; template: 杂兵；WiKirby page: Sneak Sack,100,True,False
character:snip-snap,character,咔嚓咔嚓,Snip-Snap,ガジガジ,,,,official_reused,bwiki-infobox | catalog-profiles | wikirby-names,BWIKI page: 毛线卡比/杂兵1; template: 杂兵；WiKirby page: Snip-Snap,100,True,False
character:snipper,character,潜地钳！,Snipper,ジバサミ,,,,project,bwiki-infobox | catalog-profiles | wikirby-names,BWIKI page: 星之卡比64/杂兵1; template: 杂兵；BWIKI page: 潜地钳; template: Infobox/敌对角色；WiKirby page: Snipper,100,True,False
character:snooter,character,比鲁格,Snooter,ビルゲ,,,,official_reused,bwiki-infobox | bwiki-table | catalog-profiles | wikirby-names,BWIKI page: 星之卡比 镜之大迷宫/杂兵; template: 杂兵；BWIKI page: 比鲁格; template: Infobox/敌对角色；BWIKI table: 杂兵；WiKirby page: Snooter,100,True,False
character:snoozroot,character,呼噜睡豌,Snoozroot,ウトウト,,,,official_reused,bwiki-infobox | bwiki-table | catalog-profiles | wikirby-names,BWIKI page: 集合！ 卡比/杂兵1; template: 杂兵；BWIKI table: 杂兵；WiKirby page: Snoozroot,100,True,False
character:snoozroot-orange,character,呼噜沙豌,Snoozroot（Orange）,ウトサンド,,,,official_reused,bwiki-infobox | bwiki-table,BWIKI page: 集合！ 卡比/杂兵1; template: 杂兵；BWIKI table: 杂兵,100,True,False
character:snoozroot-purple,character,呼噜噗豌,Snoozroot（Purple）,ウトプク,,,,official_reused,bwiki-infobox | bwiki-table,BWIKI page: 集合！ 卡比/杂兵1; template: 杂兵；BWIKI table: 杂兵,100,True,False
character:snoozroot-red,character,呼噜炎豌,Snoozroot（Red）,ウトファイア,,,,official_reused,bwiki-infobox | bwiki-table,BWIKI page: 集合！ 卡比/杂兵1; template: 杂兵；BWIKI table: 杂兵,100,True,False
character:snoppy,character,雪比,Snoppy,スノッピー,雪比！,,,official_reused,bwiki-infobox | bwiki-table | catalog-profiles | wikirby-names,BWIKI page: 触摸！ 卡比/杂兵; template: 杂兵；BWIKI table: 杂兵；WiKirby page: Snoppy,100,True,False
character:snowball-waddle-dee,character,雪球瓦豆鲁迪,Snowball Waddle Dee,ユキダマワドルディ,,,,official_reused,bwiki-infobox,BWIKI page: 瓦豆鲁迪/种类; template: 杂兵,100,True,False
character:snowl,character,猫头雪鹰,Snowl,スノウル,雪诺露！,,,official_reused,bwiki-infobox | bwiki-table | catalog-profiles | wikirby-names,BWIKI page: 星之卡比 Wii/杂兵; template: 杂兵；BWIKI page: 猫头雪鹰; template: Infobox/敌对角色；BWIKI table: 杂兵；WiKirby page: Snowl,100,True,False
character:soarar,character,滑翔翼,Soarar,ソアラ,,,,official_reused,bwiki-infobox | bwiki-table | catalog-profiles | wikirby-names,BWIKI page: 滑翔翼; template: Infobox/敌对角色；BWIKI table: 杂兵；WiKirby page: Soarar,100,True,False
character:sodory,character,索多利剑,Sodory,ソドリィ,剑多利！,,,official_reused,bwiki-infobox | bwiki-table | catalog-profiles | wikirby-names,BWIKI page: 星之卡比 Wii/杂兵; template: 杂兵；BWIKI page: 索多利剑; template: Infobox/敌对角色；BWIKI table: 杂兵；WiKirby page: Sodory,100,True,False
character:soldier,character,剑兵,Soldier,ケンヘー,,Sword Soldier,,official_reused,bwiki-infobox | catalog-profiles | wikirby-names,BWIKI page: 毛线卡比/杂兵2; template: 杂兵；WiKirby page: Soldier,100,True,False
character:soldier-waddle-dee,character,士兵瓦豆鲁迪,Soldier Waddle Dee,兵隊ワドルディ,,,,official_reused,bwiki-infobox | catalog-profiles | wikirby-names,BWIKI page: 瓦豆鲁迪/种类; template: 杂兵；WiKirby page: Soldier Waddle Dee,100,True,False
character:solite,character,电头,Solite,デイル,電頭,Dale | 英： Dale,日：デイル,official,bwiki-infobox | bwiki-table | catalog-profiles | wikirby-names,BWIKI page: 卡比的驭天飞行/杂兵; template: 杂兵；BWIKI table: 卡比的驭天飞行；BWIKI table: 杂兵；WiKirby page: Solite,100,True,False
character:soocher,character,针线头,Soocher,ステッチン,,,,official_reused,bwiki-infobox | catalog-profiles | wikirby-names,BWIKI page: 毛线卡比/杂兵2; template: 杂兵；WiKirby page: Soocher,100,True,False
character:soul-forgo,character,灵魂·遗忘,Soul Forgo,ソウル・フォルガ,,,,official_reused,bwiki-infobox,BWIKI page: 灵魂·遗忘; template: Infobox/敌对角色,100,True,False
character:soul-of-sectonia,character,塞昆托霓雅灵魂,Soul of Sectonia,セクトニアソウル,塞昆托霓雅之魂 | 塞昆托霓雅之魂 TDX | 塞昆托霓雅之魂（星之卡比 三重豪华版） | 星之卡比 三重豪华版 塞昆托霓雅之魂,Kirby: Triple Deluxe Soul of Sectonia | Soul of Sectonia (Kirby: Triple Deluxe) | Soul of Sectonia TDX | 塞昆托霓雅之魂 TDX,セクトニア ソウル,official_reused,bwiki-infobox | catalog-profiles | shinkaku-page-names | wikirby-names,BWIKI page: 塞昆托霓雅灵魂; template: Infobox/敌对角色；WiKirby page: Soul of Sectonia；真格速查 #87,150,True,False
character:souvenir-shop-waddle-dee,character,仹手礼店瓦豆鲁迪,Souvenir Shop Waddle Dee,おみやげ屋ワドルディ,仹手禮店瓦豆魯迪 | 伴手礼店瓦豆鲁迪,,,official,bwiki-infobox | catalog-profiles | wikirby-names,BWIKI page: 瓦豆鲁迪/种类; template: 杂兵；WiKirby page: Souvenir Shop Waddle Dee,100,True,False
character:space-jellifrizz-large,character,太空大电蛰,Space Jellifrizz(Large),スペースモチクラ,太空大电蜇,,,official_reused,bwiki-infobox | bwiki-table,BWIKI page: 集合！ 卡比/杂兵3; template: 杂兵；BWIKI table: 杂兵,100,True,False
character:space-jellifrizz-small,character,太空电蜇,Space Jellifrizz(Small),スペースミニクラ,,,,official_reused,bwiki-infobox | bwiki-table,BWIKI page: 集合！ 卡比/杂兵3; template: 杂兵；BWIKI table: 杂兵,100,True,False
character:space-jelly,character,太空水母,Space Jelly,カラゲン,,,,official_reused,bwiki-infobox | catalog-profiles | wikirby-names,BWIKI page: 毛线卡比/杂兵2; template: 杂兵；WiKirby page: Space Jelly,100,True,False
character:space-kracko,character,太空独眼云,Space Kracko,スペースクラッコ,,,,project,bwiki-infobox | catalog-profiles | wikirby-names,BWIKI page: 太空独眼云; template: Infobox/敌对角色；WiKirby page: Space Kracko,100,True,False
character:space-mossy,character,太空毛毛藓,Space Mossy,スペースモソモソ,,,,official_reused,bwiki-infobox | bwiki-table,BWIKI page: 集合！ 卡比/杂兵3; template: 杂兵；BWIKI table: 杂兵,100,True,False
character:space-oohroo,character,太空乱拳猩,Space Oohroo,スペースウッホ,,,,official_reused,bwiki-infobox | bwiki-table | catalog-profiles | wikirby-names,BWIKI page: 集合！ 卡比/杂兵3; template: 杂兵；BWIKI table: 杂兵；WiKirby page: Space Oohroo,100,True,False
character:space-slugoo,character,太空毒黏黏,Space Slugoo,スペースポスラ,,,,official_reused,bwiki-infobox | bwiki-table,BWIKI page: 集合！ 卡比/杂兵3; template: 杂兵；BWIKI table: 杂兵,100,True,False
character:spark-bonkers,character,电火花锤星猩,Spark Bonkers,スパークボンカース,電火花錘星猩,,,official,bwiki-infobox | catalog-profiles | wikirby-names,BWIKI page: 电火花锤星猩; template: Infobox/敌对角色；WiKirby page: Spark Bonkers,100,True,False
character:spark-i,character,雷米！,Spark-i,ラミ,,,,project,bwiki-infobox | catalog-profiles | wikirby-names,BWIKI page: 星之卡比64/杂兵; template: 杂兵；WiKirby page: Spark-i,100,True,False
character:sparky,character,電火花怪,Sparky,スパーキー,电火花怪,,,official,bwiki-infobox | bwiki-table | catalog-profiles | wikirby-names,BWIKI page: 电火花怪; template: Infobox/敌对角色；BWIKI table: 杂兵；WiKirby page: Sparky,100,True,False
character:spear-cotta,character,枪陶土兵,Spear Cotta,ヤリコッタ,,,,official_reused,bwiki-infobox | catalog-profiles | wikirby-names,BWIKI page: 触摸！ 卡比 超级彩虹/杂兵; template: 杂兵；WiKirby page: Spear Cotta,100,True,False
character:spear-cotta-knight,character,枪陶土骑士,Spear Cotta Knight,ヤリナイトコッタ,,,,official_reused,bwiki-infobox | catalog-profiles | wikirby-names,BWIKI page: 触摸！ 卡比 超级彩虹/杂兵; template: 杂兵；WiKirby page: Spear Cotta Knight,100,True,False
character:spear-mariner,character,矛海兵,Spear Mariner,ヤリカイヘー,,,,official_reused,bwiki-infobox,BWIKI page: 毛线卡比/杂兵2; template: 杂兵,100,True,False
character:spear-soldier,character,矛兵,Spear Soldier,ヤリヘー,,,,official_reused,bwiki-infobox,BWIKI page: 毛线卡比/杂兵2; template: 杂兵,100,True,False
character:spear-waddle-dee,character,枪瓦豆鲁迪,Spear Waddle Dee,ヤリワドルディ,槍瓦豆魯迪,,,official,bwiki-infobox | catalog-profiles | wikirby-names,BWIKI page: 枪瓦豆鲁迪; template: Infobox/敌对角色；BWIKI page: 瓦豆鲁迪/种类; template: 杂兵；WiKirby page: Spear Waddle Dee,100,True,False
character:species-born-of-chaos-chaos-elfilis,character,魂沌新物种 混沌·艾菲里斯,"Species Born of Chaos, Chaos Elfilis",魂沌新種 カオス・エフィリス,星之卡比 探索发现 魂沌新物种 混沌·艾菲里斯 | 混沌·艾菲里斯 | 魂沌新物种 混沌·艾菲里斯 DIS | 魂沌新物种 混沌·艾菲里斯（星之卡比 探索发现） | 魂沌新物種 混沌·艾菲里斯,Chaos Elfilis | Chaos Elfilis (Kirby and the Forgotten Land) | Chaos Elfilis DIS | Kirby and the Forgotten Land Chaos Elfilis | 魂沌新物种 混沌·艾菲里斯 DIS,カオス・エフィリス,official,bwiki-infobox | catalog-profiles | shinkaku-page-names | wikirby-names,BWIKI page: 混沌·艾菲里斯; template: Infobox/敌对角色；WiKirby page: Chaos Elfilis；真格速查 #229,150,True,False
character:sphere-doomer,character,球体喽啪,Sphere Doomer,スフィアローパー,冰球体喽啪 | 冰球体喽啪EX | 星之卡比 Wii 球体喽啪 EX | 星之卡比 Wii 豪华版 球体喽啪 EX | 火焰球体喽啪 | 火焰球体喽啪EX | 球体喽啪 EX | 球体喽啪 EX WII | 球体喽啪 EX WIIDX | 球体喽啪 EX（星之卡比 Wii 豪华版） | 球体喽啪 EX（星之卡比 Wii） | 球体喽啪EX | 球體嘍啪 | 电火花球体喽啪 | 电火花球体喽啪EX,Cyan Sphere Doomer | Cyan Sphere Doomer EX | Kirby's Return to Dream Land Deluxe Sphere Doomer EX | Kirby's Return to Dream Land Sphere Doomer EX | Red Sphere Doomer | Red Sphere Doomer EX | Silver Sphere Doomer | Silver Sphere Doomer EX | Sphere Doomer EX | Sphere Doomer EX (Kirby's Return to Dream Land Deluxe) | Sphere Doomer EX (Kirby's Return to Dream Land) | Sphere Doomer EX WII | Sphere Doomer EX WIIDX | 星之卡比 Wii 球体喽啪 EX | 星之卡比 Wii 豪华版 球体喽啪 EX | 球体喽啪 EX WII | 球体喽啪 EX WIIDX,スフィアローパーEX | スフィアローパーEX(WiiDX),official,bwiki-infobox | catalog-forms | catalog-profiles | shinkaku-page-names | wikirby-names,BWIKI page: 球体喽啪; template: Infobox/敌对角色；WiKirby page: Sphere Doomer；真格速查 #280；真格速查 #43,150,True,False
character:spideroo,character,拐捕蛛,Spideroo,スパイディオ,,,,official_reused,bwiki-infobox | bwiki-table | catalog-profiles | wikirby-names,BWIKI page: 集合！ 卡比/杂兵1; template: 杂兵；BWIKI table: 杂兵；WiKirby page: Spideroo,100,True,False
character:spikehead,character,Spikehead,Spikehead,イロー,,,,unchanged,catalog-profiles | wikirby-names,WiKirby page: Spikehead,100,True,False
character:spikey,character,刺刺奇,Spikey,スパイキー,刺刺奇！,,,official_reused,bwiki-infobox | bwiki-table | catalog-profiles | wikirby-names,BWIKI page: 刺刺奇; template: Infobox/敌对角色；BWIKI page: 星之卡比2/杂兵; template: 杂兵；BWIKI table: 杂兵；WiKirby page: Spikey,100,True,False
character:spiky-geg,character,刺刺卵,Spiky Geg,バリオエッグ,,,,official_reused,bwiki-infobox | bwiki-table | catalog-profiles | wikirby-names,BWIKI page: 集合！ 卡比/杂兵2; template: 杂兵；BWIKI table: 杂兵；WiKirby page: Spiky Geg,100,True,False
character:spinni,character,鼠宾,Spinni,スピン,鼠賓,,,official,bwiki-infobox | catalog-profiles | wikirby-names,BWIKI page: 鼠宾; template: Infobox/敌对角色；WiKirby page: Spinni,100,True,False
character:spinwheelflower,character,惊喜花,SpinwheelFlower,サプライズフラワー,,,,official_reused,bwiki-infobox | bwiki-table,BWIKI page: 集合！ 卡比/杂兵3; template: 杂兵；BWIKI table: 杂兵,100,True,False
character:spiny,character,刺甲盔,Spiny,スパイニー,,Spiney,,official_reused,bwiki-table | catalog-profiles | wikirby-names,BWIKI table: 杂兵；WiKirby page: Spiny,100,True,False
character:splinter,character,滚动木刺！,Splinter,トゲマル,,,,project,bwiki-infobox | catalog-profiles | wikirby-names,BWIKI page: 星之卡比64/杂兵; template: 杂兵；WiKirby page: Splinter,100,True,False
character:spookstep,character,恐怖踏步怪,Spookstep,ホラータランプ,,,,official,bwiki-infobox | bwiki-table | catalog-profiles | wikirby-names,BWIKI page: 恐怖踏步怪; template: Infobox/敌对角色；BWIKI page: 星之卡比 三重豪华/杂兵; template: 杂兵；BWIKI table: 杂兵；WiKirby page: Spookstep,100,True,False
character:spore-jelly,character,孢子水母,Spore Jelly,モクラゲン,,,,official_reused,bwiki-infobox | catalog-profiles | wikirby-names,BWIKI page: 毛线卡比/杂兵2; template: 杂兵；WiKirby page: Spore Jelly,100,True,False
character:sportle,character,孢子,Sportle,ファンガース,,,,official_reused,bwiki-infobox | catalog-profiles | wikirby-names,BWIKI page: 触摸！ 卡比 超级彩虹/杂兵; template: 杂兵；WiKirby page: Sportle,100,True,False
character:sportletini,character,迷你孢子,Sportletini,ミニファンガース,,,,official_reused,bwiki-infobox | catalog-profiles | wikirby-names,BWIKI page: 触摸！ 卡比 超级彩虹/杂兵; template: 杂兵；WiKirby page: Sportletini,100,True,False
character:spring-note,character,音符弹簧！,Spring Note,,,,,official_reused,bwiki-infobox | catalog-profiles | wikirby-names,BWIKI page: 星之卡比 机器博博星球/杂兵; template: 杂兵；WiKirby 页面没有可解析的多语言名称表,100,True,False
character:springy-hand,character,弹力手,Springy Hand,ボヨヨンハンド,弹力手掌 | 彈力手,,,official,bwiki-infobox | bwiki-table | catalog-profiles | wikirby-names,BWIKI page: 星之卡比 三重豪华/杂兵; template: 杂兵；BWIKI table: 杂兵；WiKirby page: Springy Hand,100,True,False
character:spynum,character,矢派南,Spynum,スパイナム,,,,official,bwiki-infobox | bwiki-table | catalog-profiles | wikirby-names,BWIKI page: 矢派南; template: Infobox/敌对角色；BWIKI table: 杂兵；WiKirby page: Spynum,100,True,False
character:square-kirby,character,Square Kirby,Square Kirby,四角いカービィ,,,,unchanged,catalog-profiles | wikirby-names,WiKirby page: Square Kirby,100,True,False
character:squashini,character,南瓜魔术师,Squashini,ランプキン,,,,project,bwiki-infobox | catalog-profiles | wikirby-names,BWIKI page: 南瓜魔术师; template: Infobox/敌对角色；WiKirby page: Squashini,100,True,False
character:squeaker,character,吱鼠,Squeaker,チューリン,,,,official,bwiki-table | catalog-profiles | wikirby-names,BWIKI table: 杂兵；WiKirby page: Squeaker,100,True,False
character:squeaks,character,怪侠洛切团,Squeaks,ドロッチェ団,,,,official,bwiki-infobox | catalog-profiles | wikirby-names,BWIKI page: 怪盗洛切团; template: Infobox/敌对角色；WiKirby page: Squeaks,100,True,False
character:squeaky-hammer-machine,character,Squeaky Hammer Machine,Squeaky Hammer Machine,ピコハンマシン,,,,unchanged,catalog-profiles | wikirby-names,WiKirby page: Squeaky Hammer Machine,100,True,False
character:squibby,character,天海使！,Squibby,オリクネ,,,,project,bwiki-infobox | catalog-profiles | wikirby-names,BWIKI page: 星之卡比64/杂兵; template: 杂兵；WiKirby page: Squibby,100,True,False
character:squishy,character,乌贼怪,Squishy,スクイッシー,烏賊怪,,,official,bwiki-infobox | bwiki-table | catalog-profiles | wikirby-names,BWIKI page: 乌贼怪; template: Infobox/敌对角色；BWIKI table: 杂兵；WiKirby page: Squishy,100,True,False
character:squister,character,钻钻鱿,Squister,ツイッシー,毒毒鱿,Squister(Blue),ポインシー,official_reused,bwiki-infobox | bwiki-table | catalog-profiles | wikirby-names,BWIKI page: 集合！ 卡比/杂兵1; template: 杂兵；BWIKI table: 杂兵；WiKirby page: Squister,100,True,False
character:sssnacker,character,佳布尔蛇,Sssnacker,ガブルネーク,佳布爾蛇,,,official,bwiki-infobox | bwiki-table | catalog-profiles | wikirby-names,BWIKI page: 星之卡比 探索发现/杂兵; template: 杂兵；BWIKI table: 杂兵；WiKirby page: Sssnacker,100,True,False
character:stactus,character,刺角株,Stactus,カクサン,,,,official_reused,bwiki-infobox | bwiki-table | catalog-profiles | wikirby-names,BWIKI page: 集合！ 卡比/杂兵1; template: 杂兵；BWIKI table: 杂兵；WiKirby page: Stactus,100,True,False
character:stappy,character,苏陀比,Stappy,スタッピィ,,Big Twisty,,official_reused,bwiki-infobox | bwiki-table | catalog-profiles | wikirby-names,BWIKI page: 集合！ 卡比/杂兵1; template: 杂兵；BWIKI table: 杂兵；WiKirby page: Stappy,100,True,False
character:star-dream,character,星之梦（第三阶段）,Star Dream,星の夢,,Star Dream Phase 3,,official,bwiki-infobox | catalog-forms | catalog-profiles | wikirby-names,BWIKI page: 星之梦; template: Infobox/敌对角色；WiKirby page: Star Dream,100,True,False
character:star-dream-soul-os,character,星之梦 Soul OS（第三阶段）,Star Dream Soul OS,星の夢.Soul OS,星之卡比 机器人星球 星之梦.Soul OS | 星之梦.Soul OS | 星之梦.Soul OS RBP | 星之梦.Soul OS（星之卡比 机器人星球）,Kirby: Planet Robobot Star Dream Soul OS | Star Dream Soul OS (Kirby: Planet Robobot) | Star Dream Soul OS Phase 3 | Star Dream Soul OS RBP | 星之卡比 机器人星球 星之梦.Soul OS | 星之梦.Soul OS RBP,,official,bwiki-infobox | catalog-forms | catalog-profiles | shinkaku-page-names | wikirby-names,BWIKI page: 星之梦之灵魂oS; template: Infobox/敌对角色；WiKirby page: Star Dream Soul OS；真格速查 #128,150,True,False
character:star-guide-waddle-dee,character,星星指引者瓦豆鲁迪,Star Guide Waddle Dee,星あん内ワドルディ,星星指引者瓦豆魯迪,,,official,bwiki-infobox | catalog-profiles | wikirby-names,BWIKI page: 瓦豆鲁迪/种类; template: 杂兵；WiKirby page: Star Guide Waddle Dee,100,True,False
character:starman,character,星人,Starman,スターマン,,,,official,bwiki-infobox | bwiki-table | catalog-profiles | wikirby-names,BWIKI page: 星人; template: Infobox/敌对角色；BWIKI table: 杂兵；WiKirby page: Starman,100,True,False
character:starry,character,星耀体,Starry,スターリー,星耀體,,,official,bwiki-infobox | catalog-profiles | wikirby-names,BWIKI page: 星耀体; template: Infobox/角色；WiKirby page: Starry,100,True,False
character:steelsnapper,character,钢铁塞蛇,Steelsnapper,アイアンジャム,,,,official_reused,bwiki-table | catalog-profiles | wikirby-names,BWIKI vertical name table: 集合！ 卡比/中魔王；WiKirby page: Steelsnapper,100,True,False
character:stickle,character,刺盔鱼,Stickle,スティックル,,,,official_reused,bwiki-infobox | bwiki-table | catalog-profiles | wikirby-names,BWIKI page: 集合！ 卡比/杂兵1; template: 杂兵；BWIKI table: 杂兵；WiKirby page: Stickle,100,True,False
character:stock-mecha-knight,character,强化量产魅塔骑士博格,Stock Mecha Knight,強化量産メタナイトボーグ,强化量产魅塔骑士博格 RBP | 强化量产魅塔骑士博格（星之卡比 机器人星球） | 星之卡比 机器人星球 强化量产魅塔骑士博格,Kirby: Planet Robobot Stock Mecha Knight | Stock Mecha Knight (Kirby: Planet Robobot) | Stock Mecha Knight RBP | 强化量产魅塔骑士博格 RBP,,project,catalog-profiles | shinkaku-page-names | wikirby-names,WiKirby page: Stock Mecha Knight；真格速查 #121,150,True,False
character:stogue,character,闪光怪妖,Stogue,バケオ,,,,official_reused,bwiki-infobox | catalog-profiles | wikirby-names,BWIKI page: 毛线卡比/杂兵2; template: 杂兵；WiKirby page: Stogue,100,True,False
character:stoneik,character,晕晕蛇,Stoneik,ストネイク,,Starepole,,official_reused,bwiki-infobox | bwiki-table | catalog-profiles | wikirby-names,BWIKI page: 集合！ 卡比/杂兵2; template: 杂兵；BWIKI table: 杂兵；WiKirby page: Stoneik,100,True,False
character:storo,character,鼠泰隆,Storo,ストロン,,,,official,bwiki-infobox | catalog-profiles | wikirby-names,BWIKI page: 鼠泰隆; template: Infobox/敌对角色；WiKirby page: Storo,100,True,False
character:strike-box,character,敲击盒,Strike Box,ビックリボックス,敲击盒！,StrikeBox,,official_reused,bwiki-infobox | bwiki-table | catalog-profiles | wikirby-names,BWIKI page: 星之卡比 Wii/杂兵; template: 杂兵；BWIKI table: 杂兵；WiKirby 页面没有可解析的多语言名称表,100,True,False
character:stumpee,character,滚滚桩,Stumpee,ゴロスタン,,,,official_reused,bwiki-infobox | bwiki-table | catalog-profiles | wikirby-names,BWIKI page: 集合！ 卡比/杂兵1; template: 杂兵；BWIKI table: 杂兵；WiKirby page: Stumpee,100,True,False
character:sulkworm,character,线青虫,Sulkworm,イモセン,,,,official_reused,bwiki-infobox | catalog-profiles | wikirby-names,BWIKI page: 毛线卡比/杂兵1; template: 杂兵；WiKirby page: Sulkworm,100,True,False
character:super-blade-knight,character,超级剑骑士,Super Blade Knight,スーパーブレイドナイト,,SuperBladeKnight,,official_reused,bwiki-infobox | bwiki-table | catalog-profiles | wikirby-names,BWIKI page: 星之卡比 Wii/杂兵; template: 杂兵；BWIKI table: 杂兵；WiKirby page: Super Blade Knight,100,True,False
character:super-bonkers,character,超级锤星猩,Super Bonkers,スーパーボンカース,超級錘星猩 | 超级锤星猩EX,Super Bonkers EX,,official,bwiki-infobox | bwiki-table | catalog-forms | catalog-profiles | wikirby-names,BWIKI page: 超级锤星猩; template: Infobox/敌对角色；BWIKI vertical name table: 星之卡比 Wii/杂兵；WiKirby page: Super Bonkers,100,True,False
character:super-chilly,character,超级粗眉雪人,Super Chilly,スーパーチリー,,SuperChilly,,official_reused,bwiki-infobox | bwiki-table | catalog-profiles | wikirby-names,BWIKI page: 星之卡比 Wii/杂兵; template: 杂兵；BWIKI table: 杂兵；WiKirby page: Super Chilly,100,True,False
character:super-hot-head,character,超级炽热头,Super Hot Head,スーパーホットヘッド,,SuperHotHead,,official_reused,bwiki-infobox | bwiki-table | catalog-profiles | wikirby-names,BWIKI page: 星之卡比 Wii/杂兵; template: 杂兵；BWIKI table: 杂兵；WiKirby page: Super Hot Head,100,True,False
character:super-waddle-doo,character,超级瓦豆鲁笃,Super Waddle Doo,スーパーワドルドゥ,,SuperWaddleDoo,,official_reused,bwiki-infobox | bwiki-table | catalog-profiles | wikirby-names,BWIKI page: 星之卡比 Wii/杂兵; template: 杂兵；BWIKI table: 杂兵；WiKirby page: Super Waddle Doo,100,True,False
character:surprise-alien-board,character,惊吓外星人板,Surprise Alien Board,びっくりエイリアンボード,驚嚇外星人板,,,official,catalog-profiles | wikirby-names,WiKirby page: Surprise Alien Board,100,True,False
character:susie,character,秘书苏姿,Susie,秘書スージー,星之卡比 新星同盟 秘书苏姿 | 秘书苏姿 STA | 秘书苏姿（星之卡比 新星同盟） | 秘書蘇姿,Kirby Star Allies Susie | Susie (Kirby Star Allies) | Susie STA | 秘书苏姿 STA,秘書スージー(STA),official,bwiki-infobox | catalog-profiles | shinkaku-page-names | wikirby-names,BWIKI page: 秘书苏姿; template: Infobox/角色；WiKirby page: Susie；真格速查 #169,150,True,False
character:susie-2-0,character,Re:秘书苏姿,Susie 2.0,Re:秘書スージー,Re:秘书苏姿 RBP | Re:秘书苏姿（星之卡比 机器人星球） | 星之卡比 机器人星球 Re:秘书苏姿,Kirby: Planet Robobot Susie 2.0 | Re:秘书苏姿 RBP | Susie 2.0 (Kirby: Planet Robobot) | Susie 2.0 RBP | 星之卡比 机器人星球 Re:秘书苏姿,,official,shinkaku-page-names,真格速查 #119,150,True,False
character:susshi,character,Susshi,Susshi,スッシー,,,,unchanged,catalog-profiles | wikirby-names,WiKirby page: Susshi,100,True,False
character:swadclod,character,木乃伊独眼怪,Swadclod,ラミー,,,,official_reused,bwiki-infobox | catalog-profiles | wikirby-names,BWIKI page: 毛线卡比/杂兵1; template: 杂兵；WiKirby page: Swadclod,100,True,False
character:sweet-stuff,character,Sweet Stuff,Sweet Stuff,スイートスタッフ,,,,unchanged,bwiki-infobox | catalog-profiles | wikirby-names,BWIKI page: 甜美安康鱼; template: Infobox/敌对角色；WiKirby page: Sweet Stuff,100,True,False
character:sweet-success-invincible-rampage,character,Sweet Success! Invincible Rampage,Sweet Success! Invincible Rampage,ステキにムテキ!おおあばれ,,,,unchanged,bwiki-infobox,BWIKI page: 美好的无敌！横冲直撞; template: Infobox/关卡,100,True,False
character:swinging-waddle-dee,character,摇摆瓦豆鲁迪,Swinging Waddle Dee,ブラブラワドルディ,,,,official_reused,bwiki-infobox | catalog-profiles | wikirby-names,BWIKI page: 瓦豆鲁迪/种类; template: 杂兵；WiKirby page: Swinging Waddle Dee,100,True,False
character:swinging-waddle-doo,character,Swinging Waddle Doo,Swinging Waddle Doo,ブラブラワドルドゥ,,,,unchanged,catalog-profiles | wikirby-names,WiKirby page: Swinging Waddle Doo,100,True,False
character:sword-knight,character,利剑骑士,Sword Knight,ソードナイト,利劍騎士,Sword Knight (anime character) | 英：Sword Knight,日：ソードナイト,official,bwiki-infobox | bwiki-table | catalog-profiles | wikirby-names,BWIKI page: 利剑骑士; template: Infobox/敌对角色；BWIKI table: 卡比的驭天飞行；BWIKI table: 杂兵；WiKirby page: Sword Knight；WiKirby page: Sword Knight (anime character),100,True,False
character:tac,character,喵客,Tac,タック,,,,official,bwiki-infobox | bwiki-table | catalog-profiles | wikirby-names,BWIKI page: 喵客; template: Infobox/敌对角色；BWIKI table: 杂兵；WiKirby page: Tac,100,True,False
character:tacotzo,character,炮八爪,Tacotzo,タコッツォ,,Octotzo,,official_reused,bwiki-infobox | bwiki-table | catalog-profiles | wikirby-names,BWIKI page: 集合！ 卡比/杂兵3; template: 杂兵；BWIKI table: 杂兵；WiKirby page: Tacotzo,100,True,False
character:tama-san,character,球仔,Tama-san,タマサン,,Tamasan,,official_reused,bwiki-table | catalog-profiles | wikirby-names,BWIKI vertical name table: 需要帮助的NPC（星之卡比3）；WiKirby page: Tama-san,100,True,False
character:tappy,character,陀比,Tappy,タッピィ,,Twisty,,official_reused,bwiki-infobox | bwiki-table | catalog-profiles | wikirby-names,BWIKI page: 集合！ 卡比/杂兵1; template: 杂兵；BWIKI table: 杂兵；WiKirby page: Tappy,100,True,False
character:taranza,character,塔狼蛛,Taranza,タランザ,塔朗萨 | 塔朗萨 STA | 塔朗萨（星之卡比 新星同盟） | 星之卡比 新星同盟 塔朗萨,Kirby Star Allies Taranza | Taranza (Kirby Star Allies) | Taranza STA | 塔朗萨 STA,タランザ(STA),official,bwiki-infobox | catalog-profiles | shinkaku-page-names | wikirby-names,BWIKI page: 塔狼蛛; template: Infobox/角色；WiKirby page: Taranza；真格速查 #168,150,True,False
character:teacher-creature,character,Teacher Creature,Teacher Creature,キョウシイ,,,,unchanged,catalog-profiles | wikirby-names,WiKirby page: Teacher Creature,100,True,False
character:team-ddd,character,帝帝帝团,Team DDD,チーム・DDD24,,,チームDDD,project,bwiki-infobox | catalog-profiles | wikirby-names,BWIKI page: 帝帝帝团; template: Infobox/敌对角色；WiKirby page: Team DDD,100,True,False
character:tedhaun,character,泰多宏,Tedhaun,テッドホーン,,,,project,bwiki-infobox | catalog-profiles | wikirby-names,BWIKI page: 泰多宏; template: Infobox/敌对角色；WiKirby page: Tedhaun,100,True,False
character:tedhaun-s-mini-ghost,character,卡帕,Tedhaun's mini ghost,キャパー,,,,official_reused,bwiki-infobox | bwiki-table,BWIKI page: 星之卡比 怪盗洛切团登场！/杂兵; template: 杂兵；BWIKI table: 杂兵,100,True,False
character:telepathos,character,传送帕托利斯,Telepathos,テレパトリス,傳送帕托利斯,,,official,bwiki-infobox | catalog-profiles | wikirby-names,BWIKI page: 传送帕托利斯; template: Infobox/敌对角色；WiKirby page: Telepathos,100,True,False
character:the-claykken,character,斯奇兰斯,The Claykken,スキッドランス,,,,project,bwiki-infobox | catalog-profiles | wikirby-names,BWIKI page: 斯奇兰斯; template: Infobox/敌对角色；WiKirby page: The Claykken,100,True,False
character:the-deedly-dees,character,豆鲁迪士,The Deedly Dees,ドルディーズ,豆魯迪士,Deedly dees,,official,bwiki-infobox | catalog-profiles | wikirby-names,BWIKI page: 瓦豆鲁迪/种类; template: 杂兵；WiKirby page: The Deedly Dees,100,True,False
character:the-lone-illusion-phantom-meta-knight,character,孤高的幻梦 魅塔骑士·幻,"The Lone Illusion, Phantom Meta Knight",孤高の幻夢 メタナイト・幻,孤高的幻夢 魅塔騎士·幻 | 孤高的幻梦 魅塔骑士·幻 DIS | 孤高的幻梦 魅塔骑士·幻（星之卡比 探索发现） | 星之卡比 探索发现 孤高的幻梦 魅塔骑士·幻 | 魅塔骑士·幻,Kirby and the Forgotten Land Phantom Meta Knight | Phantom Meta Knight | Phantom Meta Knight (Kirby and the Forgotten Land) | Phantom Meta Knight DIS | 孤高的幻梦 魅塔骑士·幻 DIS,メタナイト·幻 | メタナイト・幻,official,bwiki-infobox | catalog-profiles | shinkaku-page-names | wikirby-names,BWIKI page: 魅塔骑士·幻; template: Infobox/敌对角色；WiKirby page: Phantom Meta Knight；真格速查 #225,150,True,False
character:the-three-mage-sisters,character,三魔官,The Three Mage-Sisters,三魔官シスターズ,三魔官姐妹 | 三魔官姐妹 STA | 三魔官姐妹（星之卡比 新星同盟 · Extra 首领攻略） | 三魔官姐妹（星之卡比 新星同盟 · 复制能力与可操作角色） | 星之卡比 新星同盟 三魔官姐妹,Kirby Star Allies The Three Mage-Sisters | The Three Mage-Sisters (Kirby Star Allies - Copy Abilities and Playable Characters) | The Three Mage-Sisters (Kirby Star Allies - Extra Boss Guides) | The Three Mage-Sisters STA | 三魔官姐妹 STA,三魔官シスターズ(STA) | 三魔官シスターズ(ボス戦),official,bwiki-infobox | catalog-profiles | shinkaku-page-names | wikirby-names,BWIKI page: 三魔官姐妹; template: Infobox/角色；WiKirby page: The Three Mage-Sisters；真格速查 #170；真格速查 #197,150,True,False
character:thornsby,character,尖刺柱,Thornsby,トゲポー,,,,official_reused,bwiki-infobox | catalog-profiles | wikirby-names,BWIKI page: 触摸！ 卡比 超级彩虹/杂兵; template: 杂兵；WiKirby page: Thornsby,100,True,False
character:three-mid-bosses,character,3 只中首领军团,Three Mid-Bosses,中ボス軍団3体,3 只中首领军团 TDX | 3 只中首领军团 WII | 3 只中首领军团 WIIDX | 3 只中首领军团（星之卡比 Wii 豪华版） | 3 只中首领军团（星之卡比 Wii） | 3 只中首领军团（星之卡比 三重豪华版） | 星之卡比 Wii 3 只中首领军团 | 星之卡比 Wii 豪华版 3 只中首领军团 | 星之卡比 三重豪华版 3 只中首领军团,3 只中首领军团 TDX | 3 只中首领军团 WII | 3 只中首领军团 WIIDX | Kirby's Return to Dream Land Deluxe Three Mid-Bosses | Kirby's Return to Dream Land Three Mid-Bosses | Kirby: Triple Deluxe Three Mid-Bosses | Three Mid-Bosses (Kirby's Return to Dream Land Deluxe) | Three Mid-Bosses (Kirby's Return to Dream Land) | Three Mid-Bosses (Kirby: Triple Deluxe) | Three Mid-Bosses TDX | Three Mid-Bosses WII | Three Mid-Bosses WIIDX | 星之卡比 Wii 3 只中首领军团 | 星之卡比 Wii 豪华版 3 只中首领军团,中ボス軍団3体(TDX) | 中ボス軍団3体(Wii) | 中ボス軍団3体(WiiDX),project,shinkaku-page-names,真格速查 #278；真格速查 #41；真格速查 #82,150,True,False
character:thudd,character,泰德,Thudd,デンドン,咚哆！,,,official_reused,bwiki-infobox | bwiki-table | catalog-profiles | wikirby-names,BWIKI page: 触摸！ 卡比/杂兵; template: 杂兵；BWIKI table: 杂兵；WiKirby page: Thudd,100,True,False
character:tick,character,刺克,Tick,チック,,,,official,bwiki-infobox | bwiki-table | catalog-profiles | wikirby-names,BWIKI page: 刺克; template: Infobox/敌对角色；BWIKI table: 杂兵；WiKirby page: Tick,100,True,False
character:tick-tock-jr,character,嘀嗒 Jr.,Tick-Tock Jr.,チクタクJr.,,Tick-Tock_Jr.,,official,bwiki-infobox | catalog-profiles | wikirby-names,BWIKI page: 嘀嗒 Jr.; template: Infobox/角色；WiKirby page: Tick-Tock Jr.,100,True,False
character:tiff,character,Tiff,Tiff,フーム,,,,unchanged,catalog-profiles | wikirby-names,WiKirby page: Tiff,100,True,False
character:tincell,character,泰西勒,Tincell,ティンセル,,,,official_reused,bwiki-infobox | bwiki-table,BWIKI page: 甜美安康鱼; template: Infobox/敌对角色；BWIKI table: 杂兵,100,True,False
character:togeira,character,Togeira,Togeira,トゲイラ,,,,unchanged,catalog-profiles | wikirby-names,WiKirby page: Togeira,100,True,False
character:togezo,character,Togezo,Togezo,トゲゾー,,,,unchanged,bwiki-infobox | catalog-profiles | wikirby-names,BWIKI page: 刺甲盔; template: Infobox/敌对角色；WiKirby page: Togezo,100,True,False
character:tokkori,character,Tokkori,Tokkori,トッコリ,,,,unchanged,catalog-profiles | wikirby-names,WiKirby page: Tokkori,100,True,False
character:tombstone,character,飞飞黑墓,tombstone,モノグレイブ,,,,official_reused,bwiki-infobox | bwiki-table,BWIKI page: 集合！ 卡比/杂兵3; template: 杂兵；BWIKI table: 杂兵,100,True,False
character:tookey,character,图科鸡,Tookey,トゥーキー,啾啾鸡！,,,official_reused,bwiki-infobox | bwiki-table | catalog-profiles | wikirby-names,BWIKI page: 图科鸡; template: Infobox/敌对角色；BWIKI page: 星之卡比/杂兵; template: 杂兵；BWIKI table: 杂兵；WiKirby page: Tookey,100,True,False
character:tootlebam,character,拉炮鳥,Tootlebam,ドンパフル,拉炮鸟,Donpuffle,,official,bwiki-infobox | bwiki-table | catalog-profiles | wikirby-names,BWIKI page: 拉炮鸟; template: Infobox/敌对角色；BWIKI page: 星之卡比 新星同盟/杂兵; template: 杂兵；BWIKI table: 杂兵；WiKirby page: Tootlebam,100,True,False
character:topper,character,托佩尔,Topper,トッパー,扣帕！,,,official_reused,bwiki-infobox | bwiki-table | catalog-profiles | wikirby-names,BWIKI page: 触摸！ 卡比/杂兵; template: 杂兵；BWIKI table: 杂兵；WiKirby page: Topper,100,True,False
character:torerobo,character,Torerobo,Torerobo,トレロボ,,,,unchanged,catalog-profiles | wikirby-names,WiKirby page: Torerobo,100,True,False
character:tornadon,character,Tornadon,Tornadon,トルネイドン,,,,unchanged,catalog-profiles | wikirby-names,WiKirby page: Tornadon,100,True,False
character:tortletummy,character,满福胖,Tortletummy,マンプク,,,,official_reused,bwiki-table | catalog-profiles | wikirby-names,BWIKI vertical name table: 集合！ 卡比/中魔王；WiKirby page: Tortletummy,100,True,False
character:tortletummy-thorn,character,刺刺满福胖,Tortletummy Thorn,トゲマンプク,,Tortletummy's needle enemy,,official_reused,bwiki-infobox | bwiki-table | catalog-profiles | wikirby-names,BWIKI page: 集合！ 卡比/杂兵1; template: 杂兵；BWIKI table: 杂兵；WiKirby page: Tortletummy Thorn,100,True,False
character:tortorner,character,龟塔洛斯,Tortorner,トータロス,龜塔洛斯,,ータロス,official,bwiki-infobox | bwiki-table | catalog-profiles | wikirby-names,BWIKI page: 星之卡比 探索发现/杂兵; template: 杂兵；BWIKI table: 杂兵；WiKirby page: Tortorner,100,True,False
character:tortuilding,character,建筑龟塔洛斯,Tortuilding,ビルドトータロス,建築龜塔洛斯,,,official,bwiki-infobox | bwiki-table | catalog-profiles | wikirby-names,BWIKI page: 星之卡比 探索发现/杂兵; template: 杂兵；BWIKI table: 杂兵；WiKirby page: Tortuilding,100,True,False
character:totenga,character,托天甲,Totenga,トーテンガ,,Togekuki,,official,bwiki-infobox | bwiki-table | catalog-profiles | wikirby-names,BWIKI page: 托天甲; template: Infobox/敌对角色；BWIKI table: 杂兵；WiKirby page: Totenga,100,True,False
character:toughness-waddle-dee,character,坚韧瓦豆鲁迪,Toughness Waddle Dee,タフネスワドルディ,,,,official_reused,bwiki-infobox | bwiki-table | catalog-profiles | wikirby-names,BWIKI page: 坚韧瓦豆鲁迪; template: Infobox/敌对角色；BWIKI page: 瓦豆鲁迪/种类; template: 杂兵；BWIKI table: 杂兵；WiKirby 页面没有可解析的多语言名称表,100,True,False
character:tower-woods,character,罗汉树塔,Tower Woods,タワーウッズ,,Totem Woods,,official_reused,bwiki-infobox | bwiki-table | catalog-profiles | wikirby-names,BWIKI page: 集合！ 卡比/杂兵1; template: 杂兵；BWIKI table: 杂兵；WiKirby page: Tower Woods,100,True,False
character:trader-waddle-dee,character,兑换瓦豆鲁迪,Trader Waddle Dee,こうかんワドルディ,兌換瓦豆魯迪,,,official,bwiki-infobox | catalog-profiles | wikirby-names,BWIKI page: 瓦豆鲁迪/种类; template: 杂兵；WiKirby page: Trader Waddle Dee,100,True,False
character:traitor-magolor-ex,character,魔法洛亚EX,Traitor Magolor EX,,,Traitor Magolor,,official,catalog-profiles,,100,True,False
character:trakker,character,追踪者,Trakker,ミング,,,,official_reused,bwiki-infobox | catalog-profiles | wikirby-names,BWIKI page: 触摸！ 卡比 超级彩虹/杂兵; template: 杂兵；WiKirby page: Trakker,100,True,False
character:transformer,character,变换面板,Transformer,チェンジャー,,Changer,,official_reused,bwiki-table | catalog-profiles | wikirby-names,BWIKI vertical name table: 道具（卡比方块球）；WiKirby page: Transformer,100,True,False
character:trash-basher,character,Trash Basher,Trash Basher,ダストン,,,,unchanged,catalog-profiles | wikirby-names,WiKirby page: Trash Basher,100,True,False
character:trident-knight,character,三叉戟骑士,Trident Knight,トライデントナイト,三叉戟騎士,,,official,bwiki-infobox | catalog-profiles | wikirby-names,BWIKI page: 三叉戟骑士; template: Infobox/敌对角色；WiKirby page: Trident Knight,100,True,False
character:tron,character,Tron,Tron,トロン,,,,unchanged,catalog-profiles | wikirby-names,WiKirby page: Tron,100,True,False
character:truck-monster,character,路霸,Truck Monster,ライバルカー,,,,official_reused,bwiki-infobox | catalog-profiles | wikirby-names,BWIKI page: 毛线卡比/杂兵1; template: 杂兵；WiKirby page: Truck Monster,100,True,False
character:tuff,character,Tuff,Tuff,ブン,,,,unchanged,catalog-profiles | wikirby-names,WiKirby page: Tuff,100,True,False
character:tuggle,character,Tuggle,Tuggle,タゴ,,,,unchanged,catalog-profiles | wikirby-names,WiKirby page: Tuggle,100,True,False
character:tulip,character,郁金香,Tulip,チュリップ,,,,official_reused,bwiki-table | catalog-profiles | wikirby-names,BWIKI vertical name table: 需要帮助的NPC（星之卡比3）；WiKirby page: Tulip,100,True,False
character:turbite,character,杰肯！,Turbite,ジャキン,,,,project,bwiki-infobox | catalog-profiles | wikirby-names,BWIKI page: 星之卡比64/杂兵1; template: 杂兵；WiKirby page: Turbite,100,True,False
character:tury,character,垂钓者,Tury,ツリィ,,Mr.Hook,,official_reused,bwiki-infobox | bwiki-table | catalog-profiles | wikirby-names,BWIKI page: 集合！ 卡比/杂兵2; template: 杂兵；BWIKI table: 杂兵；WiKirby page: Tury,100,True,False
character:twiggy-woods,character,多枝大树,Twiggy Woods,ツイッギーウッズ,,,,official_reused,bwiki-infobox | catalog-profiles | wikirby-names,BWIKI page: 毛线卡比/杂兵2; template: 杂兵；WiKirby page: Twiggy Woods,100,True,False
character:twin-kracko,character,乱舞双云 双重独眼云,Twin Kracko,乱舞する双雲 ツインクラッコ,亂舞雙雲 雙重獨眼雲,,,official,catalog-profiles | wikirby-names,WiKirby page: Twin Kracko,100,True,False
character:twin-woods,character,双重大树,Twin Woods,ツインウッズ,雙重大樹,,,official,bwiki-infobox | catalog-profiles | wikirby-names,BWIKI page: 双重大树; template: Infobox/敌对角色；WiKirby page: Twin Woods,100,True,False
character:twirling-star-rocket,character,回旋星际火箭,Twirling Star Rocket,回転スターロケット,迴旋星際火箭,,,official,catalog-profiles | wikirby-names,WiKirby page: Twirling Star Rocket,100,True,False
character:twister,character,扭转机,Twister,ツイスター,扭轉機,,,official,bwiki-infobox | bwiki-table | catalog-profiles | wikirby-names,BWIKI page: 扭转机; template: Infobox/敌对角色；BWIKI table: 杂兵；WiKirby page: Twister,100,True,False
character:twizzy,character,啾啾鸟,Twizzy,ツイジー,,,,official_reused,bwiki-infobox | bwiki-table | catalog-profiles | wikirby-names,BWIKI page: 啾啾鸟; template: Infobox/敌对角色；BWIKI table: 杂兵；WiKirby page: Twizzy,100,True,False
character:two-face,character,双面袭击者,Two Face,トゥーフェイス,,,,official_reused,bwiki-infobox | bwiki-table | catalog-profiles | wikirby-names,BWIKI page: 双面袭击者; template: Infobox/敌对角色；BWIKI table: 杂兵；WiKirby page: Two Face,100,True,False
character:ufo,character,幽浮,UFO,ユーフォー,幽浮 RBP | 幽浮（星之卡比 机器人星球） | 星之卡比 机器人星球 幽浮,Kirby: Planet Robobot UFO | U.F.O. | UFO (enemy) | UFO (Kirby: Planet Robobot) | UFO RBP | 幽浮 RBP,U.F.O. | U.F.O.(RBP),official,bwiki-infobox | bwiki-table | catalog-forms | catalog-profiles | shinkaku-page-names | wikirby-names,BWIKI page: UFO; template: Infobox/复制能力；BWIKI table: 杂兵；WiKirby page: UFO (enemy)；真格速查 #115,150,True,True
character:uja,character,尤加,Uja,ウジャ,,,,official_reused,bwiki-infobox | bwiki-table | catalog-profiles | wikirby-names,BWIKI page: 星之卡比 怪盗洛切团登场！/杂兵; template: 杂兵；BWIKI table: 杂兵；WiKirby page: Uja,100,True,False
character:ultimate-life-form-fecto-elfilis,character,完全体 菲克特·艾菲里斯,"Ultimate Life-Form, Fecto Elfilis",完全体 フェクト・エフィリス,完全體 菲克特·艾菲里斯 | 菲克特·艾菲里斯,Fecto Elfilis,フェクト・エフィリス,official,bwiki-infobox | catalog-profiles | wikirby-names,BWIKI page: 菲克特·艾菲里斯; template: Infobox/敌对角色；WiKirby page: Fecto Elfilis,100,True,False
character:unearthly-storm-front-parallel-twin-kracko,character,异空间的丛云 异次元双重独眼云,"Unearthly Storm Front, Parallel Twin Kracko",異空の叢雲 アナザーツインクラッコ,異空間的叢雲 異次元雙重獨眼雲,Parallel Twin Kracko,,official,catalog-profiles | wikirby-names,WiKirby page: Parallel Twin Kracko,100,True,False
character:unearthly-thunderhead-parallel-big-kracko,character,异空间的大乱云 异次元大独眼云,"Unearthly Thunderhead, Parallel Big Kracko",異空の大乱雲 アナザービッグクラッコ,異空間的大亂雲 異次元大獨眼雲,Parallel Big Kracko,,official,catalog-profiles | wikirby-names,WiKirby page: Parallel Big Kracko,100,True,False
character:unfriendly-fronds-tropic-woods,character,南国树 热带大树,"Unfriendly Fronds, Tropic Woods",南国樹 トロピカルウッズ,南國樹 熱帶大樹 | 热带大树,Tropic Woods,トロピカルウッズ,official,bwiki-infobox | catalog-profiles | wikirby-names,BWIKI page: 热带大树; template: Infobox/敌对角色；WiKirby page: Tropic Woods,100,True,False
character:uniclod,character,刺刺独眼怪,Uniclod,サスゾー,,,,official_reused,bwiki-infobox | catalog-profiles | wikirby-names,BWIKI page: 毛线卡比/杂兵1; template: 杂兵；WiKirby page: Uniclod,100,True,False
character:usher-waddle-dee,character,电影院瓦豆鲁迪,Usher Waddle Dee,シアターワドルディ,電影院瓦豆魯迪,,,official,bwiki-infobox | catalog-profiles | wikirby-names,BWIKI page: 瓦豆鲁迪/种类; template: 杂兵；WiKirby page: Usher Waddle Dee,100,True,False
character:venogg,character,毒液蛙,Venogg,ベノッグ,,Venog,,official_reused,bwiki-infobox | bwiki-table | catalog-profiles | wikirby-names,BWIKI page: 毒液蛙; template: Infobox/敌对角色；BWIKI table: 杂兵；WiKirby page: Venogg,100,True,False
character:venom-kracko,character,毒液独眼云,Venom Kracko,ヴェノムクラッコ,毒液獨眼雲,,,official,bwiki-infobox | catalog-profiles | wikirby-names,BWIKI page: 毒液独眼云; template: Infobox/敌对角色；WiKirby page: Venom Kracko,100,True,False
character:vividria,character,彩绘比比提安,Vividria,ビビッティア,彩繪比比提安,,,official,bwiki-infobox | catalog-profiles | wikirby-names,BWIKI page: 彩绘比比提安; template: Infobox/敌对角色；WiKirby page: Vividria,100,True,False
character:void-termina,character,终焉·虚无,Void Termina,エンデ・ニル,星之卡比 新星同盟 终焉·虚无 | 星之卡比 新星同盟 终焉·虚无 Extra | 破神 终焉·虚无 | 終焉·虛無 | 终焉·虚无 Extra | 终焉·虚无 Extra STA | 终焉·虚无 Extra（星之卡比 新星同盟） | 终焉·虚无 STA | 终焉·虚无（星之卡比 新星同盟）,"Destroyer of Worlds, Void Termina | Kirby Star Allies Void Termina | Kirby Star Allies Void Termina Extra | Void Termina (Kirby Star Allies) | Void Termina Extra | Void Termina Extra (Kirby Star Allies) | Void Termina Extra STA | Void Termina STA | 星之卡比 新星同盟 终焉·虚无 Extra | 终焉·虚无 Extra STA | 终焉·虚无 STA",エンデ·ニル | エンデ・ニル(Extra),official,bwiki-infobox | catalog-forms | catalog-profiles | shinkaku-page-names | wikirby-names,BWIKI page: 终焉·虚无; template: Infobox/敌对角色；WiKirby page: Void Termina；真格速查 #184；真格速查 #199,150,True,False
character:vol,character,战车兵！,Vol,戦車兵ヴォル,战车兵,,,official_reused,bwiki-infobox | bwiki-table | catalog-profiles | wikirby-names,BWIKI page: 星之卡比 机器博博星球/杂兵; template: 杂兵；BWIKI table: 杂兵；WiKirby page: Vol,100,True,False
character:volttzo,character,伏特炮台,Volttzo,ボルトッツォ,伏特炮台！,,,official_reused,bwiki-infobox | bwiki-table | catalog-profiles | wikirby-names,BWIKI page: 伏特炮台; template: Infobox/敌对角色；BWIKI page: 星之卡比 Wii/杂兵; template: 杂兵；BWIKI table: 杂兵；WiKirby page: Volttzo,100,True,False
character:waddle-dee,character,瓦豆鲁迪,Waddle Dee,ワドルディ,星之卡比 Wii 瓦豆鲁迪 | 瓦豆魯迪 | 瓦豆鲁迪 WII | 瓦豆鲁迪（星之卡比 Wii）,Kirby's Return to Dream Land Waddle Dee | Waddle Dee (anime character) | Waddle Dee (Kirby 64: The Crystal Shards) | Waddle Dee (Kirby's Return to Dream Land) | Waddle Dee (novel character) | Waddle Dee WII | 星之卡比 Wii 瓦豆鲁迪 | 瓦豆鲁迪 WII | 英： Waddle Dee,ワドルディ(Wii) | 日：ワドルディ,official,bwiki-infobox | bwiki-table | catalog-profiles | curated-official-notes | shinkaku-page-names | wikirby-names,BWIKI page: 瓦豆鲁迪; template: Infobox/敌对角色；BWIKI table: 卡比的驭天飞行；BWIKI table: 杂兵；WiKirby page: Waddle Dee；WiKirby page: Waddle Dee (Kirby 64: The Crystal Shards)；WiKirby 页面没有可解析的多语言名称表；星之卡比官方资料.md / 核心角色词条；真格速查 #32,150,True,False
character:waddle-dee-driver,character,瓦豆鲁迪司机！,Waddle Dee Driver,ワドルディカーズ,瓦豆鲁迪司机,,,official_reused,bwiki-infobox | bwiki-table,BWIKI page: 星之卡比 机器博博星球/杂兵; template: 杂兵；BWIKI table: 杂兵,100,True,False
character:waddle-dee-portrait,character,Waddle Dee portrait,Waddle Dee portrait,,,,,unchanged,catalog-profiles | wikirby-names,WiKirby 页面没有可解析的多语言名称表,100,True,False
character:waddle-dee-report-crew,character,瓦豆鲁迪记者队,Waddle Dee Report Crew,ワドルディレポート隊,,Channel PPP Crew,,official_reused,bwiki-infobox | catalog-profiles | wikirby-names,BWIKI page: 瓦豆鲁迪记者队; template: Infobox/角色；WiKirby page: Waddle Dee Report Crew,100,True,False
character:waddle-dee-steel-fortress,character,瓦豆鲁迪钢铁堡垒,Waddle Dee Steel Fortress,ワドルディ鋼鉄要塞,瓦豆鲁迪钢铁堡垒！,,,official_reused,bwiki-infobox | bwiki-table | catalog-profiles | wikirby-names,BWIKI page: 星之卡比 三重豪华/杂兵; template: 杂兵；BWIKI table: 杂兵；WiKirby page: Waddle Dee Steel Fortress,100,True,False
character:waddle-dee-train,character,瓦豆鲁迪火车,Waddle Dee Train,ワドルディトレイン,,,,official_reused,bwiki-infobox | bwiki-table | catalog-profiles | wikirby-names,BWIKI page: 星之卡比 三重豪华/杂兵; template: 杂兵；BWIKI table: 杂兵；WiKirby page: Waddle Dee Train,100,True,False
character:waddle-dees,character,Waddle Dees,Waddle Dees,ワドルディ隊,,Waddle Dees (novel characters),,unchanged,catalog-profiles | wikirby-names,WiKirby page: Waddle Dees (novel characters),100,True,False
character:waddle-doo,character,瓦豆鲁笃,Waddle Doo,ワドルドゥ,瓦豆魯篤,,,official,bwiki-infobox | bwiki-table | catalog-profiles | wikirby-names,BWIKI page: 瓦豆鲁笃; template: Infobox/敌对角色；BWIKI table: 杂兵；WiKirby page: Waddle Doo,100,True,False
character:waddle-tank,character,瓦豆坦克,Waddle Tank,ワドタンク,,,,official_reused,bwiki-infobox,BWIKI page: 瓦豆鲁迪/种类; template: 杂兵,100,True,False
character:waiu,character,瓦尤,Waiu,ワイユー,,,,project,bwiki-infobox | catalog-profiles | wikirby-names,BWIKI page: 瓦尤; template: Infobox/敌对角色；WiKirby page: Waiu,100,True,False
character:walf,character,沃尔夫,Walf,ウォルフ,沃爾夫,,,official,bwiki-infobox | bwiki-table | catalog-profiles | wikirby-names,BWIKI page: 沃尔夫; template: Infobox/敌对角色；BWIKI table: 杂兵；WiKirby page: Walf,100,True,False
character:walker-waddle-dee,character,步行者瓦豆鲁迪,Walker Waddle Dee,ウォーカーワドルディ,步行者瓦豆魯迪,,,official,bwiki-infobox | bwiki-table | catalog-profiles | wikirby-names,BWIKI page: 星之卡比 机器博博星球/杂兵; template: 杂兵；BWIKI table: 杂兵；WiKirby page: Walker Waddle Dee,100,True,False
character:walky,character,大声公,Walky,ウォーキー,大聲公,英：Walky,日：ウォーキー,official,bwiki-infobox | bwiki-table | catalog-profiles | wikirby-names,BWIKI page: 大声公; template: Infobox/敌对角色；BWIKI table: 卡比的驭天飞行；BWIKI table: 杂兵；WiKirby page: Walky,100,True,False
character:wall-shotzo,character,Wall Shotzo,Wall Shotzo,カベシャッツォ,,,,unchanged,catalog-profiles | wikirby-names,WiKirby page: Wall Shotzo,100,True,False
character:waning-masked-dedede-waxing-masked-meta-knight,character,下弦的蒙面·帝帝帝&上弦的蒙面·魅塔骑士,Waning Masked Dedede & Waxing Masked Meta Knight,下弦のマスクド・デデデ&上弦のマスクド・メタナイト,,,,official_reused,bwiki-infobox,BWIKI page: 下弦的蒙面·帝帝帝&上弦的蒙面·魅塔骑士; template: Infobox/敌对角色,100,True,False
character:wapod,character,瓦豆鲁迪之壶,Wapod,ワポッド,,,,official_reused,bwiki-infobox | bwiki-table | catalog-profiles | wikirby-names,BWIKI page: 瓦豆鲁迪/种类; template: 杂兵；BWIKI page: 瓦豆鲁迪之壶; template: Infobox/敌对角色；BWIKI table: 杂兵；WiKirby page: Wapod,100,True,False
character:wappa,character,万帕,Wappa,ワンパ,万帕！,,,official_reused,bwiki-infobox | bwiki-table | catalog-profiles | wikirby-names,BWIKI page: 星之卡比3/杂兵; template: 杂兵；BWIKI table: 杂兵；WiKirby page: Wappa,100,True,False
character:warpspace,character,传送空间怪,Warpspace,イルタイル,,,,official_reused,bwiki-infobox | catalog-profiles | wikirby-names,BWIKI page: 触摸！ 卡比 超级彩虹/杂兵; template: 杂兵；WiKirby page: Warpspace,100,True,False
character:warwiggle,character,扭扭蠕,Warwiggle,デラーム,,,,official_reused,bwiki-infobox | bwiki-table | catalog-profiles | wikirby-names,BWIKI page: 集合！ 卡比/杂兵2; template: 杂兵；BWIKI table: 杂兵；WiKirby page: Warwiggle,100,True,False
character:water-galbo,character,清水加爾波,Water Galbo,ウォーターガルボ,清水加尔波,,,official,bwiki-infobox | bwiki-table | catalog-profiles | wikirby-names,BWIKI page: 清水加尔波; template: Infobox/敌对角色；BWIKI table: 杂兵；WiKirby page: Water Galbo,100,True,False
character:water-galboros,character,清水加尔波洛斯,Water Galboros,ウォーターガルボロス,清水加尔波洛斯EX | 清水加爾波洛斯,Water Galboros EX,,official,bwiki-infobox | catalog-forms | catalog-profiles | wikirby-names,BWIKI page: 清水加尔波洛斯; template: Infobox/敌对角色；WiKirby page: Water Galboros,100,True,False
character:we-devil,character,我们·恶魔,We-Devil,ウチ・デビール,我們·惡魔,,,official,catalog-profiles | wikirby-names,WiKirby page: We-Devil,100,True,False
character:weapons-shop-waddle-dee,character,武器店瓦豆鲁迪,Weapons-Shop Waddle Dee,ぶき屋ワドルディ,武器店瓦豆魯迪,,,official,bwiki-infobox | catalog-profiles | wikirby-names,BWIKI page: 瓦豆鲁迪/种类; template: 杂兵；WiKirby page: Weapons-Shop Waddle Dee,100,True,False
character:wee-birdee,character,婴婴鸟,Wee Birdee,コトリィ,,WeeBirdee,,official_reused,bwiki-infobox | bwiki-table | catalog-profiles | wikirby-names,BWIKI page: 集合！ 卡比/杂兵3; template: 杂兵；BWIKI table: 杂兵；WiKirby page: Wee Birdee,100,True,False
character:wester,character,牛仔,Wester,ウェスター,,,,official,bwiki-infobox | bwiki-table | catalog-profiles | wikirby-names,BWIKI page: 牛仔; template: Infobox/敌对角色；BWIKI table: 杂兵；WiKirby page: Wester,100,True,False
character:whales,character,Whales,Whales,,,,,unchanged,catalog-profiles | wikirby-names,WiKirby 页面没有可解析的多语言名称表,100,True,False
character:wham-bam-gaia,character,Wham Bam Gaia,Wham Bam Gaia,魔人ワムバムガイア,,,,unchanged,catalog-profiles | wikirby-names,WiKirby page: Wham Bam Gaia,100,True,False
character:wham-bam-jewel,character,钻石魔人,Wham Bam Jewel,魔人ワムバムジュエル,哇姆霸姆宝石,,ワムバムジュエル,official_reused,bwiki-infobox | catalog-profiles | wikirby-names,BWIKI page: 哇姆霸姆宝石; template: Infobox/敌对角色；BWIKI page: 钻石魔人; template: Infobox/敌对角色；WiKirby page: Wham Bam Jewel,100,True,False
character:wham-bam-rock,character,哇姆霸姆岩石,Wham Bam Rock,魔人ワムバムロック,,,,official,bwiki-infobox | catalog-profiles | wikirby-names,BWIKI page: 魔人哇姆霸姆; template: Infobox/敌对角色；WiKirby page: Wham Bam Rock,100,True,False
character:wheelie,character,特技轮,Wheelie,ウィリー,特技輪,英：Wheelie,日：ウィリー,official,bwiki-infobox | bwiki-table | catalog-profiles | wikirby-names,BWIKI page: 特技轮; template: Infobox/敌对角色；BWIKI table: 卡比的驭天飞行；BWIKI table: 杂兵；WiKirby page: Wheelie,100,True,False
character:whippy,character,鞭皮,Whippy,ウィッピィ,,Whippy (monster),ヒッティー,official,bwiki-infobox | bwiki-table | catalog-profiles | wikirby-names,BWIKI page: 鞭皮; template: Infobox/敌对角色；BWIKI table: 杂兵；WiKirby page: Whippy；WiKirby page: Whippy (monster),100,True,False
character:whiskers,character,须须怪,Whiskers,ウィスカース,须须怪！,,,official_reused,bwiki-infobox | bwiki-table | catalog-profiles | wikirby-names,BWIKI page: 星之卡比/杂兵; template: 杂兵；BWIKI table: 杂兵；WiKirby page: Whiskers,100,True,False
character:whispy-woods,character,风语大树,Whispy Woods,ウィスピーウッズ,星之卡比 Wii 豪华版 风语大树 EX | 星之卡比 Wii 风语大树 EX | 風語大樹 | 风语大树 EX | 风语大树 EX WII | 风语大树 EX WIIDX | 风语大树 EX（星之卡比 Wii 豪华版） | 风语大树 EX（星之卡比 Wii） | 风语大树EX,Kirby's Return to Dream Land Deluxe Whispy Woods EX | Kirby's Return to Dream Land Whispy Woods EX | Whispy Woods EX | Whispy Woods EX (Kirby's Return to Dream Land Deluxe) | Whispy Woods EX (Kirby's Return to Dream Land) | Whispy Woods EX WII | Whispy Woods EX WIIDX | 星之卡比 Wii 豪华版 风语大树 EX | 星之卡比 Wii 风语大树 EX | 风语大树 EX WII | 风语大树 EX WIIDX,ウィスピーウッズEX | ウィスピーウッズEX(WiiDX),official,bwiki-infobox | catalog-forms | catalog-profiles | shinkaku-page-names | wikirby-names,BWIKI page: 风语大树; template: Infobox/敌对角色；WiKirby page: Whispy Woods；真格速查 #273；真格速查 #34,150,True,False
character:whispy-woods-jr,character,小风语树！,Whispy Woods Jr.,ウィスピーJr.,,,,project,bwiki-infobox | catalog-profiles | wikirby-names,BWIKI page: 星之卡比64/杂兵; template: 杂兵；WiKirby page: Whispy Woods Jr.,100,True,False
character:whistle-mariner,character,哨海兵,Whistle Mariner,フエカイヘー,,,,official_reused,bwiki-infobox,BWIKI page: 毛线卡比/杂兵2; template: 杂兵,100,True,False
character:whistle-soldier,character,哨兵,Whistle Soldier,フエヘー,,,,official_reused,bwiki-infobox,BWIKI page: 毛线卡比/杂兵2; template: 杂兵,100,True,False
character:wicked-willow,character,拦路柳树,Wicked Willow,トーセンボク,,,,official_reused,bwiki-infobox | catalog-profiles | wikirby-names,BWIKI page: 拦路柳树; template: Infobox/敌对角色；WiKirby page: Wicked Willow,100,True,False
character:wicky-woods,character,皮皮大树,Wicky Woods,ウィッキーウッズ,,Whispy WoodsSr.,,official_reused,bwiki-infobox | bwiki-table | catalog-profiles | wikirby-names,BWIKI page: 集合！ 卡比/杂兵1; template: 杂兵；BWIKI table: 杂兵；WiKirby page: Wicky Woods,100,True,False
character:wild-bonkers,character,狂野锤星猩,Wild Bonkers,ワイルドボンカース,狂野錘星猩 | 结晶化狂野锤星猩,Crystal Wild Bonkers,結晶化ワイルドボンカース,official,bwiki-infobox | catalog-forms | catalog-profiles | wikirby-names,BWIKI page: 狂野锤星猩; template: Infobox/敌对角色；BWIKI page: 结晶化狂野锤星猩; template: Infobox/敌对角色；WiKirby page: Wild Bonkers,100,True,False
character:wild-edge,character,狂野刃,Wild Edge,ワイルドエッジ,结晶化狂野刃,Crystal Wild Edge,結晶化ワイルドエッジ,official,bwiki-infobox | catalog-forms | catalog-profiles | wikirby-names,BWIKI page: 狂野刃; template: Infobox/敌对角色；BWIKI page: 结晶化狂野刃; template: Infobox/敌对角色；WiKirby page: Wild Edge,100,True,False
character:wild-frosty,character,狂野冰霜,Wild Frosty,ワイルドフロスト,结晶化狂野冰霜,Crystal Wild Frosty,結晶化ワイルドフロスト,official,bwiki-infobox | catalog-forms | catalog-profiles | wikirby-names,BWIKI page: 狂野冰霜; template: Infobox/敌对角色；BWIKI page: 结晶化狂野冰霜; template: Infobox/敌对角色；WiKirby page: Wild Frosty,100,True,False
character:windwhipper,character,Windwhipper,Windwhipper,カザグルー,,,,unchanged,catalog-profiles | wikirby-names,WiKirby page: Windwhipper,100,True,False
character:winged-eggers,character,振翅艾格,Winged Eggers,エッガーウィングス,振翅艾格！,,,official_reused,bwiki-infobox | bwiki-table | catalog-profiles | wikirby-names,BWIKI page: 星之卡比 三重豪华/杂兵; template: 杂兵；BWIKI table: 杂兵；WiKirby page: Winged Eggers,100,True,False
character:wise-waddle-dee,character,知识渊博瓦豆鲁迪,Wise Waddle Dee,ものしりワドルディ,知識淵博瓦豆魯迪,,,official,bwiki-infobox | catalog-profiles | wikirby-names,BWIKI page: 瓦豆鲁迪/种类; template: 杂兵；WiKirby page: Wise Waddle Dee,100,True,False
character:wiz,character,魔术奇才,Wiz,ウィズ,,,,project,bwiki-infobox | catalog-profiles | wikirby-names,BWIKI page: 魔术奇才; template: Infobox/敌对角色；WiKirby page: Wiz,100,True,False
character:wizzer,character,魔法蚌,Wizzer,ウィザー,魔法蚌！,,,official_reused,bwiki-infobox | bwiki-table | catalog-profiles | wikirby-names,BWIKI page: 星之卡比/杂兵; template: 杂兵；BWIKI table: 杂兵；WiKirby page: Wizzer,100,True,False
character:wobbly-woods,character,将倒的巨树,Wobbly Woods,グラグラウッズ,,Giga Woods,,official_reused,bwiki-infobox | bwiki-table | catalog-profiles | wikirby-names,BWIKI page: 集合！ 卡比/杂兵1; template: 杂兵；BWIKI table: 杂兵；WiKirby page: Wobbly Woods,100,True,False
character:wolfwrath,character,WolfWrath,WolfWrath,チリドック,,,,unchanged,catalog-profiles | wikirby-names,WiKirby page: WolfWrath,100,True,False
character:woodkeeper,character,Woodkeeper,Woodkeeper,,,,,unchanged,catalog-profiles | wikirby-names,WiKirby page: Woodkeeper,100,True,False
character:yaban,character,矢蛮,Yaban,ヤバン,矢蛮！,,,official_reused,bwiki-infobox | bwiki-table | catalog-profiles | wikirby-names,BWIKI page: 星之卡比3/杂兵; template: 杂兵；BWIKI table: 杂兵；WiKirby page: Yaban,100,True,False
character:yadgaine,character,机械巨蟹,Yadgaine,ヤドガイン,,Yadogaine,,project,bwiki-infobox | catalog-profiles | wikirby-names,BWIKI page: 机械巨蟹; template: Infobox/敌对角色；WiKirby page: Yadgaine,100,True,False
character:yamikage,character,Yamikage,Yamikage,ヤミカゲ,,,,unchanged,catalog-profiles | wikirby-names,WiKirby page: Yamikage,100,True,False
character:yariko,character,枪小子！,Yariko,ヤリコ,,,,project,bwiki-infobox | catalog-profiles | wikirby-names,BWIKI page: 星之卡比64/杂兵1; template: 杂兵；WiKirby page: Yariko,100,True,False
character:yarn-mole,character,Yarn mole,Yarn mole,,,,,unchanged,catalog-profiles | wikirby-names,WiKirby 页面没有可解析的多语言名称表,100,True,False
character:ye-devil,character,哇·恶魔,Ye-Devil,ワイ・デビール,哇·惡魔,,,official,catalog-profiles | wikirby-names,WiKirby page: Ye-Devil,100,True,False
character:yesman,character,服从者！,Yesman,イエスマン,服从者,,,official_reused,bwiki-infobox | bwiki-table | catalog-profiles | wikirby-names,BWIKI page: 星之卡比 机器博博星球/杂兵; template: 杂兵；BWIKI table: 杂兵；WiKirby page: Yesman,100,True,False
character:yin-yarn,character,棒针狂人,Yin-Yarn,アミーボ・アモーレ,棒針狂人,,,official,bwiki-infobox | catalog-profiles | wikirby-names,BWIKI page: 棒针狂人; template: Infobox/敌对角色；WiKirby page: Yin-Yarn,100,True,False
character:yuki,character,雪怪,Yuki,ユキ,,,,project,bwiki-infobox | catalog-profiles | wikirby-names,BWIKI page: 雪怪; template: Infobox/敌对角色；WiKirby page: Yuki,100,True,False
character:zan-partizanne,character,雷枪帕噜提扎努,Zan Partizanne,ザン・パルルティザーヌ,星之卡比 新星同盟 雷枪帕噜提扎努 | 星之卡比 新星同盟 雷枪帕噜提扎努 Extra | 雷枪帕噜提扎努 Extra | 雷枪帕噜提扎努 Extra STA | 雷枪帕噜提扎努 Extra（星之卡比 新星同盟） | 雷枪帕噜提扎努 STA | 雷枪帕噜提扎努（星之卡比 新星同盟） | 雷槍帕嚕提扎努,Kirby Star Allies Zan Partizanne | Kirby Star Allies Zan Partizanne Extra | Zan Partizanne (Kirby Star Allies) | Zan Partizanne Extra | Zan Partizanne Extra (Kirby Star Allies) | Zan Partizanne Extra STA | Zan Partizanne STA | 星之卡比 新星同盟 雷枪帕噜提扎努 Extra | 雷枪帕噜提扎努 Extra STA | 雷枪帕噜提扎努 STA,ザン・パルルティザーヌ(Extra),official,bwiki-infobox | catalog-profiles | shinkaku-page-names | wikirby-names,BWIKI page: 雷枪帕噜提扎努; template: Infobox/角色；WiKirby page: Zan Partizanne；真格速查 #181；真格速查 #193,150,True,False
character:zapuzu,character,闪兹,Zapuzu,フラムズ,閃茲,,,official,bwiki-infobox | catalog-profiles | wikirby-names,BWIKI page: 卡比的驭天飞行/杂兵; template: 杂兵；WiKirby page: Zapuzu,100,True,False
character:zebon,character,果冻球,Zebon,ゼボン,,,,official_reused,bwiki-infobox | bwiki-table | catalog-profiles | wikirby-names,BWIKI page: 果冻球; template: Infobox/敌对角色；BWIKI table: 杂兵；WiKirby page: Zebon,100,True,False
character:zeke,character,捉迷灵,Zeke,クルリン,,,,official_reused,bwiki-table | catalog-profiles | wikirby-names,BWIKI vertical name table: 毛线卡比/NPC；WiKirby page: Zeke,100,True,False
character:zero,character,零,Zero,ゼロ,,,,official,bwiki-infobox | catalog-profiles | wikirby-names,BWIKI page: 零; template: Infobox/敌对角色；WiKirby page: Zero,100,True,False
character:zombon,character,僵尸种,Zombon,ゾビッポン,,,,official_reused,bwiki-infobox | bwiki-table | catalog-profiles | wikirby-names,BWIKI page: 集合！ 卡比/杂兵2; template: 杂兵；BWIKI table: 杂兵；WiKirby page: Zombon,100,True,False
character:zoos,character,帕琪！,Zoos,パッチ,,,,project,bwiki-infobox | catalog-profiles | wikirby-names,BWIKI page: 星之卡比64/杂兵1; template: 杂兵；WiKirby page: Zoos,100,True,False
character:zorah,character,佐拉,Zorah,ゾラ,,Zora,,official,bwiki-infobox | catalog-profiles | wikirby-names,BWIKI page: 佐拉; template: Infobox/角色；WiKirby page: Zorah,100,True,False
form:animal,form,动物,Animal,アニマル,,,,official,bwiki-infobox | catalog-forms | catalog-profiles,BWIKI page: 动物; template: Infobox/复制能力,100,True,True
form:arch-mouth,form,拱门塞满嘴,Arch Mouth,アーチほおばり,,,,official,bwiki-table | catalog-forms | catalog-profiles,BWIKI vertical name table: 塞满嘴变形,100,True,False
form:archer,form,狙击手,Archer,スナイパー,星之卡比 三重豪华版 狙击手 | 星之卡比 机器人星球 狙击手 | 狙击手 RBP | 狙击手 TDX | 狙击手（星之卡比 三重豪华版） | 狙击手（星之卡比 机器人星球）,Archer (Kirby: Planet Robobot) | Archer (Kirby: Triple Deluxe) | Archer RBP | Archer TDX | Kirby: Planet Robobot Archer | Kirby: Triple Deluxe Archer | 狙击手 RBP | 狙击手 TDX,スナイパー(RBP) | スナイパー(TDX),official,bwiki-infobox | catalog-forms | catalog-profiles | shinkaku-page-names,BWIKI page: 狙击手; template: Infobox/复制能力；真格速查 #60；真格速查 #99,150,True,False
form:artist,form,艺术家,Artist,アーティスト,星之卡比 新星同盟 艺术家 | 艺术家 STA | 艺术家（星之卡比 新星同盟）,Artist (Kirby Star Allies) | Artist STA | Kirby Star Allies Artist | 艺术家 STA,アーティスト(STA),official,bwiki-infobox | catalog-forms | catalog-profiles | shinkaku-page-names,BWIKI page: 艺术家; template: Infobox/复制能力；真格速查 #134,150,True,True
form:backdrop,form,背摔,Backdrop,バックドロップ,,,,official_reused,bwiki-infobox | catalog-forms | catalog-profiles,BWIKI page: 背摔; template: Infobox/复制能力,100,True,False
form:ball,form,球球,Ball,ボール,球,,,project,bwiki-infobox | catalog-forms | catalog-profiles,BWIKI page: 球球; template: Infobox/复制能力；BWIKI page: 道具（皇家大乱斗）; template: 道具,100,True,True
form:balloon,form,气球,Balloon,バルーン,,,,official_reused,bwiki-infobox | catalog-forms | catalog-profiles,BWIKI page: 气球; template: Infobox/复制能力；BWIKI page: 道具（滚滚卡比）; template: 道具,100,True,False
form:baton,form,Baton,Baton,,,,,unchanged,catalog-forms | catalog-profiles,,100,True,False
form:beam,form,光束,Beam,ビーム,光束 RBP | 光束 STA | 光束 TDX | 光束 WII | 光束 WIIDX | 光束（星之卡比 Wii 豪华版） | 光束（星之卡比 Wii） | 光束（星之卡比 三重豪华版） | 光束（星之卡比 新星同盟） | 光束（星之卡比 机器人星球） | 星之卡比 Wii 光束 | 星之卡比 Wii 豪华版 光束 | 星之卡比 三重豪华版 光束 | 星之卡比 新星同盟 光束 | 星之卡比 机器人星球 光束,Beam (Kirby Star Allies) | Beam (Kirby's Return to Dream Land Deluxe) | Beam (Kirby's Return to Dream Land) | Beam (Kirby: Planet Robobot) | Beam (Kirby: Triple Deluxe) | Beam RBP | Beam STA | Beam TDX | Beam WII | Beam WIIDX | Kirby Star Allies Beam | Kirby's Return to Dream Land Beam | Kirby's Return to Dream Land Deluxe Beam | Kirby: Planet Robobot Beam | Kirby: Triple Deluxe Beam | 光束 RBP | 光束 STA | 光束 TDX | 光束 WII | 光束 WIIDX | 星之卡比 Wii 光束 | 星之卡比 Wii 豪华版 光束,ビーム(RBP) | ビーム(STA) | ビーム(TDX) | ビーム(Wii) | ビーム(WiiDX),official,bwiki-infobox | catalog-forms | catalog-profiles | shinkaku-page-names,BWIKI page: 光束; template: Infobox/复制能力；真格速查 #107；真格速查 #151；真格速查 #25；真格速查 #264；真格速查 #69,150,True,True
form:beam-mage,form,魔法光束,Beam Mage,マジックビーム,,,,official,bwiki-infobox | catalog-forms | catalog-profiles,BWIKI page: 魔法光束; template: Infobox/复制能力,100,True,False
form:beam-mode,form,光束模式,Beam Mode,ビームモード,,,,official_reused,bwiki-infobox | catalog-forms | catalog-profiles,BWIKI page: 光束模式; template: Infobox/复制能力,100,True,False
form:beetle,form,独角仙,Beetle,ビートル,星之卡比 三重豪华版 独角仙 | 星之卡比 新星同盟 独角仙 | 独角仙 STA | 独角仙 TDX | 独角仙（星之卡比 三重豪华版） | 独角仙（星之卡比 新星同盟）,Beetle (Kirby Star Allies) | Beetle (Kirby: Triple Deluxe) | Beetle STA | Beetle TDX | Kirby Star Allies Beetle | Kirby: Triple Deluxe Beetle | 独角仙 STA | 独角仙 TDX,ビートル(STA) | ビートル(TDX),official,bwiki-infobox | catalog-forms | catalog-profiles | shinkaku-page-names,BWIKI page: 独角仙; template: Infobox/复制能力；真格速查 #150；真格速查 #68,150,True,False
form:bell,form,铜铃,Bell,ベル,星之卡比 三重豪华版 铜铃 | 铜铃 TDX | 铜铃（星之卡比 三重豪华版）,Bell (Kirby: Triple Deluxe) | Bell TDX | Kirby: Triple Deluxe Bell | 铜铃 TDX,ベル(TDX),official,bwiki-infobox | catalog-forms | catalog-profiles | shinkaku-page-names,BWIKI page: 铜铃; template: Infobox/复制能力；真格速查 #72,150,True,True
form:big-rig-mouth,form,巨大联结车塞满嘴,Big-Rig Mouth,モンスタートレーラーほおばり,,,,official,bwiki-table | catalog-forms | catalog-profiles,BWIKI vertical name table: 塞满嘴变形,100,True,False
form:blizzard-ice,form,暴风雪冰冻,Blizzard Ice,ブリザードアイス,,,,official,bwiki-table | catalog-forms | catalog-profiles,BWIKI vertical name table: 进化能力,100,True,False
form:bobbin,form,线轴,Bobbin,ボビン,,,,project,bwiki-table | catalog-forms | catalog-profiles,BWIKI vertical name table: 裁缝能力,100,True,False
form:bomb,form,炸弹,Bomb,ボム,星之卡比 Wii 炸弹 | 星之卡比 Wii 豪华版 炸弹 | 星之卡比 三重豪华版 炸弹 | 星之卡比 探索发现 炸弹 | 星之卡比 新星同盟 炸弹 | 星之卡比 机器人星球 炸弹 | 炸弹 DIS | 炸弹 RBP | 炸弹 STA | 炸弹 TDX | 炸弹 WII | 炸弹 WIIDX | 炸弹（星之卡比 Wii 豪华版） | 炸弹（星之卡比 Wii） | 炸弹（星之卡比 三重豪华版） | 炸弹（星之卡比 探索发现） | 炸弹（星之卡比 新星同盟） | 炸弹（星之卡比 机器人星球）,Bomb (Kirby and the Forgotten Land) | Bomb (Kirby Star Allies) | Bomb (Kirby's Return to Dream Land Deluxe) | Bomb (Kirby's Return to Dream Land) | Bomb (Kirby: Planet Robobot) | Bomb (Kirby: Triple Deluxe) | Bomb DIS | Bomb RBP | Bomb STA | Bomb TDX | Bomb WII | Bomb WIIDX | Kirby and the Forgotten Land Bomb | Kirby Star Allies Bomb | Kirby's Return to Dream Land Bomb | Kirby's Return to Dream Land Deluxe Bomb | Kirby: Planet Robobot Bomb | Kirby: Triple Deluxe Bomb | 星之卡比 Wii 炸弹 | 星之卡比 Wii 豪华版 炸弹 | 炸弹 DIS | 炸弹 RBP | 炸弹 STA | 炸弹 TDX | 炸弹 WII | 炸弹 WIIDX,バクダン | ボム(Dis) | ボム(RBP) | ボム(STA) | ボム(TDX) | ボム(Wii) | ボム(WiiDX),official,bwiki-infobox | catalog-forms | catalog-profiles | shinkaku-page-names,BWIKI page: 炸弹; template: Infobox/复制能力；BWIKI page: 炸弹（道具）; template: Infobox/道具；BWIKI page: 道具（卡比群星战Z）; template: 道具；真格速查 #112；真格速查 #155；真格速查 #215；真格速查 #267；真格速查 #28；真格速查 #74,150,True,True
form:bomb-bomb,form,Bomb-Bomb,Bomb-Bomb,,,,,unchanged,catalog-forms | catalog-profiles,,100,True,False
form:bomb-cutter,form,Bomb-Cutter,Bomb-Cutter,,,,,unchanged,catalog-forms | catalog-profiles,,100,True,False
form:bomb-mode,form,炸弹模式,Bomb Mode,ボムモード,,,,official_reused,bwiki-infobox | catalog-forms | catalog-profiles,BWIKI page: 炸弹模式; template: Infobox/复制能力,100,True,False
form:bomb-spark,form,Bomb-Spark,Bomb-Spark,,,,,unchanged,catalog-forms | catalog-profiles,,100,True,False
form:bubble,form,泡泡,Bubble,バブル,,,,project,bwiki-infobox | catalog-forms | catalog-profiles,BWIKI page: 泡泡; template: Infobox/复制能力,100,True,True
form:burn-bomb,form,Burn-Bomb,Burn-Bomb,,,,,unchanged,catalog-forms | catalog-profiles,,100,True,False
form:burn-burn,form,Burn-Burn,Burn-Burn,,,,,unchanged,catalog-forms | catalog-profiles,,100,True,False
form:burn-cutter,form,Burn-Cutter,Burn-Cutter,,,,,unchanged,catalog-forms | catalog-profiles,,100,True,False
form:burn-ice,form,Burn-Ice,Burn-Ice,,,,,unchanged,catalog-forms | catalog-profiles,,100,True,False
form:burn-needle,form,Burn-Needle,Burn-Needle,,,,,unchanged,catalog-forms | catalog-profiles,,100,True,False
form:burn-spark,form,Burn-Spark,Burn-Spark,,,,,unchanged,catalog-forms | catalog-profiles,,100,True,False
form:burning,form,燃烧,Burning,バーニング,,,,official,bwiki-infobox | catalog-forms | catalog-profiles,BWIKI page: 燃烧; template: Infobox/复制能力,100,True,False
form:burning-stone,form,燃烧石块,Burning Stone,,,,,official,catalog-forms | catalog-profiles,,100,True,False
form:button,form,纽扣,Button,ボタン,,,,project,bwiki-table | catalog-forms | catalog-profiles,BWIKI vertical name table: 裁缝能力,100,True,False
form:buzz-saw-cutter,form,全金属弯刀,Buzz-Saw Cutter,フルメタルカッター,,,,official,bwiki-table | catalog-forms | catalog-profiles,BWIKI vertical name table: 进化能力,100,True,False
form:car-mouth,form,汽车塞满嘴,Car Mouth,くるまほおばり,,,,official,bwiki-table | catalog-forms | catalog-profiles,BWIKI vertical name table: 塞满嘴变形,100,True,False
form:chain-bomb,form,连锁炸弹,Chain Bomb,チェインボム,,,,official,bwiki-table | catalog-forms | catalog-profiles,BWIKI vertical name table: 进化能力,100,True,False
form:chakram-cutter,form,环刃弯刀,Chakram Cutter,チャクラムカッター,,,,official,bwiki-table | catalog-forms | catalog-profiles,BWIKI vertical name table: 进化能力,100,True,False
form:chumbrella,form,相亲相爱伞,Chumbrella,,,,,official,catalog-forms | catalog-profiles,,100,True,False
form:circus,form,马戏团,Circus,サーカス,星之卡比 三重豪华版 马戏团 | 星之卡比 机器人星球 马戏团 | 马戏团 RBP | 马戏团 TDX | 马戏团（星之卡比 三重豪华版） | 马戏团（星之卡比 机器人星球）,Circus (Kirby: Planet Robobot) | Circus (Kirby: Triple Deluxe) | Circus RBP | Circus TDX | Kirby: Planet Robobot Circus | Kirby: Triple Deluxe Circus | 马戏团 RBP | 马戏团 TDX,サーカス(RBP) | サーカス(TDX),official,bwiki-infobox | catalog-forms | catalog-profiles | shinkaku-page-names,BWIKI page: 马戏团; template: Infobox/复制能力；真格速查 #58；真格速查 #96,150,True,False
form:cleaning,form,清洁,Cleaning,クリーン,星之卡比 新星同盟 清洁 | 清洁 STA | 清洁（星之卡比 新星同盟）,Clean | Cleaning (Kirby Star Allies) | Cleaning STA | Kirby Star Allies Cleaning | 清洁 STA,クリーン(STA),official,bwiki-infobox | catalog-forms | catalog-profiles | shinkaku-page-names,BWIKI page: 清洁; template: Infobox/复制能力；真格速查 #141,150,True,False
form:clutter-needle,form,废品针,Clutter Needle,ジャンクニードル,,,,official,bwiki-table | catalog-forms | catalog-profiles,BWIKI vertical name table: 进化能力,100,True,False
form:coaster-mouth,form,云霄飞车塞满嘴,Coaster Mouth,ジェットコースターほおばり,,,,official,bwiki-table | catalog-forms | catalog-profiles,BWIKI vertical name table: 塞满嘴变形,100,True,False
form:cone-mouth,form,三角锥塞满嘴,Cone Mouth,さんかくほおばり,,,,official,bwiki-table | catalog-forms | catalog-profiles,BWIKI vertical name table: 塞满嘴变形,100,True,False
form:cook,form,料理,Cook,コック,,,,official,bwiki-infobox | catalog-forms | catalog-profiles,BWIKI page: 料理; template: Infobox/复制能力,100,True,False
form:cook-potluck,form,炖锅盟友,Cook Potluck,,,,,official,catalog-forms | catalog-profiles,,100,True,False
form:copy,form,复制,Copy,コピー,,,,project,bwiki-infobox | catalog-forms | catalog-profiles,BWIKI page: 复制; template: Infobox/复制能力,100,True,True
form:crash,form,爆裂,Crash,クラッシュ,爆裂面板,,,official,bwiki-infobox | bwiki-table | catalog-forms | catalog-profiles,BWIKI page: 爆裂; template: Infobox/复制能力；BWIKI vertical name table: 道具（卡比方块球）,100,True,True
form:crash-rush,form,慌乱爆裂,Crash Rush,,,,,official,catalog-forms | catalog-profiles,,100,True,False
form:crystal-needle,form,水晶针,Crystal Needle,クリスタルニードル,,,,official,bwiki-table | catalog-forms | catalog-profiles,BWIKI vertical name table: 进化能力,100,True,False
form:cupid,form,天使,Cupid,,,,,official,catalog-forms | catalog-profiles,,100,True,False
form:curling,form,扫把冰壶,Curling,,,,,official,catalog-forms | catalog-profiles,,100,True,False
form:cutter,form,弯刀,Cutter,カッター,弯刀 DIS | 弯刀 RBP | 弯刀 STA | 弯刀 TDX | 弯刀 WII | 弯刀 WIIDX | 弯刀（星之卡比 Wii 豪华版） | 弯刀（星之卡比 Wii） | 弯刀（星之卡比 三重豪华版） | 弯刀（星之卡比 探索发现） | 弯刀（星之卡比 新星同盟） | 弯刀（星之卡比 机器人星球） | 星之卡比 Wii 弯刀 | 星之卡比 Wii 豪华版 弯刀 | 星之卡比 三重豪华版 弯刀 | 星之卡比 探索发现 弯刀 | 星之卡比 新星同盟 弯刀 | 星之卡比 机器人星球 弯刀,Cutter (Kirby and the Forgotten Land) | Cutter (Kirby Star Allies) | Cutter (Kirby's Return to Dream Land Deluxe) | Cutter (Kirby's Return to Dream Land) | Cutter (Kirby: Planet Robobot) | Cutter (Kirby: Triple Deluxe) | Cutter DIS | Cutter RBP | Cutter STA | Cutter TDX | Cutter WII | Cutter WIIDX | Kirby and the Forgotten Land Cutter | Kirby Star Allies Cutter | Kirby's Return to Dream Land Cutter | Kirby's Return to Dream Land Deluxe Cutter | Kirby: Planet Robobot Cutter | Kirby: Triple Deluxe Cutter | 弯刀 DIS | 弯刀 RBP | 弯刀 STA | 弯刀 TDX | 弯刀 WII | 弯刀 WIIDX | 星之卡比 Wii 弯刀 | 星之卡比 Wii 豪华版 弯刀,カッター(Dis) | カッター(RBP) | カッター(STA) | カッター(TDX) | カッター(Wii) | カッター(WiiDX),official,bwiki-infobox | catalog-forms | catalog-profiles | shinkaku-page-names,BWIKI page: 弯刀; template: Infobox/复制能力；真格速查 #14；真格速查 #140；真格速查 #208；真格速查 #252；真格速查 #57；真格速查 #95,150,True,False
form:cutter-cutter,form,Cutter-Cutter,Cutter-Cutter,,,,,unchanged,catalog-forms | catalog-profiles,,100,True,False
form:cutter-mode,form,弯刀模式,Cutter Mode,カッターモード,,,,project,bwiki-infobox | catalog-forms | catalog-profiles,BWIKI page: 弯刀模式; template: Infobox/复制能力,100,True,False
form:deep-sleep,form,深层睡觉,Deep Sleep,ディープスリープ,,,,official,bwiki-table | catalog-forms | catalog-profiles,BWIKI vertical name table: 进化能力,100,True,False
form:digger,form,挖掘机,Digger,パワーモール,,,,project,bwiki-infobox | catalog-forms | catalog-profiles,BWIKI page: 挖掘机; template: Infobox/复制能力,100,True,False
form:doctor,form,医生,Doctor,ドクター,医生 RBP | 医生（星之卡比 机器人星球） | 星之卡比 机器人星球 医生,Doctor (Kirby: Planet Robobot) | Doctor RBP | Kirby: Planet Robobot Doctor | 医生 RBP,ドクター(RBP),official,bwiki-infobox | catalog-forms | catalog-profiles | shinkaku-page-names,BWIKI page: 医生; template: Infobox/复制能力；真格速查 #103,150,True,True
form:doctor-healmore,form,治愈医生,Doctor Healmore,ヒールドクター,,,,official,bwiki-infobox | catalog-forms | catalog-profiles,BWIKI page: 治愈医生; template: Infobox/复制能力,100,True,False
form:dolphin,form,海豚,Dolphin,ドルフィン,,,,project,bwiki-infobox | catalog-forms | catalog-profiles,BWIKI page: 海豚; template: Infobox/复制能力,100,True,False
form:dome-mouth,form,巨蛋塞满嘴,Dome Mouth,ドームほおばり,,,,official,bwiki-table | catalog-forms | catalog-profiles,BWIKI vertical name table: 塞满嘴变形,100,True,False
form:dragon-fire,form,龙之烈火,Dragon Fire,ドラゴニックファイア,,,,official,bwiki-table | catalog-forms | catalog-profiles,BWIKI vertical name table: 进化能力,100,True,False
form:drill,form,钻击,Drill,ドリル,星之卡比 探索发现 钻击 | 钻击 DIS | 钻击（星之卡比 探索发现） | 钻土机,Drill (Kirby and the Forgotten Land) | Drill DIS | Kirby and the Forgotten Land Drill | 钻击 DIS,ストーンニードル | ドリル(Dis),official,bwiki-infobox | bwiki-table | catalog-forms | catalog-profiles | shinkaku-page-names,BWIKI page: 钻击; template: Infobox/复制能力；BWIKI vertical name table: 融合复制能力；真格速查 #210,150,True,True
form:esp,form,超能力,ESP,エスパー,星之卡比 新星同盟 超能力 | 星之卡比 机器人星球 超能力 | 超能力 RBP | 超能力 STA | 超能力（星之卡比 新星同盟） | 超能力（星之卡比 机器人星球）,ESP (Kirby Star Allies) | ESP (Kirby: Planet Robobot) | ESP RBP | ESP STA | Kirby Star Allies ESP | Kirby: Planet Robobot ESP | 超能力 RBP | 超能力 STA,エスパー(RBP) | エスパー(STA),official,bwiki-infobox | catalog-forms | catalog-profiles | shinkaku-page-names,BWIKI page: 超能力; template: Infobox/复制能力；真格速查 #139；真格速查 #94,150,True,False
form:esp-mode,form,超能力模式,ESP Mode,エスパーモード,,,,official_reused,bwiki-infobox | catalog-forms | catalog-profiles,BWIKI page: 超能力模式; template: Infobox/复制能力,100,True,False
form:fatal-chorus,form,死亡之声合唱团,Fatal Chorus,,,,,official,catalog-forms | catalog-profiles,,100,True,False
form:festival,form,庆典,Festival,フェスティバル,,,,official,bwiki-infobox | catalog-forms | catalog-profiles,BWIKI page: 庆典; template: Infobox/复制能力,100,True,False
form:festival-dance,form,热情庆典,Festival Dance,,,,,official,catalog-forms | catalog-profiles,,100,True,False
form:fighter,form,格斗家,Fighter,ファイター,星之卡比 Wii 格斗家 | 星之卡比 Wii 豪华版 格斗家 | 星之卡比 三重豪华版 格斗家 | 星之卡比 新星同盟 格斗家 | 星之卡比 机器人星球 格斗家 | 格斗家 RBP | 格斗家 STA | 格斗家 TDX | 格斗家 WII | 格斗家 WIIDX | 格斗家（星之卡比 Wii 豪华版） | 格斗家（星之卡比 Wii） | 格斗家（星之卡比 三重豪华版） | 格斗家（星之卡比 新星同盟） | 格斗家（星之卡比 机器人星球）,Fighter (Kirby Star Allies) | Fighter (Kirby's Return to Dream Land Deluxe) | Fighter (Kirby's Return to Dream Land) | Fighter (Kirby: Planet Robobot) | Fighter (Kirby: Triple Deluxe) | Fighter RBP | Fighter STA | Fighter TDX | Fighter WII | Fighter WIIDX | Kirby Star Allies Fighter | Kirby's Return to Dream Land Deluxe Fighter | Kirby's Return to Dream Land Fighter | Kirby: Planet Robobot Fighter | Kirby: Triple Deluxe Fighter | 星之卡比 Wii 格斗家 | 星之卡比 Wii 豪华版 格斗家 | 格斗家 RBP | 格斗家 STA | 格斗家 TDX | 格斗家 WII | 格斗家 WIIDX,ファイター(RBP) | ファイター(STA) | ファイター(TDX) | ファイター(Wii) | ファイター(WiiDX),official,bwiki-infobox | catalog-forms | catalog-profiles | shinkaku-page-names,BWIKI page: 格斗家; template: Infobox/复制能力；真格速查 #109；真格速查 #153；真格速查 #266；真格速查 #27；真格速查 #71,150,True,True
form:fire,form,烈火,Fire,ファイア,星之卡比 Wii 烈火 | 星之卡比 Wii 豪华版 烈火 | 星之卡比 三重豪华版 烈火 | 星之卡比 探索发现 烈火 | 星之卡比 新星同盟 烈火 | 星之卡比 机器人星球 烈火 | 烈火 DIS | 烈火 RBP | 烈火 STA | 烈火 TDX | 烈火 WII | 烈火 WIIDX | 烈火（星之卡比 Wii 豪华版） | 烈火（星之卡比 Wii） | 烈火（星之卡比 三重豪华版） | 烈火（星之卡比 探索发现） | 烈火（星之卡比 新星同盟） | 烈火（星之卡比 机器人星球）,Fire (Kirby and the Forgotten Land) | Fire (Kirby Star Allies) | Fire (Kirby's Return to Dream Land Deluxe) | Fire (Kirby's Return to Dream Land) | Fire (Kirby: Planet Robobot) | Fire (Kirby: Triple Deluxe) | Fire DIS | Fire RBP | Fire STA | Fire TDX | Fire WII | Fire WIIDX | Kirby and the Forgotten Land Fire | Kirby Star Allies Fire | Kirby's Return to Dream Land Deluxe Fire | Kirby's Return to Dream Land Fire | Kirby: Planet Robobot Fire | Kirby: Triple Deluxe Fire | 星之卡比 Wii 烈火 | 星之卡比 Wii 豪华版 烈火 | 烈火 DIS | 烈火 RBP | 烈火 STA | 烈火 TDX | 烈火 WII | 烈火 WIIDX,ファイア(Dis) | ファイア(RBP) | ファイア(STA) | ファイア(TDX) | ファイア(Wii) | ファイア(WiiDX),official,bwiki-infobox | catalog-forms | catalog-profiles | shinkaku-page-names,BWIKI page: 烈火; template: Infobox/复制能力；真格速查 #108；真格速查 #152；真格速查 #214；真格速查 #26；真格速查 #265；真格速查 #70,150,True,True
form:fire-engine,form,消防车,Fire Engine,スプラッシュ,,,,project,bwiki-infobox | catalog-forms | catalog-profiles,BWIKI page: 消防车; template: Infobox/复制能力,100,True,False
form:fire-mode,form,烈火模式,Fire Mode,ファイアモード,,,,project,bwiki-infobox | catalog-forms | catalog-profiles,BWIKI page: 烈火模式; template: Infobox/复制能力,100,True,False
form:flare-beam,form,奇迹光束,Flare Beam,ミラクルビーム,,,,official,bwiki-infobox | catalog-forms | catalog-profiles,BWIKI page: 奇迹光束; template: Infobox/复制能力,100,True,False
form:flash,form,闪光,Flash,,,,,official,catalog-forms | catalog-profiles,,100,True,False
form:fleur-tornado,form,天鹅龙卷风,Fleur Tornado,スワロトルネイド,,,,official,bwiki-table | catalog-forms | catalog-profiles,BWIKI vertical name table: 进化能力,100,True,False
form:freeze,form,冻结,Freeze,フリーズ,,,,official,bwiki-infobox | catalog-forms | catalog-profiles,BWIKI page: 冻结; template: Infobox/复制能力,100,True,True
form:friend-bounce,form,弹跳盟友,Friend Bounce,,,,,official,catalog-forms | catalog-profiles,,100,True,False
form:friend-bridge,form,盟友吊桥,Friend Bridge,フレンズつりばし,,,,official,bwiki-infobox | catalog-forms | catalog-profiles,BWIKI page: 盟友吊桥; template: Infobox/复制能力,100,True,False
form:friend-circle,form,盟友滚轮,Friend Circle,フレンズころがり,,,,official,bwiki-infobox | catalog-forms | catalog-profiles,BWIKI page: 盟友滚轮; template: Infobox/复制能力,100,True,False
form:friend-star,form,盟友新星,Friend Star,フレンズスター,,,,official,bwiki-infobox | catalog-forms | catalog-profiles,BWIKI page: 盟友新星; template: Infobox/复制能力,100,True,False
form:friend-super-vac,form,吸尘器盟友,Friend Super-Vac,,,,,official,catalog-forms | catalog-profiles,,100,True,False
form:friend-throw,form,力投盟友,Friend Throw,,,,,official,catalog-forms | catalog-profiles,,100,True,False
form:friend-train,form,盟友列车,Friend Train,フレンズれっしゃ,,,,official,bwiki-infobox | catalog-forms | catalog-profiles,BWIKI page: 盟友列车; template: Infobox/复制能力,100,True,False
form:frosty-ice,form,冰霜冰冻,Frosty Ice,フロストアイス,,,,official,bwiki-table | catalog-forms | catalog-profiles,BWIKI vertical name table: 进化能力,100,True,False
form:gear-mouth,form,齿轮塞满嘴,Gear Mouth,はぐるまほおばり,,,,official,bwiki-table | catalog-forms | catalog-profiles,BWIKI vertical name table: 塞满嘴变形,100,True,False
form:geokinesis,form,念力移物,Geokinesis,,,,,official,catalog-forms | catalog-profiles,,100,True,False
form:gigant-sword,form,庞大利剑,Gigant Sword,ギガントソード,,,,official,bwiki-table | catalog-forms | catalog-profiles,BWIKI vertical name table: 进化能力,100,True,False
form:grand-hammer,form,十亿吨锤子,Grand Hammer,ギガトンハンマー,,,,official,bwiki-infobox | catalog-forms | catalog-profiles,BWIKI page: 十亿吨锤子; template: Infobox/复制能力,100,True,False
form:halberd-mode,form,最终决战舰神戟模式,Halberd Mode,最終決戦艦ハルバードモード,,,,official_reused,bwiki-infobox | catalog-forms | catalog-profiles,BWIKI page: 最终决战舰神戟模式; template: Infobox/复制能力,100,True,False
form:hammer,form,锤子,Hammer,ハンマー,星之卡比 Wii 豪华版 锤子 | 星之卡比 Wii 锤子 | 星之卡比 三重豪华版 锤子 | 星之卡比 探索发现 锤子 | 星之卡比 新星同盟 锤子 | 星之卡比 机器人星球 锤子 | 锤子 DIS | 锤子 RBP | 锤子 STA | 锤子 TDX | 锤子 WII | 锤子 WIIDX | 锤子（星之卡比 Wii 豪华版） | 锤子（星之卡比 Wii） | 锤子（星之卡比 三重豪华版） | 锤子（星之卡比 探索发现） | 锤子（星之卡比 新星同盟） | 锤子（星之卡比 机器人星球）,Hammer (Kirby and the Forgotten Land) | Hammer (Kirby Star Allies) | Hammer (Kirby's Return to Dream Land Deluxe) | Hammer (Kirby's Return to Dream Land) | Hammer (Kirby: Planet Robobot) | Hammer (Kirby: Triple Deluxe) | Hammer DIS | Hammer RBP | Hammer STA | Hammer TDX | Hammer WII | Hammer WIIDX | Kirby and the Forgotten Land Hammer | Kirby Star Allies Hammer | Kirby's Return to Dream Land Deluxe Hammer | Kirby's Return to Dream Land Hammer | Kirby: Planet Robobot Hammer | Kirby: Triple Deluxe Hammer | 星之卡比 Wii 豪华版 锤子 | 星之卡比 Wii 锤子 | 锤子 DIS | 锤子 RBP | 锤子 STA | 锤子 TDX | 锤子 WII | 锤子 WIIDX,ハンマー(Dis) | ハンマー(RBP) | ハンマー(STA) | ハンマー(TDX) | ハンマー(Wii) | ハンマー(WiiDX),official,bwiki-infobox | catalog-forms | catalog-profiles | shinkaku-page-names,BWIKI page: 锤子; template: Infobox/复制能力；真格速查 #106；真格速查 #149；真格速查 #213；真格速查 #24；真格速查 #263；真格速查 #67,150,True,True
form:hammer-lord,form,重锤子,Hammer Lord,ヘビィハンマー,,,,official,bwiki-infobox | catalog-forms | catalog-profiles,BWIKI page: 重锤子; template: Infobox/复制能力,100,True,False
form:hi-jump,form,跳高,Hi-Jump,ハイジャンプ,星之卡比 Wii 豪华版 跳高 | 星之卡比 Wii 跳高 | 跳高 WII | 跳高 WIIDX | 跳高（星之卡比 Wii 豪华版） | 跳高（星之卡比 Wii）,Hi-Jump (Kirby's Return to Dream Land Deluxe) | Hi-Jump (Kirby's Return to Dream Land) | Hi-Jump WII | Hi-Jump WIIDX | High Jump | Kirby's Return to Dream Land Deluxe Hi-Jump | Kirby's Return to Dream Land Hi-Jump | 星之卡比 Wii 豪华版 跳高 | 星之卡比 Wii 跳高 | 跳高 WII | 跳高 WIIDX,ハイジャンプ(Wii) | ハイジャンプ(WiiDX),official,bwiki-infobox | catalog-forms | catalog-profiles | shinkaku-page-names,BWIKI page: 跳高; template: Infobox/复制能力；BWIKI page: 跳高（游戏模式）; template: Infobox/小游戏；真格速查 #22；真格速查 #261,150,True,False
form:homing-bomb,form,自动追踪炸弹,Homing Bomb,オートサーチボム,,,,official,bwiki-table | catalog-forms | catalog-profiles,BWIKI vertical name table: 进化能力,100,True,False
form:hypernova,form,超新星,Hypernova,ビッグバン,大爆炸 | 超新星吸入,,,official,bwiki-infobox | catalog-forms | catalog-profiles,BWIKI page: 大爆炸; template: Infobox/复制能力；BWIKI page: 超新星吸入; template: Infobox/复制能力,100,True,False
form:ice,form,冰冻,Ice,アイス,冰冻 DIS | 冰冻 RBP | 冰冻 STA | 冰冻 TDX | 冰冻 WII | 冰冻 WIIDX | 冰冻（星之卡比 Wii 豪华版） | 冰冻（星之卡比 Wii） | 冰冻（星之卡比 三重豪华版） | 冰冻（星之卡比 探索发现） | 冰冻（星之卡比 新星同盟） | 冰冻（星之卡比 机器人星球） | 星之卡比 Wii 冰冻 | 星之卡比 Wii 豪华版 冰冻 | 星之卡比 三重豪华版 冰冻 | 星之卡比 探索发现 冰冻 | 星之卡比 新星同盟 冰冻 | 星之卡比 机器人星球 冰冻,Ice (Kirby and the Forgotten Land) | Ice (Kirby Star Allies) | Ice (Kirby's Return to Dream Land Deluxe) | Ice (Kirby's Return to Dream Land) | Ice (Kirby: Planet Robobot) | Ice (Kirby: Triple Deluxe) | Ice DIS | Ice RBP | Ice STA | Ice TDX | Ice WII | Ice WIIDX | Kirby and the Forgotten Land Ice | Kirby Star Allies Ice | Kirby's Return to Dream Land Deluxe Ice | Kirby's Return to Dream Land Ice | Kirby: Planet Robobot Ice | Kirby: Triple Deluxe Ice | 冰冻 DIS | 冰冻 RBP | 冰冻 STA | 冰冻 TDX | 冰冻 WII | 冰冻 WIIDX | 星之卡比 Wii 冰冻 | 星之卡比 Wii 豪华版 冰冻,アイス(Dis) | アイス(RBP) | アイス(STA) | アイス(TDX) | アイス(Wii) | アイス(WiiDX),official,bwiki-infobox | catalog-forms | catalog-profiles | shinkaku-page-names,BWIKI page: 冰冻; template: Infobox/复制能力；真格速查 #10；真格速查 #135；真格速查 #207；真格速查 #248；真格速查 #54；真格速查 #92,150,True,True
form:ice-bomb,form,炸弹雪人,Ice-Bomb,アイスボム,,Explosive Snowman | Ice Bomb,,official_reused,bwiki-infobox | bwiki-table | catalog-forms | catalog-profiles,BWIKI page: 冰炸弹; template: Infobox/复制能力；BWIKI vertical name table: 融合复制能力,100,True,False
form:ice-cutter,form,Ice-Cutter,Ice-Cutter,,,,,unchanged,catalog-forms | catalog-profiles,,100,True,False
form:ice-ice,form,Ice-Ice,Ice-Ice,,,,,unchanged,catalog-forms | catalog-profiles,,100,True,False
form:ice-mode,form,冰冻模式,Ice Mode,アイスモード,,,,official_reused,bwiki-infobox | catalog-forms | catalog-profiles,BWIKI page: 冰冻模式; template: Infobox/复制能力,100,True,False
form:ice-needle,form,Ice-Needle,Ice-Needle,,,,,unchanged,catalog-forms | catalog-profiles,,100,True,False
form:ice-spark,form,Ice-Spark,Ice-Spark,,,,,unchanged,catalog-forms | catalog-profiles,,100,True,False
form:icicle-lance,form,冰柱弹,Icicle Lance,,,,,official,catalog-forms | catalog-profiles,,100,True,False
form:iron,form,Iron,Iron,,,,,unchanged,catalog-forms | catalog-profiles,,100,True,False
form:jelly,form,果凍,Jelly,,,,,official,catalog-forms | catalog-profiles,,100,True,False
form:jet,form,喷射机,Jet,ジェット,喷射机 RBP | 喷射机（星之卡比 机器人星球） | 星之卡比 机器人星球 喷射机,Jet (Kirby: Planet Robobot) | Jet RBP | Kirby: Planet Robobot Jet | 喷射机 RBP,ジェット(RBP),official,bwiki-infobox | catalog-forms | catalog-profiles | shinkaku-page-names,BWIKI page: 喷射机; template: Infobox/复制能力；真格速查 #97,150,True,True
form:jet-mode,form,喷射机模式,Jet Mode,ジェットモード,,,,official,bwiki-infobox | catalog-forms | catalog-profiles,BWIKI page: 喷射机模式; template: Infobox/复制能力,100,True,False
form:kabuki,form,Kabuki,Kabuki,,,,,unchanged,catalog-forms | catalog-profiles,,100,True,False
form:kirby-rocket,form,Kirby Rocket,Kirby Rocket,カービィロケット,,,,unchanged,bwiki-infobox | catalog-forms | catalog-profiles,BWIKI page: 卡比火箭; template: Infobox/复制能力,100,True,False
form:kirby-submarine,form,Kirby Submarine,Kirby Submarine,カービィサブマリン,,,,unchanged,bwiki-infobox | catalog-forms | catalog-profiles,BWIKI page: 卡比潜艇; template: Infobox/复制能力,100,True,False
form:kirby-tank,form,Kirby Tank,Kirby Tank,カービィタンク,,,,unchanged,bwiki-infobox | catalog-forms | catalog-profiles,BWIKI page: 卡比坦克; template: Infobox/复制能力,100,True,False
form:knitting-needles,form,毛衣针,Knitting Needles,あみぼう,,,,project,bwiki-table | catalog-forms | catalog-profiles,BWIKI vertical name table: 裁缝能力,100,True,False
form:laser,form,镭射,Laser,レーザー,,,,official,bwiki-infobox | catalog-forms | catalog-profiles,BWIKI page: 激光; template: Infobox/复制能力,100,True,True
form:leaf,form,叶子,Leaf,リーフ,叶子 RBP | 叶子 TDX | 叶子 WII | 叶子 WIIDX | 叶子（星之卡比 Wii 豪华版） | 叶子（星之卡比 Wii） | 叶子（星之卡比 三重豪华版） | 叶子（星之卡比 机器人星球） | 星之卡比 Wii 叶子 | 星之卡比 Wii 豪华版 叶子 | 星之卡比 三重豪华版 叶子 | 星之卡比 机器人星球 叶子,Kirby's Return to Dream Land Deluxe Leaf | Kirby's Return to Dream Land Leaf | Kirby: Planet Robobot Leaf | Kirby: Triple Deluxe Leaf | Leaf (Kirby's Return to Dream Land Deluxe) | Leaf (Kirby's Return to Dream Land) | Leaf (Kirby: Planet Robobot) | Leaf (Kirby: Triple Deluxe) | Leaf RBP | Leaf TDX | Leaf WII | Leaf WIIDX | 叶子 RBP | 叶子 TDX | 叶子 WII | 叶子 WIIDX | 星之卡比 Wii 叶子 | 星之卡比 Wii 豪华版 叶子,リーフ(RBP) | リーフ(TDX) | リーフ(Wii) | リーフ(WiiDX),official,bwiki-infobox | catalog-forms | catalog-profiles | shinkaku-page-names,BWIKI page: 叶子; template: Infobox/复制能力；真格速查 #114；真格速查 #268；真格速查 #29；真格速查 #75,150,True,True
form:light,form,光明,Light,ライト,,,,project,bwiki-infobox | catalog-forms | catalog-profiles,BWIKI page: 光明; template: Infobox/复制能力,100,True,True
form:light-bulb-mouth,form,灯泡塞满嘴,Light-Bulb Mouth,でんきゅうほおばり,,,,official,bwiki-table | catalog-forms | catalog-profiles,BWIKI vertical name table: 塞满嘴变形,100,True,False
form:love-love-stick,form,心之棒,Love-Love Stick,ラブラブステッキ,,,,official_reused,bwiki-infobox | catalog-forms | catalog-profiles,BWIKI page: 心之棒; template: Infobox/复制能力,100,True,False
form:magic,form,Magic,Magic,マジック,,,,unchanged,bwiki-infobox | catalog-forms | catalog-profiles,BWIKI page: 魔术师; template: Infobox/复制能力,100,True,True
form:magoloran-launch,form,飞吧 魔法帆洛亚,Magoloran Launch,,,,,official,catalog-forms | catalog-profiles,,100,True,False
form:marking-pins,form,标记针,Marking Pins,マチバリ,,,,project,bwiki-table | catalog-forms | catalog-profiles,BWIKI vertical name table: 裁缝能力,100,True,False
form:masked-hammer,form,蒙面锤子,Masked Hammer,マスクドハンマー,,,,official,bwiki-table | catalog-forms | catalog-profiles,BWIKI vertical name table: 进化能力,100,True,False
form:master,form,大师剑,Master,マスター,,,,official_reused,bwiki-infobox | catalog-forms | catalog-profiles,BWIKI page: 大师剑; template: Infobox/复制能力,100,True,False
form:mecha,form,装甲,Mecha,アーマー,星之卡比 Wii 豪华版 装甲 | 装甲 WIIDX | 装甲（星之卡比 Wii 豪华版）,Kirby's Return to Dream Land Deluxe Mecha | Mecha (Kirby's Return to Dream Land Deluxe) | Mecha WIIDX | 星之卡比 Wii 豪华版 装甲 | 装甲 WIIDX,アーマー(WiiDX),official,bwiki-infobox | catalog-forms | catalog-profiles | shinkaku-page-names,BWIKI page: 装甲; template: Infobox/复制能力；真格速查 #247,150,True,False
form:meta-knight-sword,form,魅塔骑士利剑,Meta Knight Sword,メタナイトソード,,,,official,bwiki-table | catalog-forms | catalog-profiles,BWIKI vertical name table: 进化能力,100,True,False
form:metal,form,Metal,Metal,メタル,,,,unchanged,bwiki-infobox | catalog-forms | catalog-profiles,BWIKI page: 金属; template: Infobox/复制能力,100,True,True
form:mike,form,麦克风,Mike,マイク,,Microphone,,official,bwiki-infobox | catalog-forms | catalog-profiles,BWIKI page: 道具（卡比群星战Z）; template: 道具；BWIKI page: 麦克风; template: Infobox/复制能力,100,True,False
form:mike-mode,form,麦克模式,Mike Mode,マイクモード,,,,official_reused,bwiki-infobox | catalog-forms | catalog-profiles,BWIKI page: 麦克风模式; template: Infobox/复制能力,100,True,False
form:mini,form,迷你,Mini,ミニマム,,,,official,bwiki-infobox | catalog-forms | catalog-profiles,BWIKI page: 迷你; template: Infobox/复制能力,100,True,False
form:mirror,form,镜子,Mirror,ミラー,星之卡比 机器人星球 镜子 | 镜子 RBP | 镜子（星之卡比 机器人星球）,Kirby: Planet Robobot Mirror | Mirror (Kirby: Planet Robobot) | Mirror RBP | 镜子 RBP,ミラー(RBP),official,bwiki-infobox | catalog-forms | catalog-profiles | shinkaku-page-names,BWIKI page: 镜子; template: Infobox/复制能力；真格速查 #113,150,True,True
form:missile,form,导弹,Missile,ミサイル,,,,official,bwiki-infobox | catalog-forms | catalog-profiles,BWIKI page: 导弹; template: Infobox/复制能力,100,True,False
form:monster-flame,form,龙袭怒吼,Monster Flame,ドラゴストーム,,,,official,bwiki-infobox | catalog-forms | catalog-profiles,BWIKI page: 龙袭怒吼; template: Infobox/复制能力,100,True,False
form:morpho-knight-sword,form,冥蝶骑士利剑,Morpho Knight Sword,バルフレイソード,,,,official,bwiki-table | catalog-forms | catalog-profiles,BWIKI vertical name table: 进化能力,100,True,False
form:needle,form,针,Needle,ニードル,星之卡比 Wii 豪华版 针 | 星之卡比 Wii 针 | 星之卡比 三重豪华版 针 | 星之卡比 探索发现 针 | 针 DIS | 针 TDX | 针 WII | 针 WIIDX | 针（星之卡比 Wii 豪华版） | 针（星之卡比 Wii） | 针（星之卡比 三重豪华版） | 针（星之卡比 探索发现）,Kirby and the Forgotten Land Needle | Kirby's Return to Dream Land Deluxe Needle | Kirby's Return to Dream Land Needle | Kirby: Triple Deluxe Needle | Needle (Kirby and the Forgotten Land) | Needle (Kirby's Return to Dream Land Deluxe) | Needle (Kirby's Return to Dream Land) | Needle (Kirby: Triple Deluxe) | Needle DIS | Needle TDX | Needle WII | Needle WIIDX | 星之卡比 Wii 豪华版 针 | 星之卡比 Wii 针 | 针 DIS | 针 TDX | 针 WII | 针 WIIDX,ニードル(Dis) | ニードル(TDX) | ニードル(Wii) | ニードル(WiiDX),official,bwiki-infobox | catalog-forms | catalog-profiles | shinkaku-page-names,BWIKI page: 针; template: Infobox/复制能力；真格速查 #20；真格速查 #212；真格速查 #259；真格速查 #64,150,True,True
form:needle-bomb,form,Needle-Bomb,Needle-Bomb,,,,,unchanged,catalog-forms | catalog-profiles,,100,True,False
form:needle-cutter,form,Needle-Cutter,Needle-Cutter,,,,,unchanged,catalog-forms | catalog-profiles,,100,True,False
form:needle-needle,form,Needle-Needle,Needle-Needle,,,,,unchanged,catalog-forms | catalog-profiles,,100,True,False
form:needle-spark,form,Needle-Spark,Needle-Spark,,,,,unchanged,catalog-forms | catalog-profiles,,100,True,False
form:ninja,form,忍者,Ninja,ニンジャ,忍者 RBP | 忍者 STA | 忍者 TDX | 忍者 WII | 忍者 WIIDX | 忍者（星之卡比 Wii 豪华版） | 忍者（星之卡比 Wii） | 忍者（星之卡比 三重豪华版） | 忍者（星之卡比 新星同盟） | 忍者（星之卡比 机器人星球） | 星之卡比 Wii 忍者 | 星之卡比 Wii 豪华版 忍者 | 星之卡比 三重豪华版 忍者 | 星之卡比 新星同盟 忍者 | 星之卡比 机器人星球 忍者,Kirby Star Allies Ninja | Kirby's Return to Dream Land Deluxe Ninja | Kirby's Return to Dream Land Ninja | Kirby: Planet Robobot Ninja | Kirby: Triple Deluxe Ninja | Ninja (Kirby Star Allies) | Ninja (Kirby's Return to Dream Land Deluxe) | Ninja (Kirby's Return to Dream Land) | Ninja (Kirby: Planet Robobot) | Ninja (Kirby: Triple Deluxe) | Ninja RBP | Ninja STA | Ninja TDX | Ninja WII | Ninja WIIDX | 忍者 RBP | 忍者 STA | 忍者 TDX | 忍者 WII | 忍者 WIIDX | 星之卡比 Wii 忍者 | 星之卡比 Wii 豪华版 忍者,ニンジャ(RBP) | ニンジャ(STA) | ニンジャ(TDX) | ニンジャ(Wii) | ニンジャ(WiiDX),official,bwiki-infobox | catalog-forms | catalog-profiles | shinkaku-page-names,BWIKI page: 忍者; template: Infobox/复制能力；真格速查 #104；真格速查 #147；真格速查 #21；真格速查 #260；真格速查 #65,150,True,True
form:noble-ranger,form,辉煌探巡队,Noble Ranger,ノーブルレンジャー,,,,official,bwiki-table | catalog-forms | catalog-profiles,BWIKI vertical name table: 进化能力,100,True,False
form:nylon,form,尼龙,Nylon,ナイロン,,,,project,bwiki-table | catalog-forms | catalog-profiles,BWIKI vertical name table: 裁缝能力,100,True,False
form:off-roader,form,越野车,Off-Roader,バギー,,,,project,bwiki-infobox | catalog-forms | catalog-profiles,BWIKI page: 越野车; template: Infobox/复制能力,100,True,False
form:paint,form,颜料,Paint,ペイント,,,,project,bwiki-infobox | catalog-forms | catalog-profiles,BWIKI page: 颜料; template: Infobox/复制能力,100,True,True
form:parasol-mode,form,阳伞模式,Parasol Mode,パラソルモード,,,,official_reused,bwiki-infobox | catalog-forms | catalog-profiles,BWIKI page: 阳伞模式; template: Infobox/复制能力,100,True,False
form:pencil-drill,form,铅笔钻击,Pencil Drill,ペンシルドリル,,,,official,bwiki-table | catalog-forms | catalog-profiles,BWIKI vertical name table: 进化能力,100,True,False
form:pipe-mouth,form,水管塞满嘴,Pipe Mouth,どかんほおばり,,,,official,bwiki-table | catalog-forms | catalog-profiles,BWIKI vertical name table: 塞满嘴变形,100,True,False
form:plasma,form,电离子,Plasma,プラズマ,星之卡比 新星同盟 电离子 | 电离子 STA | 电离子（星之卡比 新星同盟）,Kirby Star Allies Plasma | Plasma (Kirby Star Allies) | Plasma STA | 电离子 STA,プラズマ(STA),official,bwiki-infobox | catalog-forms | catalog-profiles | shinkaku-page-names,BWIKI page: 电离子; template: Infobox/复制能力；真格速查 #154,150,True,False
form:poison,form,毒液,Poison,ポイズン,星之卡比 机器人星球 毒液 | 毒液 RBP | 毒液（星之卡比 机器人星球）,Kirby: Planet Robobot Poison | Poison (Kirby: Planet Robobot) | Poison RBP | 毒液 RBP,ポイズン(RBP),official,bwiki-infobox | catalog-forms | catalog-profiles | shinkaku-page-names,BWIKI page: 毒液; template: Infobox/复制能力；真格速查 #111,150,True,True
form:rainbow-sword,form,彩虹剑,Rainbow Sword,虹の剣,,,,official_reused,bwiki-infobox | catalog-forms | catalog-profiles,BWIKI page: 彩虹剑; template: Infobox/复制能力,100,True,False
form:ranger,form,探巡队,Ranger,レンジャー,探巡队 DIS | 探巡队（星之卡比 探索发现） | 星之卡比 探索发现 探巡队,Kirby and the Forgotten Land Ranger | Ranger (Kirby and the Forgotten Land) | Ranger DIS | 探巡队 DIS,レンジャー(Dis),official,bwiki-infobox | catalog-forms | catalog-profiles | shinkaku-page-names,BWIKI page: 探巡队; template: Infobox/复制能力；真格速查 #216,150,True,True
form:ribbon-s-crystal,form,莉宝水晶,Ribbon's Crystal,,,,,official,catalog-forms | catalog-profiles,,100,True,False
form:ring-mouth,form,圈圈塞满嘴,Ring Mouth,わっかほおばり,,,,official,bwiki-table | catalog-forms | catalog-profiles,BWIKI vertical name table: 塞满嘴变形,100,True,False
form:rising-sizzler,form,火焰风射,Rising Sizzler,,,,,official,catalog-forms | catalog-profiles,,100,True,False
form:robobot-armor,form,机器博博装甲,Robobot Armor,ロボボアーマー,最终螺旋钻模式 | 机器人装甲,Robobot_Armor,ファイナルスクリューモード,official,bwiki-infobox | catalog-forms | catalog-profiles | curated-official-notes,BWIKI page: 最终螺旋钻模式; template: Infobox/复制能力；BWIKI page: 机器博博装甲; template: Infobox/复制能力；星之卡比官方资料.md / 核心玩法词条,120,True,False
form:rock-painter,form,乱涂物体,Rock Painter,,,,,official,catalog-forms | catalog-profiles,,100,True,False
form:rocket,form,火箭,Rocket,ロケット,,,,project,bwiki-infobox | catalog-forms | catalog-profiles,BWIKI page: 火箭; template: Infobox/复制能力,100,True,False
form:sand,form,沙子,Sand,サンド,星之卡比 Wii 豪华版 沙子 | 沙子 WIIDX | 沙子（星之卡比 Wii 豪华版）,Kirby's Return to Dream Land Deluxe Sand | Sand (Kirby's Return to Dream Land Deluxe) | Sand WIIDX | 星之卡比 Wii 豪华版 沙子 | 沙子 WIIDX,サンド(WiiDX),official,bwiki-infobox | catalog-forms | catalog-profiles | shinkaku-page-names,BWIKI page: 沙子; template: Infobox/复制能力；真格速查 #253,150,True,False
form:saucer,form,Saucer,Saucer,,,,,unchanged,catalog-forms | catalog-profiles,,100,True,False
form:scissor-lift-mouth,form,作业车塞满嘴,Scissor-Lift Mouth,さぎょうしゃほおばり,,,,official,bwiki-table | catalog-forms | catalog-profiles,BWIKI vertical name table: 塞满嘴变形,100,True,False
form:sign-mouth,form,看板塞满嘴,Sign Mouth,かんばんほおばり,,,,official,bwiki-table | catalog-forms | catalog-profiles,BWIKI vertical name table: 塞满嘴变形,100,True,False
form:sleep,form,睡觉,Sleep,スリープ,,,,official,bwiki-infobox | catalog-forms | catalog-profiles,BWIKI page: 睡觉; template: Infobox/复制能力,100,True,True
form:smash,form,大乱斗,Smash,スマブラ,大乱斗 RBP | 大乱斗（星之卡比 机器人星球） | 星之卡比 机器人星球 大乱斗,Kirby: Planet Robobot Smash Bros. | Smash Bros. | Smash Bros. (Kirby: Planet Robobot) | Smash Bros. RBP | 大乱斗 RBP,スマブラ(RBP),official,bwiki-infobox | catalog-forms | catalog-profiles | shinkaku-page-names,BWIKI page: 大乱斗; template: Infobox/复制能力；真格速查 #101,150,True,False
form:snow-bowl,form,冰晶雪球,Snow Bowl,スノーボウル,,,,official,bwiki-infobox | catalog-forms | catalog-profiles,BWIKI page: 冰晶雪球; template: Infobox/复制能力,100,True,False
form:space-ranger,form,太空探巡队,Space Ranger,スペースレンジャー,,,,official,bwiki-table | catalog-forms | catalog-profiles,BWIKI vertical name table: 进化能力,100,True,False
form:spark,form,电火花,Spark,スパーク,星之卡比 Wii 电火花 | 星之卡比 Wii 豪华版 电火花 | 星之卡比 三重豪华版 电火花 | 星之卡比 机器人星球 电火花 | 电火花 RBP | 电火花 TDX | 电火花 WII | 电火花 WIIDX | 电火花（星之卡比 Wii 豪华版） | 电火花（星之卡比 Wii） | 电火花（星之卡比 三重豪华版） | 电火花（星之卡比 机器人星球）,Kirby's Return to Dream Land Deluxe Spark | Kirby's Return to Dream Land Spark | Kirby: Planet Robobot Spark | Kirby: Triple Deluxe Spark | Spark (Kirby's Return to Dream Land Deluxe) | Spark (Kirby's Return to Dream Land) | Spark (Kirby: Planet Robobot) | Spark (Kirby: Triple Deluxe) | Spark RBP | Spark TDX | Spark WII | Spark WIIDX | 星之卡比 Wii 电火花 | 星之卡比 Wii 豪华版 电火花 | 电火花 RBP | 电火花 TDX | 电火花 WII | 电火花 WIIDX,スパーク(RBP) | スパーク(TDX) | スパーク(Wii) | スパーク(WiiDX),official,bwiki-infobox | catalog-forms | catalog-profiles | shinkaku-page-names,BWIKI page: 电火花; template: Infobox/复制能力；真格速查 #100；真格速查 #16；真格速查 #255；真格速查 #61,150,True,True
form:spark-cutter,form,Spark-Cutter,Spark-Cutter,,,,,unchanged,catalog-forms | catalog-profiles,,100,True,False
form:spark-mode,form,电火花模式,Spark Mode,スパークモード,,,,official_reused,bwiki-infobox | catalog-forms | catalog-profiles,BWIKI page: 电火花模式; template: Infobox/复制能力,100,True,False
form:spark-spark,form,Spark-Spark,Spark-Spark,,,,,unchanged,catalog-forms | catalog-profiles,,100,True,False
form:spear,form,枪,Spear,スピア,星之卡比 Wii 枪 | 星之卡比 Wii 豪华版 枪 | 星之卡比 三重豪华版 枪 | 枪 TDX | 枪 WII | 枪 WIIDX | 枪（星之卡比 Wii 豪华版） | 枪（星之卡比 Wii） | 枪（星之卡比 三重豪华版）,Kirby's Return to Dream Land Deluxe Spear | Kirby's Return to Dream Land Spear | Kirby: Triple Deluxe Spear | Spear (Kirby's Return to Dream Land Deluxe) | Spear (Kirby's Return to Dream Land) | Spear (Kirby: Triple Deluxe) | Spear TDX | Spear WII | Spear WIIDX | 星之卡比 Wii 枪 | 星之卡比 Wii 豪华版 枪 | 枪 TDX | 枪 WII | 枪 WIIDX,スピア(TDX) | スピア(Wii) | スピア(WiiDX),official,bwiki-infobox | catalog-forms | catalog-profiles | shinkaku-page-names,BWIKI page: 枪; template: Infobox/复制能力；真格速查 #17；真格速查 #256；真格速查 #62,150,True,True
form:spider,form,蜘蛛,Spider,スパイダー,星之卡比 新星同盟 蜘蛛 | 蜘蛛 STA | 蜘蛛（星之卡比 新星同盟）,Kirby Star Allies Spider | Spider (Kirby Star Allies) | Spider STA | 蜘蛛 STA,スパイダー(STA),official,bwiki-infobox | catalog-forms | catalog-profiles | shinkaku-page-names,BWIKI page: 蜘蛛; template: Infobox/复制能力；真格速查 #145,150,True,True
form:spin-boarder,form,冲浪,Spin Boarder,ナミノリ,,,,official_reused,bwiki-infobox | catalog-forms | catalog-profiles,BWIKI page: 冲浪; template: Infobox/复制能力,100,True,False
form:spring-mouth,form,弹簧塞满嘴,Spring Mouth,バネほおばり,,,,official,bwiki-table | catalog-forms | catalog-profiles,BWIKI vertical name table: 塞满嘴变形,100,True,False
form:staff,form,如意棒,Staff,スティック,如意棒 STA | 如意棒（星之卡比 新星同盟） | 星之卡比 新星同盟 如意棒,Kirby Star Allies Staff | Staff (Kirby Star Allies) | Staff STA | 如意棒 STA,スティック(STA),official,bwiki-infobox | catalog-forms | catalog-profiles | shinkaku-page-names,BWIKI page: 如意棒; template: Infobox/复制能力；真格速查 #143,150,True,True
form:stairs-mouth,form,阶梯塞满嘴,Stairs Mouth,かいだんほおばり,,,,official,bwiki-table | catalog-forms | catalog-profiles,BWIKI vertical name table: 塞满嘴变形,100,True,False
form:star-allies-sparkler,form,闪耀新星同盟,Star Allies Sparkler,ティンクルスターアライズ,,,,official,bwiki-infobox | catalog-forms | catalog-profiles,BWIKI page: 闪耀新星同盟; template: Infobox/复制能力,100,True,False
form:star-rod,form,星星神杖,Star Rod,スターロッド,,,,official,bwiki-infobox | catalog-forms | catalog-profiles,BWIKI page: 星星神杖; template: Infobox/复制能力,100,True,False
form:star-shooter,form,射星战船,Star Shooter,シューティングスター,,,,project,bwiki-infobox | catalog-forms | catalog-profiles,BWIKI page: 射星战船; template: Infobox/复制能力,100,True,False
form:starship,form,星船,Starship,スターシップ,,,,official_reused,bwiki-infobox | catalog-forms | catalog-profiles,BWIKI page: 星船; template: Infobox/复制能力,100,True,False
form:steel-ball,form,钢球,Steel Ball,,,,,official,catalog-forms | catalog-profiles,,100,True,False
form:still-life,form,食物具体化,Still Life,,,,,official,catalog-forms | catalog-profiles,,100,True,False
form:stone,form,石块,Stone,ストーン,星之卡比 Wii 石块 | 星之卡比 Wii 豪华版 石块 | 星之卡比 三重豪华版 石块 | 星之卡比 新星同盟 石块 | 星之卡比 机器人星球 石块 | 石块 RBP | 石块 STA | 石块 TDX | 石块 WII | 石块 WIIDX | 石块（星之卡比 Wii 豪华版） | 石块（星之卡比 Wii） | 石块（星之卡比 三重豪华版） | 石块（星之卡比 新星同盟） | 石块（星之卡比 机器人星球）,Kirby Star Allies Stone | Kirby's Return to Dream Land Deluxe Stone | Kirby's Return to Dream Land Stone | Kirby: Planet Robobot Stone | Kirby: Triple Deluxe Stone | Stone (Kirby Star Allies) | Stone (Kirby's Return to Dream Land Deluxe) | Stone (Kirby's Return to Dream Land) | Stone (Kirby: Planet Robobot) | Stone (Kirby: Triple Deluxe) | Stone RBP | Stone STA | Stone TDX | Stone WII | Stone WIIDX | 星之卡比 Wii 石块 | 星之卡比 Wii 豪华版 石块 | 石块 RBP | 石块 STA | 石块 TDX | 石块 WII | 石块 WIIDX,ストーン(RBP) | ストーン(STA) | ストーン(TDX) | ストーン(Wii) | ストーン(WiiDX),official,bwiki-infobox | catalog-forms | catalog-profiles | shinkaku-page-names,BWIKI page: 石块; template: Infobox/复制能力；真格速查 #144；真格速查 #15；真格速查 #254；真格速查 #59；真格速查 #98,150,True,True
form:stone-bomb,form,Stone-Bomb,Stone-Bomb,,,,,unchanged,catalog-forms | catalog-profiles,,100,True,False
form:stone-cutter,form,Stone-Cutter,Stone-Cutter,,,,,unchanged,catalog-forms | catalog-profiles,,100,True,False
form:stone-ice,form,Stone-Ice,Stone-Ice,,,,,unchanged,catalog-forms | catalog-profiles,,100,True,False
form:stone-mode,form,石块模式,Stone Mode,ストーンモード,,,,project,bwiki-infobox | catalog-forms | catalog-profiles,BWIKI page: 石块模式; template: Infobox/复制能力,100,True,False
form:stone-needle,form,Stone-Needle,Stone-Needle,,,,,unchanged,catalog-forms | catalog-profiles,,100,True,False
form:stone-spark,form,Stone-Spark,Stone-Spark,,,,,unchanged,catalog-forms | catalog-profiles,,100,True,False
form:stone-stone,form,Stone-Stone,Stone-Stone,,,,,unchanged,catalog-forms | catalog-profiles,,100,True,False
form:storage-mouth,form,置物柜塞满嘴,Storage Mouth,ロッカーほおばり,,,,official,bwiki-table | catalog-forms | catalog-profiles,BWIKI vertical name table: 塞满嘴变形,100,True,False
form:storm-tornado,form,风暴龙卷风,Storm Tornado,ストームトルネイド,,,,official,bwiki-table | catalog-forms | catalog-profiles,BWIKI vertical name table: 进化能力,100,True,False
form:suplex,form,摔角手,Suplex,スープレックス,摔角手 STA | 摔角手（星之卡比 新星同盟） | 星之卡比 新星同盟 摔角手,Kirby Star Allies Suplex | Suplex (Kirby Star Allies) | Suplex STA | 摔角手 STA,スープレックス(STA),official,bwiki-infobox | catalog-forms | catalog-profiles | shinkaku-page-names,BWIKI page: 摔角手; template: Infobox/复制能力；真格速查 #142,150,True,False
form:sword-hero,form,英雄利剑,Sword Hero,ヒーローソード,,,,official,bwiki-infobox | catalog-forms | catalog-profiles,BWIKI page: 英雄利剑; template: Infobox/复制能力,100,True,False
form:sword-mode,form,利剑模式,Sword Mode,ソードモード,,,,project,bwiki-infobox | catalog-forms | catalog-profiles,BWIKI page: 利剑模式; template: Infobox/复制能力,100,True,False
form:tankbot,form,巨型坦克,Tankbot,ビッグロボ,,,,project,bwiki-infobox | catalog-forms | catalog-profiles,BWIKI page: 巨型坦克; template: Infobox/复制能力,100,True,False
form:throw,form,投擲,Throw,スロウ,,,,official,bwiki-infobox | catalog-forms | catalog-profiles,BWIKI page: 投掷; template: Infobox/复制能力,100,True,True
form:thundersplash,form,电气水弹,Thundersplash,,,,,official,catalog-forms | catalog-profiles,,100,True,False
form:time-crash,form,时间爆裂,Time Crash,タイムクラッシュ,,,,official,bwiki-table | catalog-forms | catalog-profiles,BWIKI vertical name table: 进化能力,100,True,False
form:top,form,Top,Top,,,,,unchanged,catalog-forms | catalog-profiles,,100,True,False
form:tornado,form,龙卷风,Tornado,トルネイド,星之卡比 Wii 豪华版 龙卷风 | 星之卡比 Wii 龙卷风 | 星之卡比 探索发现 龙卷风 | 龙卷风 DIS | 龙卷风 WII | 龙卷风 WIIDX | 龙卷风（星之卡比 Wii 豪华版） | 龙卷风（星之卡比 Wii） | 龙卷风（星之卡比 探索发现）,Kirby and the Forgotten Land Tornado | Kirby's Return to Dream Land Deluxe Tornado | Kirby's Return to Dream Land Tornado | Tornado (Kirby and the Forgotten Land) | Tornado (Kirby's Return to Dream Land Deluxe) | Tornado (Kirby's Return to Dream Land) | Tornado DIS | Tornado WII | Tornado WIIDX | 星之卡比 Wii 豪华版 龙卷风 | 星之卡比 Wii 龙卷风 | 龙卷风 DIS | 龙卷风 WII | 龙卷风 WIIDX,トルネイド(Dis) | トルネイド(Wii) | トルネイド(WiiDX),official,bwiki-infobox | catalog-forms | catalog-profiles | shinkaku-page-names,BWIKI page: 龙卷风; template: Infobox/复制能力；真格速查 #19；真格速查 #211；真格速查 #258,150,True,True
form:toy-hammer,form,哔哔锤子,Toy Hammer,ピコピコハンマー,,,,official,bwiki-table | catalog-forms | catalog-profiles,BWIKI vertical name table: 进化能力,100,True,False
form:train,form,蒸汽机车,Train,エスエル,,,,project,bwiki-infobox | catalog-forms | catalog-profiles,BWIKI page: 蒸汽机车; template: Infobox/复制能力,100,True,False
form:triple-star,form,Triple Star,Triple Star,トリプルスター,,,,unchanged,bwiki-infobox | catalog-forms | catalog-profiles,BWIKI page: 三星法杖; template: Infobox/复制能力,100,True,False
form:twin-drill,form,双重钻击,Twin Drill,ツインズドリル,,,,official,bwiki-table | catalog-forms | catalog-profiles,BWIKI vertical name table: 进化能力,100,True,False
form:ultra-sword,form,究极剑士,Ultra Sword,ウルトラソード,,,,official,bwiki-infobox | catalog-forms | catalog-profiles,BWIKI page: 究极剑士; template: Infobox/复制能力,100,True,False
form:vending-mouth,form,自动贩卖机塞满嘴,Vending Mouth,じはんきほおばり,,,,official,bwiki-table | catalog-forms | catalog-profiles,BWIKI vertical name table: 塞满嘴变形,100,True,False
form:volcano-fire,form,火山烈火,Volcano Fire,ボルケーノファイア,,,,official,bwiki-table | catalog-forms | catalog-profiles,BWIKI vertical name table: 进化能力,100,True,False
form:water,form,清水,Water,ウォーター,星之卡比 Wii 清水 | 星之卡比 Wii 豪华版 清水 | 星之卡比 新星同盟 清水 | 清水 STA | 清水 WII | 清水 WIIDX | 清水（星之卡比 Wii 豪华版） | 清水（星之卡比 Wii） | 清水（星之卡比 新星同盟）,Kirby Star Allies Water | Kirby's Return to Dream Land Deluxe Water | Kirby's Return to Dream Land Water | Water (Kirby Star Allies) | Water (Kirby's Return to Dream Land Deluxe) | Water (Kirby's Return to Dream Land) | Water STA | Water WII | Water WIIDX | 星之卡比 Wii 清水 | 星之卡比 Wii 豪华版 清水 | 清水 STA | 清水 WII | 清水 WIIDX,ウォーター(STA) | ウォーター(Wii) | ウォーター(WiiDX),official,bwiki-infobox | catalog-forms | catalog-profiles | shinkaku-page-names,BWIKI page: 清水; template: Infobox/复制能力；真格速查 #13；真格速查 #138；真格速查 #251,150,True,True
form:water-balloon-mouth,form,水球塞满嘴,Water-Balloon Mouth,みずふうせんほおほおばり,,,,official,bwiki-table | catalog-forms | catalog-profiles,BWIKI vertical name table: 塞满嘴变形,100,True,False
form:wheel,form,车轮,Wheel,ホイール,星之卡比 三重豪华版 车轮 | 星之卡比 机器人星球 车轮 | 车轮 RBP | 车轮 TDX | 车轮（星之卡比 三重豪华版） | 车轮（星之卡比 机器人星球）,Kirby: Planet Robobot Wheel | Kirby: Triple Deluxe Wheel | Wheel (Kirby: Planet Robobot) | Wheel (Kirby: Triple Deluxe) | Wheel RBP | Wheel TDX | 车轮 RBP | 车轮 TDX,ホイール(RBP) | ホイール(TDX),official,bwiki-infobox | catalog-forms | catalog-profiles | shinkaku-page-names,BWIKI page: 车轮; template: Infobox/复制能力；真格速查 #110；真格速查 #73,150,True,True
form:wheel-mode,form,车轮模式,Wheel Mode,ホイールモード,,,,official,bwiki-infobox | catalog-forms | catalog-profiles,BWIKI page: 车轮模式; template: Infobox/复制能力,100,True,False
form:wheelie-rider,form,特技轮骑士,Wheelie Rider,ウィリーライダー,,,,official,bwiki-infobox | catalog-forms | catalog-profiles,BWIKI page: 特技轮骑士; template: Infobox/复制能力,100,True,False
form:whip,form,鞭子,Whip,ウィップ,星之卡比 Wii 豪华版 鞭子 | 星之卡比 Wii 鞭子 | 星之卡比 三重豪华版 鞭子 | 星之卡比 新星同盟 鞭子 | 星之卡比 机器人星球 鞭子 | 鞭子 RBP | 鞭子 STA | 鞭子 TDX | 鞭子 WII | 鞭子 WIIDX | 鞭子（星之卡比 Wii 豪华版） | 鞭子（星之卡比 Wii） | 鞭子（星之卡比 三重豪华版） | 鞭子（星之卡比 新星同盟） | 鞭子（星之卡比 机器人星球）,Kirby Star Allies Whip | Kirby's Return to Dream Land Deluxe Whip | Kirby's Return to Dream Land Whip | Kirby: Planet Robobot Whip | Kirby: Triple Deluxe Whip | Whip (Kirby Star Allies) | Whip (Kirby's Return to Dream Land Deluxe) | Whip (Kirby's Return to Dream Land) | Whip (Kirby: Planet Robobot) | Whip (Kirby: Triple Deluxe) | Whip RBP | Whip STA | Whip TDX | Whip WII | Whip WIIDX | 星之卡比 Wii 豪华版 鞭子 | 星之卡比 Wii 鞭子 | 鞭子 RBP | 鞭子 STA | 鞭子 TDX | 鞭子 WII | 鞭子 WIIDX,ウィップ(RBP) | ウィップ(STA) | ウィップ(TDX) | ウィップ(Wii) | ウィップ(WiiDX),official,bwiki-infobox | catalog-forms | catalog-profiles | shinkaku-page-names,BWIKI page: 鞭子; template: Infobox/复制能力；真格速查 #11；真格速查 #136；真格速查 #249；真格速查 #55；真格速查 #93,150,True,True
form:wild-hammer,form,狂野锤子,Wild Hammer,ワイルドハンマー,,,,official,bwiki-table | catalog-forms | catalog-profiles,BWIKI vertical name table: 进化能力,100,True,False
form:wing,form,风羽,Wing,ウィング,星之卡比 Wii 豪华版 风羽 | 星之卡比 Wii 风羽 | 星之卡比 三重豪华版 风羽 | 星之卡比 新星同盟 风羽 | 风羽 STA | 风羽 TDX | 风羽 WII | 风羽 WIIDX | 风羽（星之卡比 Wii 豪华版） | 风羽（星之卡比 Wii） | 风羽（星之卡比 三重豪华版） | 风羽（星之卡比 新星同盟）,Kirby Star Allies Wing | Kirby's Return to Dream Land Deluxe Wing | Kirby's Return to Dream Land Wing | Kirby: Triple Deluxe Wing | Wing (Kirby Star Allies) | Wing (Kirby's Return to Dream Land Deluxe) | Wing (Kirby's Return to Dream Land) | Wing (Kirby: Triple Deluxe) | Wing STA | Wing TDX | Wing WII | Wing WIIDX | 星之卡比 Wii 豪华版 风羽 | 星之卡比 Wii 风羽 | 风羽 STA | 风羽 TDX | 风羽 WII | 风羽 WIIDX,ウィング(STA) | ウィング(TDX) | ウィング(Wii) | ウィング(WiiDX),official,bwiki-infobox | catalog-forms | catalog-profiles | shinkaku-page-names,BWIKI page: 风羽; template: Infobox/复制能力；真格速查 #12；真格速查 #137；真格速查 #250；真格速查 #56,150,True,True
form:wire,form,金属丝,Wire,電源コード,,Wire (ravel ability),ハリガネ,project,bwiki-infobox | bwiki-table | catalog-forms | catalog-profiles,BWIKI page: 插头; template: Infobox/道具；BWIKI vertical name table: 裁缝能力,100,True,False
form:wrestler,form,蒙面摔角手,Wrestler,レスラー,,,,official,bwiki-infobox | catalog-forms | catalog-profiles,BWIKI page: 蒙面摔角手; template: Infobox/复制能力,100,True,True
form:yo-yo,form,溜溜球,Yo-Yo,ヨーヨー,星之卡比 新星同盟 溜溜球 | 溜溜球 STA | 溜溜球（星之卡比 新星同盟）,Kirby Star Allies Yo-Yo | Yo-Yo (Kirby Star Allies) | Yo-Yo STA | 溜溜球 STA,ヨーヨー(STA),official,bwiki-infobox | catalog-forms | catalog-profiles | shinkaku-page-names,BWIKI page: 溜溜球; template: Infobox/复制能力；真格速查 #156,150,True,True
form:zap-splasher,form,冲击电波,Zap Splasher,,,,,official,catalog-forms | catalog-profiles,,100,True,False
location:dream-land,location,噗噗噗之国,Dream Land,プププランド,Dream Land,,,official_reused,bwiki-infobox | curated-official-notes,BWIKI page: 噗噗噗之国; template: Infobox/关卡；星之卡比官方资料.md / 地点与世界观词条,120,True,False
location:mirror-world,location,镜之国,Mirror World,鏡の国,镜之国 / 镜世界,,,official_reused,bwiki-infobox | curated-official-notes,BWIKI page: 镜之国; template: Infobox/关卡；星之卡比官方资料.md / 地点与世界观词条,120,True,False
location:new-world,location,新世界,New World,新世界,,,,project,curated-official-notes,星之卡比官方资料.md / 地点与世界观词条,120,True,False
location:planet-popstar,location,波普之星,Planet Popstar,ポップスター,,,ポップスター (BGM),official_reused,bwiki-infobox | curated-official-notes,BWIKI page: 波普之星(BGM); template: Infobox/音乐；BWIKI page: 波普之星; template: Infobox/关卡；星之卡比官方资料.md / 地点与世界观词条,120,True,False
mode:air-ride-celestial-valley,mode,Air Ride: Celestial Valley,Air Ride: Celestial Valley,エアライド：ヴァレリオン,,,,unchanged,bwiki-infobox,BWIKI page: 驭天飞行模式：溪涧山谷; template: Infobox/音乐,100,True,False
mode:air-ride-checker-knights,mode,Air Ride: Checker Knights,Air Ride: Checker Knights,強いぞ星の戦士,,,,unchanged,bwiki-infobox,BWIKI page: 驭天飞行模式：棋盘骑士; template: Infobox/音乐,100,True,False
mode:air-ride-fantasy-meadows,mode,Air Ride: Fantasy Meadows,Air Ride: Fantasy Meadows,エアライド：プランテス,,,,unchanged,bwiki-infobox,BWIKI page: 驭天飞行模式：巨木绿野; template: Infobox/音乐,100,True,False
mode:air-ride-frozen-hillside,mode,Air Ride: Frozen Hillside,Air Ride: Frozen Hillside,エアライド：コルダ,,,,unchanged,bwiki-infobox,BWIKI page: 驭天飞行模式：冰封天地; template: Infobox/音乐,100,True,False
mode:air-ride-magma-flows,mode,Air Ride: Magma Flows,Air Ride: Magma Flows,エアライド：マグヒート,,,,unchanged,bwiki-infobox,BWIKI page: 驭天飞行模式：滚滚熔岩; template: Infobox/音乐,100,True,False
mode:air-ride-sky-sands,mode,Air Ride: Sky Sands,Air Ride: Sky Sands,エアライド：サンドーラ,,,,unchanged,bwiki-infobox,BWIKI page: 驭天飞行模式：流沙荒漠; template: Infobox/音乐,100,True,False
mode:database,mode,数据库,Database,データベース,数据库 WII | 数据库 WIIDX | 数据库（星之卡比 Wii 豪华版） | 数据库（星之卡比 Wii） | 星之卡比 Wii 数据库 | 星之卡比 Wii 豪华版 数据库,Database (Kirby's Return to Dream Land Deluxe) | Database (Kirby's Return to Dream Land) | Database WII | Database WIIDX | Kirby's Return to Dream Land Database | Kirby's Return to Dream Land Deluxe Database | 数据库 WII | 数据库 WIIDX | 星之卡比 Wii 数据库 | 星之卡比 Wii 豪华版 数据库,データベース(Wii) | データベース(WiiDX),project,shinkaku-page-names,真格速查 #245；真格速查 #8,150,True,False
mode:fastest-route-with-items,mode,最速路线（使用道具）,Fastest Route (with items),最速チャート(アイテムあり),星之卡比 探索发现 最速路线（使用道具） | 最速路线（使用道具） DIS | 最速路线（使用道具）（星之卡比 探索发现）,Fastest Route (with items) (Kirby and the Forgotten Land) | Fastest Route (with items) DIS | Kirby and the Forgotten Land Fastest Route (with items) | 最速路线（使用道具） DIS,最速チャート(Dis),project,shinkaku-page-names,真格速查 #205,150,True,False
mode:fastest-route-without-items,mode,最速路线（不使用道具）,Fastest Route (without items),最速チャート(アイテムなし),星之卡比 探索发现 最速路线（不使用道具） | 最速路线（不使用道具） DIS | 最速路线（不使用道具）（星之卡比 探索发现）,Fastest Route (without items) (Kirby and the Forgotten Land) | Fastest Route (without items) DIS | Kirby and the Forgotten Land Fastest Route (without items) | 最速路线（不使用道具） DIS,最速チャート2(Dis),project,shinkaku-page-names,真格速查 #204,150,True,False
mode:game-mechanics,mode,游戏机制,Game Mechanics,仕様,星之卡比 Wii 游戏机制 | 星之卡比 Wii 豪华版 游戏机制 | 星之卡比 三重豪华版 游戏机制 | 星之卡比 探索发现 游戏机制 | 星之卡比 新星同盟 游戏机制 | 星之卡比 机器人星球 游戏机制 | 游戏机制 DIS | 游戏机制 RBP | 游戏机制 STA | 游戏机制 TDX | 游戏机制 WII | 游戏机制 WIIDX | 游戏机制（星之卡比 Wii 豪华版） | 游戏机制（星之卡比 Wii） | 游戏机制（星之卡比 三重豪华版） | 游戏机制（星之卡比 探索发现） | 游戏机制（星之卡比 新星同盟） | 游戏机制（星之卡比 机器人星球）,Game Mechanics (Kirby and the Forgotten Land) | Game Mechanics (Kirby Star Allies) | Game Mechanics (Kirby's Return to Dream Land Deluxe) | Game Mechanics (Kirby's Return to Dream Land) | Game Mechanics (Kirby: Planet Robobot) | Game Mechanics (Kirby: Triple Deluxe) | Game Mechanics DIS | Game Mechanics RBP | Game Mechanics STA | Game Mechanics TDX | Game Mechanics WII | Game Mechanics WIIDX | Kirby and the Forgotten Land Game Mechanics | Kirby Star Allies Game Mechanics | Kirby's Return to Dream Land Deluxe Game Mechanics | Kirby's Return to Dream Land Game Mechanics | Kirby: Planet Robobot Game Mechanics | Kirby: Triple Deluxe Game Mechanics | 星之卡比 Wii 游戏机制 | 星之卡比 Wii 豪华版 游戏机制 | 游戏机制 DIS | 游戏机制 RBP | 游戏机制 STA | 游戏机制 TDX | 游戏机制 WII | 游戏机制 WIIDX,仕様(Dis) | 仕様(RBP) | 仕様(STA) | 仕様(TDX) | 仕様(Wii) | 仕様(WiiDX),project,shinkaku-page-names,真格速查 #129；真格速查 #201；真格速查 #243；真格速查 #50；真格速查 #6；真格速查 #88,150,True,False
mode:glossary-and-techniques,mode,术语与技巧,Glossary and Techniques,用語集,星之卡比 Wii / 星之卡比 Wii 豪华版 术语与技巧 | 星之卡比 三重豪华版 术语与技巧 | 星之卡比 探索发现 术语与技巧 | 星之卡比 新星同盟 术语与技巧 | 星之卡比 机器人星球 术语与技巧 | 术语与技巧 DIS | 术语与技巧 RBP | 术语与技巧 STA | 术语与技巧 TDX | 术语与技巧 WII_WIIDX | 术语与技巧（星之卡比 Wii / 星之卡比 Wii 豪华版） | 术语与技巧（星之卡比 三重豪华版） | 术语与技巧（星之卡比 探索发现） | 术语与技巧（星之卡比 新星同盟） | 术语与技巧（星之卡比 机器人星球）,Glossary and Techniques (Kirby and the Forgotten Land) | Glossary and Techniques (Kirby Star Allies) | Glossary and Techniques (Kirby's Return to Dream Land / Kirby's Return to Dream Land Deluxe) | Glossary and Techniques (Kirby: Planet Robobot) | Glossary and Techniques (Kirby: Triple Deluxe) | Glossary and Techniques DIS | Glossary and Techniques RBP | Glossary and Techniques STA | Glossary and Techniques TDX | Glossary and Techniques WII_WIIDX | Kirby and the Forgotten Land Glossary and Techniques | Kirby Star Allies Glossary and Techniques | Kirby's Return to Dream Land / Kirby's Return to Dream Land Deluxe Glossary and Techniques | Kirby: Planet Robobot Glossary and Techniques | Kirby: Triple Deluxe Glossary and Techniques | 星之卡比 Wii / 星之卡比 Wii 豪华版 术语与技巧 | 术语与技巧 DIS | 术语与技巧 RBP | 术语与技巧 STA | 术语与技巧 TDX | 术语与技巧 WII_WIIDX,用語集・テクニック(Dis) | 用語集・テクニック(RBP) | 用語集・テクニック(STA) | 用語集・テクニック(TDX) | 用語集・テクニック(Wii・WiiDX),project,shinkaku-page-names,真格速查 #130；真格速查 #202；真格速查 #49；真格速查 #51；真格速查 #89,150,True,False
mode:time-attack-challenges,mode,计时挑战课题,Time Attack Challenges,課題,计时挑战课题 MISC | 附加内容 计时挑战课题,Miscellaneous Time Attack Challenges | Time Attack Challenges MISC | 计时挑战课题 MISC,タイムアタッカーへの課題,project,shinkaku-page-names,真格速查 #296,150,True,False
special:02-battle,special,02 Battle,02 Battle,VS.ゼロ・ツー,,,,unchanged,bwiki-infobox,BWIKI page: Vs.零二; template: Infobox/音乐,100,True,False
special:230e832b08692e10,special,魔法袜子,,まほうのくつした,,,,official_reused,bwiki-infobox,BWIKI page: 道具（毛线卡比/毛线卡比+）; template: 道具,100,True,False
special:3d-classics-kirby-sadventure,special,3D经典：星之卡比 梦之泉物语,3D Classics：Kirby'sAdventure,3Dクラシックス 星のカービィ 夢の泉の物語,,,,official_reused,bwiki-table,BWIKI table: 星之卡比系列,100,True,False
special:3d-helmet-cannon,special,3D炮弹帽,3D Helmet Cannon,3Dヘルメットキャノン,,,,official_reused,bwiki-infobox,BWIKI page: 星之卡比 三重豪华/道具; template: 道具,100,True,False
special:3d-laser-bar,special,3D激光枪,3D Laser Bar,3Dスパークバー,,,,project,bwiki-infobox,BWIKI page: 3D激光枪; template: Infobox/道具,100,True,False
special:3d-tilt-missile,special,3D倾斜导弹,3D Tilt Missile,3Dかたむきミサイル,,,,official_reused,bwiki-infobox,BWIKI page: 星之卡比 三重豪华/道具; template: 道具,100,True,False
special:3d-warp-star,special,3D传送之星,3D Warp Star,3Dワープスター,,,,official_reused,bwiki-infobox,BWIKI page: 3D传送之星; template: Infobox/道具,100,True,False
special:68882febc8b0f48f,special,破坏方块,,こわせるブロック,,,,official_reused,bwiki-infobox,BWIKI page: 方块; template: 道具,100,True,False
special:a-trip-to-alivel-mall,special,一起去阿莱布尔购物中心吧,A Trip to Alivel Mall,行こうよアライブルモール,一起去阿布莱尔购物中心吧,,,official_reused,bwiki-infobox,BWIKI page: 一起去阿布莱尔购物中心吧(BGM); template: Infobox/音乐；BWIKI page: 一起去阿莱布尔购物中心吧; template: Infobox/关卡,100,True,False
special:abandoned-beach,special,游泳吧！广阔海滩,Abandoned Beach,泳げ! ひろびろビーチ,,,,official_reused,bwiki-infobox,BWIKI page: 游泳吧！广阔海滩; template: Infobox/关卡,100,True,False
special:ability-bubble,special,能力泡泡,Ability bubble,,,,,official_reused,bwiki-infobox,BWIKI page: 星之卡比 怪盗洛切团登场！/道具; template: 道具,100,True,False
special:ability-scroll,special,技能卷轴,Ability Scroll,ワザのまきもの,,,,official_reused,bwiki-infobox,BWIKI page: 技能卷轴; template: Infobox/道具；BWIKI page: 星之卡比 怪盗洛切团登场！/道具; template: 道具,100,True,False
special:ability-star,special,能力之星,Ability Star,,,,,official_reused,bwiki-infobox,BWIKI page: 星星; template: 道具,100,True,False
special:access-ark,special,领袖逻辑门,Access Ark,アクシス アークス,,,,project,bwiki-infobox,BWIKI page: 领袖逻辑门; template: Infobox/关卡,100,True,False
special:action-star,special,事件星,Action Star,ハプニングスター,,,,official_reused,bwiki-infobox,BWIKI page: 事件星; template: Infobox/道具,100,True,False
special:adventurer-gift-codex,special,Adventurer-Gift Codex,Adventurer-Gift Codex,たびびとおみやげの書,,,,unchanged,bwiki-infobox,BWIKI page: 旅人土产之书; template: Infobox/道具,100,True,False
special:aerogree-dimension,special,Aerogree Dimension,Aerogree Dimension,異空のエアグリーフ,,,,unchanged,bwiki-infobox,BWIKI page: 异空间的安详绿原; template: Infobox/关卡,100,True,False
special:air-ride-machine,special,赛道飞行机 / 驭天机器,Air Ride Machine,エアライドマシン,,,,project,curated-official-notes,星之卡比官方资料.md / 核心玩法词条,120,True,False
special:airtopia-ruins,special,Airtopia Ruins,Airtopia Ruins,エアトピア,,,,unchanged,bwiki-infobox,BWIKI page: 浮空废墟; template: Infobox/关卡,100,True,False
special:alivel-mall-staff-side,special,秘·阿莱布尔购物中心,Alivel Mall (Staff Side),うら・アライブルモール,,,,official_reused,bwiki-infobox,BWIKI page: 秘·阿莱布尔购物中心; template: Infobox/关卡,100,True,False
special:alternate-dimension,special,Alternate Dimension,Alternate Dimension,アナザーディメンション,,,,unchanged,bwiki-infobox,BWIKI page: 异次元空间; template: Infobox/关卡,100,True,False
special:an-unexpected-beast-king,special,意想不到的野兽王,An Unexpected Beast King,まさかのビーストキング,,,,official_reused,bwiki-infobox,BWIKI page: 意想不到的野兽王; template: Infobox/关卡,100,True,False
special:another-dimension,special,Another Dimension,Another Dimension,ザ ラストバトル イン アナザーディメンション,,,,unchanged,bwiki-infobox,BWIKI page: 异次元空间之最终决战; template: Infobox/关卡,100,True,False
special:apple-scramble,special,Apple Scramble,Apple Scramble,あつめて! リンゴマッチ,,,,unchanged,bwiki-infobox,BWIKI page: 齐心协力！苹果争夺战; template: Infobox/关卡,100,True,False
special:apricot-atrium,special,Apricot Atrium,Apricot Atrium,アプリコット アパート,,Last Land,,unchanged,bwiki-infobox,BWIKI page: 最终之地; template: Infobox/关卡；BWIKI page: 杏色中庭; template: Infobox/关卡,100,True,False
special:aqua-star,special,涌动之星,Aqua Star,ウルルンスター,,,,project,bwiki-infobox,BWIKI page: 涌动之星; template: Infobox/关卡,100,True,False
special:arange-gorge,special,Arange Gorge,Arange Gorge,アロンジバレー,,,,unchanged,bwiki-infobox,BWIKI page: 阿朗格峡谷; template: Infobox/关卡,100,True,False
special:area-patch,special,关卡徽章,Area Patch,ステージワッペン,,,,official_reused,bwiki-infobox,BWIKI page: 关卡徽章; template: Infobox/道具,100,True,False
special:arena-showdown,special,Arena Showdown,Arena Showdown,コロシアムの戦い,,,,unchanged,bwiki-infobox,BWIKI page: 竞技场之战; template: Infobox/音乐,100,True,False
special:assist-star,special,辅助星,Assist Star,アシストスター,,,,official_reused,bwiki-infobox,BWIKI page: 星星; template: 道具,100,True,False
special:attack-boost,special,攻击提升,Attack Boost,アタックアップ,,,,official_reused,bwiki-infobox,BWIKI page: 道具（探索发现）; template: 道具,100,True,False
special:attack-masked-hammer-trial,special,Attack! Masked Hammer Trial,Attack! Masked Hammer Trial,たたかえ!マスクドハンマーのしれん,,,,unchanged,bwiki-infobox,BWIKI page: 战斗吧！蒙面锤子的试炼; template: Infobox/关卡,100,True,False
special:attack-potion,special,Attack Potion,Attack Potion,こうげきのクスリ,,,,unchanged,bwiki-infobox,BWIKI page: 攻击药; template: Infobox/道具,100,True,False
special:attack-riders,special,Attack Riders,Attack Riders,アタックライダーズ,,,,unchanged,bwiki-infobox,BWIKI page: 进击战车; template: Infobox/关卡,100,True,False
special:backbeat-cymbal,special,锣,Backbeat cymbal,うらうちシンバル,,,,official_reused,bwiki-infobox,BWIKI page: 装置（帝帝帝大王的帝帝帝跃动Z）; template: 道具,100,True,False
special:battleship-halberd,special,战舰神戟 (关卡),Battleship Halberd,せんかんハルバード,,,,project,bwiki-infobox,BWIKI page: 战舰神戟 (关卡); template: Infobox/关卡,100,True,False
special:baumkuchen,special,Baumkuchen,Baumkuchen,バウムクーヘン,,,,unchanged,bwiki-infobox,BWIKI page: 年轮蛋糕; template: Infobox/关卡,100,True,False
special:bbq,special,BBQ,BBQ,バーベキュー,,,,unchanged,bwiki-infobox,BWIKI page: 烧烤; template: Infobox/关卡,100,True,False
special:bead,special,珠子,Bead,ビーズ,,,,project,bwiki-infobox,BWIKI page: 珠子; template: Infobox/道具,100,True,False
special:beam-mage-codex,special,Beam Mage Codex,Beam Mage Codex,マジックビームの書,,,,unchanged,bwiki-infobox,BWIKI page: 魔法光束之书; template: Infobox/道具,100,True,False
special:beanstalk-park,special,Beanstalk Park,Beanstalk Park,アイルーン,,,,unchanged,bwiki-infobox,BWIKI page: 空中藤蔓; template: Infobox/关卡,100,True,False
special:beautiful-prison,special,Beautiful Prison,Beautiful Prison,美の監獄,,,,unchanged,bwiki-infobox,BWIKI page: 美之监狱; template: Infobox/音乐,100,True,False
special:big-bean-vine,special,Big-Bean Vine,Big-Bean Vine,おおきなまめのき,,,,unchanged,bwiki-infobox,BWIKI page: 大豆巨藤; template: Infobox/关卡,100,True,False
special:big-brawny-jungle,special,宏伟丛林,Big Brawny Jungle,メキメキジャングル,,,,official_reused,bwiki-infobox,BWIKI page: 宏伟丛林; template: Infobox/关卡,100,True,False
special:big-forest,special,大森林,Big Forest,ビッグフォレスト,,,,project,bwiki-infobox,BWIKI page: 大森林(BGM); template: Infobox/音乐；BWIKI page: 大森林; template: Infobox/关卡,100,True,False
special:big-switch,special,大开关,Big Switch,スイッチ,,Switch,,official_reused,bwiki-infobox,BWIKI page: 大开关; template: Infobox/道具；BWIKI page: 开关; template: Infobox/道具,100,True,False
special:blindfold-banner,special,障眼旗,Blindfold Banner,めかくしフラッグ,,,,official_reused,bwiki-infobox,BWIKI page: 装置（帝帝帝大王的帝帝帝跃动Z）; template: 道具,100,True,False
special:blizzno-moon,special,Blizzno Moon,Blizzno Moon,小惑星フュー,,,,unchanged,bwiki-infobox,BWIKI page: 寒冬小行星; template: Infobox/关卡,100,True,False
special:bloo-hills,special,Bloo Hills,Bloo Hills,ブエルヒルズ,,,,unchanged,bwiki-infobox,BWIKI page: 布洛山; template: Infobox/关卡,100,True,False
special:blub-blub-ocean,special,Blub-Blub Ocean,Blub-Blub Ocean,ブクブクのうみ,,,,unchanged,bwiki-infobox,BWIKI page: 泡泡海洋; template: Infobox/关卡,100,True,False
special:blue-box,special,蓝色货柜,Blue Box,青コンテナ,蓝货箱,,,official_reused,bwiki-infobox,BWIKI page: 蓝货箱; template: Infobox/道具；BWIKI page: 道具（驭天飞行/驭天飞行者）; template: 道具,100,True,False
special:blue-sky-palace,special,蓝天宫殿,Blue Sky Palace,ブルー スカイパレス,,,,project,bwiki-infobox,BWIKI page: 蓝天宫殿; template: Infobox/关卡,100,True,False
special:blue-star,special,蓝星,Blue Star,ブルースター,,,,official_reused,bwiki-infobox,BWIKI page: 道具（滚滚卡比）; template: 道具,100,True,False
special:blueprint,special,设计图,Blueprint,せっけい図,,,,official_reused,bwiki-infobox,BWIKI page: 道具（探索发现）; template: 道具,100,True,False
special:boarding-the-halberd,special,Boarding the Halberd,Boarding the Halberd,戦艦ハルバード：甲板,,,,unchanged,bwiki-infobox,BWIKI page: 战舰神戟：甲板; template: Infobox/音乐,100,True,False
special:boiler-boulevard,special,锅炉之路,Boiler Boulevard,ボイラー通り,,,,official_reused,bwiki-infobox,BWIKI page: 锅炉之路; template: Infobox/关卡,100,True,False
special:bomb-block,special,炸弹方块,Bomb Block,爆弾ブロック,,,,official_reused,bwiki-infobox,BWIKI page: 方块; template: 道具；BWIKI page: 炸弹方块; template: Infobox/道具,100,True,False
special:bone-dry-run,special,烈日荒野,Bone-Dry Run,日照りの荒野,,,,official_reused,bwiki-infobox,BWIKI page: 烈日荒野; template: Infobox/关卡,100,True,False
special:boom-boatyard,special,Boom Boatyard,Boom Boatyard,ドッカンせんだん,,,,unchanged,bwiki-infobox,BWIKI page: 爆炸舰队; template: Infobox/关卡,100,True,False
special:boost-orb,special,Boost Orb,Boost Orb,ブーストオーブ,,,,unchanged,bwiki-infobox,BWIKI page: 增益球; template: Infobox/道具,100,True,False
special:boost-pad,special,冲刺区域,Boost Pad,ダッシュパネル,,,,official_reused,bwiki-infobox,BWIKI page: 道具（驭天飞行/驭天飞行者）; template: 道具,100,True,False
special:boss-battle-badge,special,胜利徽章,Boss Battle Badge,ボスバトルのあかし,,,,official_reused,bwiki-infobox,BWIKI page: 星之卡比 怪盗洛切团登场！/道具; template: 道具；BWIKI page: 胜利徽章; template: Infobox/道具,100,True,False
special:breakable-drum,special,破损的鼓,Breakable drum,こわれるドラム,,,,official_reused,bwiki-infobox,BWIKI page: 装置（帝帝帝大王的帝帝帝跃动Z）; template: 道具,100,True,False
special:bubbly-clouds,special,泡泡云层,Bubbly Clouds,バブリークラウズ,,,,official_reused,bwiki-infobox,BWIKI page: BUBBLY CLOUDS; template: Infobox/音乐；BWIKI page: 泡泡云层; template: Infobox/关卡,100,True,False
special:buddy-star-blaster,special,搭档发射之星,Buddy Star Blaster,バディシューティングスター,,,,official_reused,bwiki-infobox,BWIKI page: 道具（卡比群星战Z）; template: 道具,100,True,False
special:bumper,special,弹板球,Bumper,バンパー,,,,official_reused,bwiki-infobox,BWIKI page: 装置（帝帝帝大王的帝帝帝跃动Z）; template: 道具,100,True,False
special:burn-over-the-belts-conveyor-dash,special,Burn over the Belts! Conveyor Dash,Burn over the Belts! Conveyor Dash,たたかえ!ハンマーのしれん,,,ぎゃく走!コンベアダッシュ,unchanged,bwiki-infobox,BWIKI page: 战斗吧！锤子的试炼; template: Infobox/关卡；BWIKI page: 逆向奔驰！传送带冲刺; template: Infobox/关卡,100,True,False
special:burning-churning-power-plant,special,资源能量工厂,"Burning, Churning Power Plant",資源エネルギープラント,,,,official_reused,bwiki-infobox,BWIKI page: 资源能量工厂; template: Infobox/关卡,100,True,False
special:burst-and-rise-a-path-full-of-pipes,special,攻击！满满水管路,Burst and Rise! A Path Full of Pipes,アタック! パイプだらけロード,,,,official_reused,bwiki-infobox,BWIKI page: 攻击！满满水管路; template: Infobox/关卡,100,True,False
special:butter-building,special,奶油建筑物,Butter Building,バタービルディング (BGM),,,バタービルディング,official_reused,bwiki-infobox,BWIKI page: 奶油建筑物; template: Infobox/关卡；BWIKI page: 黄油大厦(BGM); template: Infobox/音乐,100,True,False
special:cabbage-cavern,special,Cabbage Cavern,Cabbage Cavern,キャベッジキャバーン,,,,unchanged,bwiki-infobox,BWIKI page: 卷心菜洞穴; template: Infobox/关卡,100,True,False
special:candle,special,蜡烛,Candle,ロウソク,,,,official_reused,bwiki-infobox,BWIKI page: 星之卡比 Wii/道具; template: 道具,100,True,False
special:candy-constellation,special,Candy Constellation,Candy Constellation,キャンディコンストレイション,,,,unchanged,bwiki-infobox,BWIKI page: 糖果星宿; template: Infobox/关卡,100,True,False
special:candy-mountain,special,糖果山脉,Candy Mountain,キャンディ山,,,,project,bwiki-infobox,BWIKI page: 糖果山脉(BGM); template: Infobox/音乐；BWIKI page: 糖果山脉; template: Infobox/关卡,100,True,False
special:carrot-castle,special,Carrot Castle,Carrot Castle,キャロットキャッスル,,,,unchanged,bwiki-infobox,BWIKI page: 胡萝卜城堡; template: Infobox/关卡,100,True,False
special:carry-battery,special,电池,Carry Battery,キャリーバッテリー,,Battery,,official_reused,bwiki-infobox,BWIKI page: 星之卡比 机器博博星球/道具; template: 道具；BWIKI page: 星之卡比 镜之大迷宫/道具; template: 道具；BWIKI page: 电池; template: Infobox/道具,100,True,False
special:cask,special,桶,Cask,タル,木箱,,,official_reused,bwiki-infobox,BWIKI page: 隐藏道具类; template: 道具,100,True,False
special:cast-a-line-chain-bomb-trial,special,Cast a Line! Chain Bomb Trial,Cast a Line! Chain Bomb Trial,たたかえ!チェインボムのしれん,,,,unchanged,bwiki-infobox,BWIKI page: 战斗吧！连锁炸弹的试炼; template: Infobox/关卡,100,True,False
special:castle-dedede,special,帝帝帝的城堡,Castle Dedede,デデデじょう,,,,official_reused,bwiki-infobox,BWIKI page: 帝帝帝的城堡（毛线卡比）; template: Infobox/关卡,100,True,False
special:castle-lololo,special,箩箩箩的城堡,Castle Lololo,キャッスルロロロ,,,,official_reused,bwiki-infobox,BWIKI page: CASTLE LOLOLO; template: Infobox/音乐；BWIKI page: 箩箩箩的城堡; template: Infobox/关卡,100,True,False
special:cave-planet-cavius,special,洞穴之星 凯欧斯,Cave Planet CAVIUS,洞穴の星 ケビオス,,,,project,bwiki-infobox,BWIKI page: 洞穴之星 凯欧斯; template: Infobox/关卡,100,True,False
special:cavernous-corners,special,Cavernous Corners,Cavernous Corners,ケイビオン,,,,unchanged,bwiki-infobox,BWIKI page: 千变洞窟; template: Infobox/关卡,100,True,False
special:celestial-valley,special,Celestial Valley,Celestial Valley,ヴァレリオン,,,,unchanged,bwiki-infobox,BWIKI page: 溪涧山谷; template: Infobox/关卡,100,True,False
special:cell-phone,special,便携通信机,Cell Phone,,,,,official_reused,bwiki-infobox,BWIKI page: 星之卡比 镜之大迷宫/道具; template: 道具,100,True,False
special:central-circle,special,Central Circle,Central Circle,セントラルサークル,,,,unchanged,bwiki-infobox,BWIKI page: 中心广场; template: Infobox/关卡,100,True,False
special:chao-goku,special,查奥&悟空,Chao & Goku,ちゃお&ごくう,,,,official_reused,bwiki-table,BWIKI vertical name table: 需要帮助的NPC（星之卡比3）,100,True,False
special:checker-knights,special,Checker Knights,Checker Knights,チェックナイト,,,,unchanged,bwiki-infobox,BWIKI page: 棋盘骑士; template: Infobox/关卡,100,True,False
special:cheer-pom-poms,special,啦啦彩球,Cheer Pom-Poms,おうえんポンポン,,,,official_reused,bwiki-infobox,BWIKI page: 道具（卡比群星战Z）; template: 道具,100,True,False
special:circuit-speedway,special,赛道GO！,Circuit Speedway,サーキットでGO!,,,,official_reused,bwiki-infobox,BWIKI page: 赛道GO！; template: Infobox/关卡,100,True,False
special:city-trial-city,special,城市竞赛：城市,City Trial: City,シティトライアル：街,,,,official_reused,bwiki-infobox,BWIKI page: 城市竞赛：街道; template: Infobox/音乐,100,True,False
special:clash-at-castle-dedede,special,Clash at Castle Dedede,Clash at Castle Dedede,クライマックス オブ キャッスルデデデ,,,,unchanged,bwiki-infobox,BWIKI page: 顶峰决战 帝帝帝城堡; template: Infobox/关卡,100,True,False
special:clear,special,Clear,Clear,カービィダンス (BGM),,,,unchanged,bwiki-infobox,BWIKI page: 卡比跳舞(BGM); template: Infobox/音乐,100,True,False
special:cloud-palace,special,云朵宫殿,Cloud Palace,モクモクのきゅうでん,,,,project,bwiki-infobox,BWIKI page: 云朵宫殿; template: Infobox/关卡,100,True,False
special:cloudy-park,special,云朵公园,Cloudy Park,クラウディパーク（星のカービィ2）,,,クラウディパーク,official_reused,bwiki-infobox,BWIKI page: 云朵公园; template: Infobox/关卡；BWIKI page: 星之卡比2:云朵公园; template: Infobox/音乐,100,True,False
special:cocoa-cave,special,可可洞窟,Cocoa Cave,ココア洞窟,,,,project,bwiki-infobox,BWIKI page: 可可洞窟(BGM); template: Infobox/音乐；BWIKI page: 可可洞窟; template: Infobox/关卡,100,True,False
special:cocoa-station,special,Cocoa Station,Cocoa Station,カカオえき,,,,unchanged,bwiki-infobox,BWIKI page: 可可车站; template: Infobox/关卡,100,True,False
special:code-cube,special,代码立方块,Code Cube,ICキューブ,,,,official_reused,bwiki-infobox,BWIKI page: 代码立方块; template: Infobox/道具；BWIKI page: 星之卡比 机器博博星球/道具; template: 道具,100,True,False
special:codex-of-vigor,special,Codex of Vigor,Codex of Vigor,やるきアップの書,,,,unchanged,bwiki-infobox,BWIKI page: 干劲提升之书; template: Infobox/道具,100,True,False
special:coin,special,硬币,Coin,スコアコイン,,,,project,bwiki-infobox,BWIKI page: 硬币; template: Infobox/道具,100,True,False
special:coin-clash,special,Coin Clash,Coin Clash,トレジャーハンティング,,,,unchanged,bwiki-infobox,BWIKI page: 宝藏猎人; template: Infobox/关卡,100,True,False
special:collapse-block,special,崩塌方块,Collapse Block,崩れるブロック,,,,official_reused,bwiki-infobox,BWIKI page: 崩塌方块; template: Infobox/道具；BWIKI page: 方块; template: 道具,100,True,False
special:collection-laps-circling-circuit,special,Collection Laps! Circling Circuit,Collection Laps! Circling Circuit,かけぬけてゲット!ぐるぐるサーキット,,,,unchanged,bwiki-infobox,BWIKI page: 穿越取得！转转赛道; template: Infobox/关卡,100,True,False
special:collector-in-the-sleepless-valley,special,不眠谷的收藏家,Collector in the Sleepless Valley,眠らぬ谷のコレクター,,,,official_reused,bwiki-infobox,BWIKI page: 不眠谷的收藏家; template: Infobox/关卡,100,True,False
special:concrete-isles,special,混凝土群岛,Concrete Isles,コンクリートアイランズ,,,,official_reused,bwiki-infobox,BWIKI page: 混凝土群岛; template: Infobox/关卡,100,True,False
special:conquer-the-inferno-road,special,前往烈火之道,Conquer the Inferno Road,烈火征く道,,,,official_reused,bwiki-infobox,BWIKI page: 前往烈火之道; template: Infobox/关卡,100,True,False
special:conveyor,special,Conveyor,Conveyor,ベルトコンベア,,,,unchanged,bwiki-infobox,BWIKI page: 传送带; template: Infobox/道具,100,True,False
special:coo-s-theme,special,Coo's Theme,Coo's Theme,クーのテーマ,,,,unchanged,bwiki-infobox,BWIKI page: 空的主题曲; template: Infobox/音乐,100,True,False
special:cookie-country,special,Cookie Country,Cookie Country,4人の仲間と:クッキーカントリー,,,クッキー カントリー,unchanged,bwiki-infobox,BWIKI page: 和同伴4人：苍绿村乡; template: Infobox/音乐；BWIKI page: 苍绿村乡; template: Infobox/关卡,100,True,False
special:cool-cave,special,Cool Cave,Cool Cave,ヒンヤリどうくつ,,,,unchanged,bwiki-infobox,BWIKI page: 舒凉洞窟; template: Infobox/关卡,100,True,False
special:copy-ability-evolution,special,复制能力进化,Copy Ability Evolution,コピー能力進化,,,,project,curated-official-notes,星之卡比官方资料.md / 核心玩法词条,120,True,False
special:copy-ability-mix,special,复制能力混合,Copy Ability Mix,コピー能力ミックス,,,,project,curated-official-notes,星之卡比官方资料.md / 核心玩法词条,120,True,False
special:copy-chance-wheel,special,复制面板,Copy Chance Wheel,コピーパネル,,Replica,レプリカ,official_reused,bwiki-infobox | bwiki-table,BWIKI page: 道具（驭天飞行/驭天飞行者）; template: 道具；BWIKI vertical name table: 道具（卡比方块球）,100,True,False
special:copy-essence,special,复制之源,Copy Essence,コピーのもと,,,,official_reused,bwiki-infobox,BWIKI page: 复制之源; template: Infobox/道具,100,True,False
special:copy-essence-deluxe,special,高级复制之源,Copy Essence Deluxe,コピーのもとデラックス,,,,official_reused,bwiki-infobox,BWIKI page: 高级复制之源; template: Infobox/道具,100,True,False
special:copy-palette,special,肚子背景,Copy Palette,コピーパレット,,,,official_reused,bwiki-infobox,BWIKI page: 星之卡比 怪盗洛切团登场！/道具; template: 道具,100,True,False
special:corn-hall,special,玉米过道,Corn Hall,もろこしホール,,,,project,bwiki-infobox,BWIKI page: 玉米过道; template: Infobox/关卡,100,True,False
special:corocoro-aniki-2017,special,ひかわ博一,コCOROCORO ANIKI(2017年~),コCOROCORO ANIKI(2017年~),,,,official_reused,bwiki-table,BWIKI table: 星之卡比漫画,100,True,False
special:course-1,special,Course 1,Course 1,コース 1,,,,unchanged,bwiki-infobox,BWIKI page: 梦想都第一世界; template: Infobox/关卡,100,True,False
special:course-2,special,Course 2,Course 2,コース 2,,,,unchanged,bwiki-infobox,BWIKI page: 梦想都第二世界; template: Infobox/关卡,100,True,False
special:course-3,special,Course 3,Course 3,コース 3,,,,unchanged,bwiki-infobox,BWIKI page: 梦想都第三世界; template: Infobox/关卡,100,True,False
special:course-4,special,Course 4,Course 4,コース 4,,,,unchanged,bwiki-infobox,BWIKI page: 梦想都第四世界; template: Infobox/关卡,100,True,False
special:course-5,special,Course 5,Course 5,コース 5,,,,unchanged,bwiki-infobox,BWIKI page: 梦想都第五世界; template: Infobox/关卡,100,True,False
special:course-6,special,Course 6,Course 6,コース 6,,,,unchanged,bwiki-infobox,BWIKI page: 梦想都第六世界; template: Infobox/关卡,100,True,False
special:course-7,special,Course 7,Course 7,コース 7,,,,unchanged,bwiki-infobox,BWIKI page: 梦想都第七世界; template: Infobox/关卡,100,True,False
special:course-8,special,Course 8,Course 8,コース 8,,,,unchanged,bwiki-infobox,BWIKI page: 梦想都第八世界; template: Infobox/关卡,100,True,False
special:cozy-cabin,special,Cozy Cabin,Cozy Cabin,ポカポカハウス,,,,unchanged,bwiki-infobox,BWIKI page: 舒适温房; template: Infobox/关卡,100,True,False
special:crash-clouds,special,破碎云朵,Crash Clouds,クラッシュクラウズ,,,,project,bwiki-infobox,BWIKI page: 破碎云朵; template: Infobox/关卡,100,True,False
special:crazy-theater,special,Crazy Theater,Crazy Theater,こたえて! アクションシアター,,,,unchanged,bwiki-infobox,BWIKI page: 争分夺秒！疯狂剧场; template: Infobox/关卡,100,True,False
special:crossing-wondaria,special,在惊奇乐园之路奔跑,Crossing Wondaria,ワンダリアロードをかけて,,,,official_reused,bwiki-infobox,BWIKI page: 在惊奇乐园之路奔跑; template: Infobox/关卡,100,True,False
special:crumbling-fiery-forbidden-lands,special,前往逐渐崩坏的禁区,Crumbling Fiery Forbidden Lands,崩れゆく禁足地へ,,,,official_reused,bwiki-infobox,BWIKI page: 前往逐渐崩坏的禁区; template: Infobox/关卡,100,True,False
special:crystal-area,special,水晶之地,Crystal Area,水しょうの畑,,,,project,bwiki-infobox,BWIKI page: 水晶之地; template: Infobox/关卡,100,True,False
special:crystal-beast-pack-volcano-battle,special,结晶！野兽军团顶峰决战,Crystal Beast Pack Volcano Battle,結晶! ビースト軍団頂上戦,,,,official_reused,bwiki-infobox,BWIKI page: 结晶！野兽军团顶峰决战; template: Infobox/关卡,100,True,False
special:crystal-clear-crossing,special,结晶街道,Crystal-Clear Crossing,,,,,official_reused,bwiki-infobox,BWIKI page: 结晶街道; template: Infobox/关卡,100,True,False
special:crystal-shard,special,Crystal Shard,Crystal Shard,クリスタル,,,,unchanged,bwiki-infobox,BWIKI page: 水晶碎片; template: Infobox/道具,100,True,False
special:crystalline-fissure,special,Crystalline Fissure,Crystalline Fissure,クリスタ,,,,unchanged,bwiki-infobox,BWIKI page: 七彩流晶; template: Infobox/关卡,100,True,False
special:current,special,水流,Current,,,,,official_reused,bwiki-infobox,BWIKI page: 水流; template: Infobox/道具,100,True,False
special:cushy-cloud,special,Cushy Cloud,Cushy Cloud,クリーミークラウド,,,,unchanged,bwiki-infobox,BWIKI page: 奶油云朵; template: Infobox/关卡,100,True,False
special:cyberion-highway,special,Cyberion Highway,Cyberion Highway,サイベリオ,,,,unchanged,bwiki-infobox,BWIKI page: 赛博空间; template: Infobox/关卡,100,True,False
special:danger-under-the-big-top,special,危险的马戏团表演,Danger under the big Top,あぶないサーカスショー,,,,official_reused,bwiki-infobox,BWIKI page: 危险的马戏团表演; template: Infobox/关卡,100,True,False
special:dangerous-dinner,special,Dangerous Dinner,Dangerous Dinner,デンジャラスディナー (BGM),,,デンジャラス ディナー,unchanged,bwiki-infobox,BWIKI page: 地热岛屿(BGM); template: Infobox/音乐；BWIKI page: 地热岛屿; template: Infobox/关卡,100,True,False
special:dark-castle,special,黑暗城堡,Dark Castle,ダークキャッスル,,,,project,bwiki-infobox,BWIKI page: 黑暗城堡; template: Infobox/关卡,100,True,False
special:dark-manor,special,Dark Manor,Dark Manor,まっくらやしき,,,,unchanged,bwiki-infobox,BWIKI page: 漆黑屋舍; template: Infobox/关卡,100,True,False
special:dark-star,special,最终之星,Dark Star,ファイナルスター,,,,project,bwiki-infobox,BWIKI page: 最终之星; template: Infobox/关卡,100,True,False
special:dash-shoe,special,冲刺鞋,Dash Shoe,ダッシュシューズ,,,,official_reused,bwiki-infobox,BWIKI page: 道具（卡比群星战Z）; template: 道具,100,True,False
special:decisive-battlefield,special,大决战,Decisive Battlefield,,,,,official_reused,bwiki-infobox,BWIKI page: 大决战; template: Infobox/关卡,100,True,False
special:dedede-resort,special,帝帝帝乐园,Dedede Resort,デデデリゾート,,,,project,bwiki-infobox,BWIKI page: 帝帝帝乐园; template: Infobox/关卡,100,True,False
special:deep-dive-deep,special,Deep-Dive Deep,Deep-Dive Deep,モグールかいてい,,,,unchanged,bwiki-infobox,BWIKI page: 深水海底; template: Infobox/关卡,100,True,False
special:deep-dive-drive,special,深海5000,Deep-Dive Drive,,,,,official_reused,bwiki-infobox,BWIKI page: 深海5000; template: Infobox/关卡,100,True,False
special:dig-and-dash-path-of-fences,special,Dig and Dash! Path of Fences,Dig and Dash! Path of Fences,ほってもぐって!フェンスをぬけて,,,,unchanged,bwiki-infobox,BWIKI page: 挖掘潜入！穿过栅栏; template: Infobox/关卡,100,True,False
special:dig-and-destroy-drill-trial,special,Dig and Destroy! Drill Trial,Dig and Destroy! Drill Trial,たたかえ! ドリルのしれん,,,,unchanged,bwiki-infobox,BWIKI page: 战斗吧！钻击的试炼; template: Infobox/关卡,100,True,False
special:dig-and-duck-runaway-parade,special,Dig and Duck! Runaway Parade,Dig and Duck! Runaway Parade,ドリルにせまる!クレイジーパレードカー,,,,unchanged,bwiki-infobox,BWIKI page: 钻击逼近！疯狂巡游车; template: Infobox/关卡,100,True,False
special:dig-and-explore-maze-of-fences,special,Dig and Explore! Maze of Fences,Dig and Explore! Maze of Fences,まよってもぐって!フェンスメイズ,,,,unchanged,bwiki-infobox,BWIKI page: 迷路潜入！栅栏迷宫; template: Infobox/关卡,100,True,False
special:digital-superhighway,special,数码高速公路,Digital Superhighway,デジタルハイウェイ,,,,official_reused,bwiki-infobox,BWIKI page: 数码高速公路; template: Infobox/关卡,100,True,False
special:dimension-mirror,special,Dimension Mirror,Dimension Mirror,ディメンションミラー,,,,unchanged,bwiki-infobox,BWIKI page: 次元之镜; template: Infobox/关卡,100,True,False
special:dino-jungle,special,Dino Jungle,Dino Jungle,きょうりゅうジャングル,,,,unchanged,bwiki-infobox,BWIKI page: 恐龙丛林; template: Infobox/关卡,100,True,False
special:doctor-healmore-codex,special,Doctor Healmore Codex,Doctor Healmore Codex,ヒールドクターの書,,,,unchanged,bwiki-infobox,BWIKI page: 治愈医生之书; template: Infobox/道具,100,True,False
special:donut-dome,special,Donut Dome,Donut Dome,ドーナツドーム,,,,unchanged,bwiki-infobox,BWIKI page: 甜甜圈土穴; template: Infobox/关卡,100,True,False
special:downtown-grassland,special,草原建筑,Downtown Grassland,草原のビルディング,,,,official_reused,bwiki-infobox,BWIKI page: 草原建筑; template: Infobox/关卡,100,True,False
special:drawcia-sorceress,special,Drawcia Sorceress,Drawcia Sorceress,ドロシア ソーサレス (BGM),,,,unchanged,bwiki-infobox,BWIKI page: 绘画堕落锡安女巫(BGM); template: Infobox/音乐,100,True,False
special:dream-kingdom,special,噗噗噗王国,Dream Kingdom,プププ王国,,,,official_reused,bwiki-infobox,BWIKI page: 噗噗噗王国; template: Infobox/关卡,100,True,False
special:dream-palace,special,Dream Palace,Dream Palace,ドリームしんでん,,,,unchanged,bwiki-infobox,BWIKI page: 梦幻神殿; template: Infobox/关卡,100,True,False
special:dream-rod,special,梦幻神杖,Dream Rod,ドリームロッド,,,,official_reused,bwiki-infobox,BWIKI page: 梦幻神杖; template: Infobox/道具；BWIKI page: 道具（新星同盟）; template: 道具,100,True,False
special:dreamscape,special,梦幻异界,Dreamscape,,,,,official_reused,bwiki-infobox,BWIKI page: 梦幻异界; template: Infobox/关卡,100,True,False
special:drop-star,special,掉落星星,Drop Star,,,,,official_reused,bwiki-infobox,BWIKI page: 星星; template: 道具,100,True,False
special:drum,special,鼓,drum,ドラム,,,,official_reused,bwiki-infobox,BWIKI page: 装置（帝帝帝大王的帝帝帝跃动Z）; template: 道具,100,True,False
special:duplex-dream,special,Duplex Dream,Duplex Dream,ダブルスドリームス,,,,unchanged,bwiki-infobox,BWIKI page: 同步拓地; template: Infobox/关卡,100,True,False
special:durable-block,special,坚固方块,Durable Block,ゴールドブロック,,,,official_reused,bwiki-infobox,BWIKI page: 坚固方块; template: Infobox/道具；BWIKI page: 方块; template: 道具,100,True,False
special:dusk-dunes,special,Dusk Dunes,Dusk Dunes,よるのさばく,,,,unchanged,bwiki-infobox,BWIKI page: 幽夜沙漠; template: Infobox/关卡,100,True,False
special:dyna-blade-s-nest,special,Dyna Blade's Nest,Dyna Blade's Nest,ダイナブレイドの巣,,,,unchanged,bwiki-infobox,BWIKI page: 巨大锋翼鸟的巢; template: Infobox/关卡,100,True,False
special:eastern-wall,special,Eastern Wall,Eastern Wall,東のまくへき,,,,unchanged,bwiki-infobox,BWIKI page: 东侧的高墙; template: Infobox/关卡,100,True,False
special:echo-s-edge,special,Echo's Edge,Echo's Edge,エコーズエッジ,,,,unchanged,bwiki-infobox,BWIKI page: 新生雪界; template: Infobox/关卡,100,True,False
special:egg-engines,special,Egg Engines,Egg Engines,エッガー エンジンズ,,,,unchanged,bwiki-infobox,BWIKI page: 恶战尔后; template: Infobox/关卡,100,True,False
special:electric-block,special,电方块,Electric Block,電撃ブロック,,,,official_reused,bwiki-infobox,BWIKI page: 方块; template: 道具,100,True,False
special:elfilin-cake,special,Elfilin Cake,Elfilin Cake,エフィリンケーキ,,,,unchanged,bwiki-infobox,BWIKI page: 艾菲灵蛋糕; template: Infobox/关卡,100,True,False
special:ending-demo,special,Ending Demo,Ending Demo,エンディング・デモ,,,,unchanged,bwiki-infobox,BWIKI page: 结尾·演示(梦之泉); template: Infobox/音乐,100,True,False
special:endless-explosions,special,无尽爆发,Endless Explosions,エバー エクスプロージョン,,,,project,bwiki-infobox,BWIKI page: 无尽爆发; template: Infobox/关卡,100,True,False
special:enemy-stage,special,VS装甲玛姆,Enemy Stage,VS アイアンマム,,,,project,bwiki-infobox,BWIKI page: VS装甲玛姆; template: Infobox/关卡,100,True,False
special:energy-sphere,special,能源球体,Energy Sphere,エナジースフィア,,,,official_reused,bwiki-infobox,BWIKI page: 星之卡比 Wii/道具; template: 道具；BWIKI page: 能源球体; template: Infobox/道具,100,True,False
special:enter-the-fiery-forbidden-lands,special,前往热烫烫禁区,Enter the Fiery Forbidden Lands,アツアツの禁足地へ,,,,official_reused,bwiki-infobox,BWIKI page: 前往热烫烫禁区; template: Infobox/关卡,100,True,False
special:eternal-dreamland,special,永恒梦境,Eternal Dreamland,エターナル ドリームランド,,,,project,bwiki-infobox,BWIKI page: 永恒梦境; template: Infobox/关卡,100,True,False
special:eternal-planet-halfmoon,special,常夜之星 半月星,Eternal Planet HALFMOON,常夜の星 ハーフムーン,,,,project,bwiki-infobox,BWIKI page: 常夜之星 半月星; template: Infobox/关卡,100,True,False
special:ethereal-altar,special,Ethereal Altar,Ethereal Altar,エデンの間,,,,unchanged,bwiki-infobox,BWIKI page: 恩惠房间; template: Infobox/关卡,100,True,False
special:everbay-coast,special,蔚蓝海岸,Everbay Coast,エバーブルグ海岸,,,,official_reused,bwiki-infobox,BWIKI page: 蔚蓝海岸; template: Infobox/关卡,100,True,False
special:evergreen-lift,special,Evergreen Lift,Evergreen Lift,グレートジャンボツリー,,,,unchanged,bwiki-infobox,BWIKI page: 常青巨树; template: Infobox/关卡,100,True,False
special:exp-orb,special,EXP Orb,EXP Orb,けいけんち玉,,,,unchanged,bwiki-infobox,BWIKI page: 经验值球; template: Infobox/道具,100,True,False
special:extra-eclair,special,Extra Eclair,Extra Eclair,エクストラエクレア,,,,unchanged,bwiki-infobox,BWIKI page: 特别糖果; template: Infobox/关卡,100,True,False
special:extra-planet,special,Extra Planet α,Extra Planet α,エクストラスターα,,,,unchanged,bwiki-infobox,BWIKI page: 特别之星α; template: Infobox/关卡,100,True,False
special:fallen-star-beach,special,开启吧！星落海滩,Fallen-Star Beach,ひらけ! 星降りビーチ,,,,official_reused,bwiki-infobox,BWIKI page: 开启吧！星落海滩; template: Infobox/关卡,100,True,False
special:fallen-star-volcano,special,星落火山岛,Fallen-Star Volcano,星降りの火山島,,,,official_reused,bwiki-infobox,BWIKI page: 星落火山岛; template: Infobox/关卡,100,True,False
special:falluna-moon,special,Falluna Moon,Falluna Moon,小惑星フォルナ,,,,unchanged,bwiki-infobox,BWIKI page: 秋月小行星; template: Infobox/关卡,100,True,False
special:fantasy-meadows,special,Fantasy Meadows,Fantasy Meadows,プランテス,,,,unchanged,bwiki-infobox,BWIKI page: 巨木绿野; template: Infobox/关卡,100,True,False
special:far-flung-starlight-heroes,special,遥远 闪耀光辉的勇者们,Far-Flung - Starlight Heroes,遥か、きらめきの勇者たち,,,,official_reused,bwiki-infobox,BWIKI page: 遥远 闪耀光辉的勇者们; template: Infobox/关卡,100,True,False
special:fast-and-fiery-race-to-the-cannon,special,Fast and Fiery! Race to the Cannon,Fast and Fiery! Race to the Cannon,もやして走って! たいほうへ,,,,unchanged,bwiki-infobox,BWIKI page: 燃烧奔驰！朝向大炮; template: Infobox/关卡,100,True,False
special:fast-flowing-waterworks,special,顺流地下水道,Fast-Flowing Waterworks,地下水道に流されて,,,,official_reused,bwiki-infobox,BWIKI page: 顺流地下水道; template: Infobox/关卡,100,True,False
special:figurine,special,模型,Figurine,フィギュア,,Figure,,official_reused,bwiki-infobox,BWIKI page: 手办; template: Infobox/道具；BWIKI page: 模型; template: Infobox/道具；BWIKI page: 道具（探索发现）; template: 道具,100,True,False
special:fine-fields,special,美丽原野,Fine Fields,ファイン フィールド,,,,project,bwiki-infobox,BWIKI page: 美丽原野; template: Infobox/关卡,100,True,False
special:fire-block,special,火方块,Fire Block,火炎ブロック,,,,official_reused,bwiki-infobox,BWIKI page: 方块; template: 道具；BWIKI page: 火方块; template: Infobox/道具,100,True,False
special:fire-fragment,special,Fire Fragment,Fire Fragment,ほのおのカケラ,,,,unchanged,bwiki-infobox,BWIKI page: 炎之碎片; template: Infobox/道具,100,True,False
special:fire-fragment-codex,special,Fire Fragment Codex,Fire Fragment Codex,ほのおのカケラの書,,,,unchanged,bwiki-infobox,BWIKI page: 炎之碎片之书; template: Infobox/道具,100,True,False
special:flag,special,旗子,Flag,フラッグ,,,,project,bwiki-infobox,BWIKI page: 道具（皇家大乱斗）; template: 道具,100,True,False
special:flagball,special,Flagball,Flagball,フラッグシュート,,,,unchanged,bwiki-infobox,BWIKI page: 飞球击旗战; template: Infobox/关卡,100,True,False
special:flame-planet-hotbeat,special,灼热之星 狂热节拍,Flame Planet HOTBEAT,灼熱の星 ホットビート,,,,project,bwiki-infobox,BWIKI page: 灼热之星 狂热节拍; template: Infobox/关卡,100,True,False
special:fling-twirl-return-hit-the-switches,special,旋转返回！开关开启,"Fling, Twirl, Return! Hit the Switches",くるっともどって!スイッチオン,,,,official_reused,bwiki-infobox,BWIKI page: 旋转返回！开关开启; template: Infobox/关卡,100,True,False
special:flip,special,翻转面板,Flip,フリップ,,,,official_reused,bwiki-table,BWIKI vertical name table: 道具（卡比方块球）,100,True,False
special:float-islands,special,漂流岛屿,FLOAT ISLANDS,フロートアイランズ (BGM),,,フロートアイランズ,project,bwiki-infobox,BWIKI page: FLOAT ISLANDS; template: Infobox/音乐；BWIKI page: 漂流岛屿; template: Infobox/关卡,100,True,False
special:floral-fields,special,Floral Fields,Floral Fields,浮遊大陸の花畑,,,,unchanged,bwiki-infobox,BWIKI page: 浮游大陆的花园; template: Infobox/音乐,100,True,False
special:floralia,special,弗洛拉利亚,Floralia,フロラルド,,,,official_reused,bwiki-infobox,BWIKI page: 弗洛拉利亚; template: Infobox/关卡,100,True,False
special:floria-fields,special,Floria Fields,Floria Fields,フラリア,,,,unchanged,bwiki-infobox,BWIKI page: 飞花草原; template: Infobox/关卡,100,True,False
special:flower-fields,special,Flower Fields,Flower Fields,おはなばたけ,,,,unchanged,bwiki-infobox,BWIKI page: 盛花田园; template: Infobox/关卡,100,True,False
special:fly-kirby,special,飞吧！星之卡比,"Fly, Kirby!",飛べ！星のカービィ,,,,official_reused,bwiki-infobox,BWIKI page: 飞吧！星之卡比; template: Infobox/音乐,100,True,False
special:food,special,食物,Food,食べ物,,,,project,bwiki-infobox,BWIKI page: 食物; template: Infobox/道具,100,True,False
special:food-bubble,special,食物泡泡,Food bubble,,,,,official_reused,bwiki-infobox,BWIKI page: 星之卡比 怪盗洛切团登场！/道具; template: 道具,100,True,False
special:forest,special,Forest,Forest,森・自然エリア,,,,unchanged,bwiki-infobox,BWIKI page: 森林·自然区域; template: Infobox/音乐,100,True,False
special:forest-stage,special,Forest Stage,Forest Stage,森ステージ,,,,unchanged,bwiki-infobox,BWIKI page: 森林关卡; template: Infobox/音乐,100,True,False
special:forgo-bay,special,被遗忘的·蔚蓝,Forgo Bay,フォルガトゥン・ブルグ,,,,official_reused,bwiki-infobox,BWIKI page: 被遗忘的·蔚蓝; template: Infobox/关卡,100,True,False
special:forgo-horns,special,被遗忘的·角峰,Forgo Horns,フォルガトゥン・ホルンズ,,,,official_reused,bwiki-infobox,BWIKI page: 被遗忘的·角峰; template: Infobox/关卡,100,True,False
special:forgo-land,special,被遗忘的·陆地,Forgo Land,フォルガトゥン・ランド,,,,official_reused,bwiki-infobox,BWIKI page: 被遗忘的·陆地; template: Infobox/关卡,100,True,False
special:forgo-park,special,被遗忘的·惊奇,Forgo Park,フォルガトゥン・ダリア,,,,official_reused,bwiki-infobox,BWIKI page: 被遗忘的·惊奇; template: Infobox/关卡,100,True,False
special:forgo-plains,special,被遗忘的·自然,Forgo Plains,フォルガトゥン・チェル,,,,official_reused,bwiki-infobox,BWIKI page: 被遗忘的·自然; template: Infobox/关卡,100,True,False
special:forgo-wasteland,special,被遗忘的·原始,Forgo Wasteland,フォルガトゥン・ネシア,,,,official_reused,bwiki-infobox,BWIKI page: 被遗忘的·原始; template: Infobox/关卡,100,True,False
special:forgo-zone,special,被遗忘的·红通通,Forgo Zone,フォルガトゥン・ガル,,,,official_reused,bwiki-infobox,BWIKI page: 被遗忘的·红通通; template: Infobox/关卡,100,True,False
special:fossil-reef,special,Fossil Reef,Fossil Reef,でんせつのうみ,,,,unchanged,bwiki-infobox,BWIKI page: 传说海域; template: Infobox/关卡,100,True,False
special:foundry-thoroughfare,special,赤热工厂,Foundry Thoroughfare,赤熱ファクトリー,,,,official_reused,bwiki-infobox,BWIKI page: 赤热工厂; template: Infobox/关卡,100,True,False
special:fountain-gardens,special,Fountain Gardens,Fountain Gardens,ふんすいのにわ,,,,unchanged,bwiki-infobox,BWIKI page: 喷泉庭院; template: Infobox/关卡,100,True,False
special:fountain-of-dreams,special,Fountain of Dreams,Fountain of Dreams,ザ ファウンテン オブ ドリーム,,,,unchanged,bwiki-infobox,BWIKI page: 梦之泉; template: Infobox/关卡,100,True,False
special:free-star,special,自由之星,Free Star,フリースター,,,,official_reused,bwiki-table,BWIKI vertical name table: 驭天飞行器,100,True,False
special:freeze-and-find-magma-skating,special,Freeze and Find! Magma Skating,Freeze and Find! Magma Skating,ひやしてさがして!マグマスケート,,,,unchanged,bwiki-infobox,BWIKI page: 冷冻寻找！岩浆溜冰; template: Infobox/关卡,100,True,False
special:freeze-and-fling-skating-on-ice,special,Freeze and Fling! Skating on Ice,Freeze and Fling! Skating on Ice,こちこち! ブリザードスケート,,,,unchanged,bwiki-infobox,BWIKI page: 硬邦邦！暴风雪溜冰; template: Infobox/关卡,100,True,False
special:freezing-freeway,special,急冻冰原,Freezing Freeway,シバレル雪原,,,,official_reused,bwiki-infobox,BWIKI page: 急冻冰原; template: Infobox/关卡,100,True,False
special:freezing-wind-and-some-snowmen,special,冰冷的风与雪人,Freezing Wind and Some Snowmen,いてつく風とスノーマン,,,,official_reused,bwiki-infobox,BWIKI page: 冰冷的风与雪人; template: Infobox/关卡,100,True,False
special:friend-ability,special,朋友能力,Friend Ability,フレンズ能力,,,,project,curated-official-notes,星之卡比官方资料.md / 核心玩法词条,120,True,False
special:friendly-field,special,Friendly Field,Friendly Field,フレンズフィールド,,,,unchanged,bwiki-infobox,BWIKI page: 卡通枯叶; template: Infobox/关卡,100,True,False
special:frigid-fjords,special,Frigid Fjords,Frigid Fjords,ヨーヒエールのうみ,,,,unchanged,bwiki-infobox,BWIKI page: 冰冷峡湾; template: Infobox/关卡,100,True,False
special:frost-street-snow-park,special,闪耀的白色溜冰场,Frost Street Snow Park,きらめきのホワイトリンク,,,,official_reused,bwiki-infobox,BWIKI page: 闪耀的白色溜冰场; template: Infobox/关卡,100,True,False
special:frosty-wheel,special,Frosty Wheel,Frosty Wheel,ゆきのかんらんしゃ,,,,unchanged,bwiki-infobox,BWIKI page: 摩天雪轮; template: Infobox/关卡,100,True,False
special:frozen-hillside,special,Frozen Hillside,Frozen Hillside,コルダ,,,,unchanged,bwiki-infobox,BWIKI page: 冰封天地; template: Infobox/关卡,100,True,False
special:frozen-treats,special,Frozen Treats,Frozen Treats,アイスキャンディー,,,,unchanged,bwiki-infobox,BWIKI page: 冰棒; template: Infobox/关卡,100,True,False
special:fruity-forest,special,Fruity Forest,Fruity Forest,フルーティフォレスト,,,,unchanged,bwiki-infobox,BWIKI page: 水果山林; template: Infobox/关卡,100,True,False
special:fuel,special,燃料,Fuel,エネルギー,,,,project,bwiki-infobox,BWIKI page: 道具（皇家大乱斗）; template: 道具,100,True,False
special:full-throttle-racetrack,special,油门全开急速之路,Full-Throttle Racetrack,全開スピードウェイ,,,,official_reused,bwiki-infobox,BWIKI page: 油门全开急速之路; template: Infobox/关卡,100,True,False
special:furniture,special,家具,Furniture,インテリア,,,,project,bwiki-infobox,BWIKI page: 家具; template: Infobox/道具,100,True,False
special:future-city,special,Future City,Future City,みらいシティ,,,,unchanged,bwiki-infobox,BWIKI page: 未来城区; template: Infobox/关卡,100,True,False
special:gabbel-moon,special,Gabbel Moon,Gabbel Moon,小惑星ガベル,,,,unchanged,bwiki-infobox,BWIKI page: 塔顶小行星; template: Infobox/关卡,100,True,False
special:gamble-galaxy,special,Gamble Galaxy,Gamble Galaxy,ギャンブルギャラクシー,,,,unchanged,bwiki-infobox,BWIKI page: 危险星河; template: Infobox/关卡,100,True,False
special:gamugael-kogamugael,special,盖慕蛙&小盖慕蛙,Gamugael & Kogamugael,ガムガエル&コガムガエル,,,,official_reused,bwiki-table,BWIKI vertical name table: 需要帮助的NPC（星之卡比3）,100,True,False
special:garden-area,special,神秘乐园,Garden Area,しんぴの楽園,,,,project,bwiki-infobox,BWIKI page: 神秘乐园; template: Infobox/关卡,100,True,False
special:gate,special,Gate,Gate,シャッター,,,,unchanged,bwiki-infobox,BWIKI page: 闸门; template: Infobox/道具,100,True,False
special:gathering-of-the-beast-council,special,干部招集,Gathering of the Beast Council,,,,,official_reused,bwiki-infobox,BWIKI page: 干部招集; template: Infobox/关卡,100,True,False
special:gear,special,齿轮,gear,,,,,official_reused,bwiki-infobox,BWIKI page: 滚球; template: 道具,100,True,False
special:gem-apple,special,苹果宝石,Gem Apple,ジェムリンゴ,,,,official_reused,bwiki-infobox,BWIKI page: 苹果宝石; template: Infobox/道具,100,True,False
special:get-up-and-go-urmet,special,Get Up and Go-urmet!,Get Up and Go-urmet!,激突! グルメレース (BGM),,,,unchanged,bwiki-infobox,BWIKI page: 激烈冲突！美食比赛(BGM); template: Infobox/音乐,100,True,False
special:ghost-medal,special,幽灵徽章,Ghost Medal,ゴーストのメダル,,,,official_reused,bwiki-infobox,BWIKI page: 幽灵徽章; template: Infobox/道具；BWIKI page: 星之卡比 怪盗洛切团登场！/道具; template: 道具,100,True,False
special:gigabyte-grounds,special,载荷组装厂,Gigabyte Grounds,ギガント グラウンド,,,,project,bwiki-infobox,BWIKI page: 载荷组装厂; template: Infobox/关卡,100,True,False
special:glowtree-garden-drive,special,棱镜树园,Glowtree Garden Drive,プリズムツリーの園,,,,official_reused,bwiki-infobox,BWIKI page: 棱镜树园; template: Infobox/关卡,100,True,False
special:goal-drum,special,终点鼓,Goal drum,ゴールドラム,,,,official_reused,bwiki-infobox,BWIKI page: 装置（帝帝帝大王的帝帝帝跃动Z）; template: 道具,100,True,False
special:gordo-course,special,Gordo Course,Gordo Course,ゴルドー コース,,,,unchanged,bwiki-infobox,BWIKI page: 黑刺球世界; template: Infobox/关卡,100,True,False
special:grape-garden,special,葡萄花园,Grape Garden,グレープガーデン,,,,official_reused,bwiki-infobox,BWIKI page: 葡萄花园(BGM); template: Infobox/音乐；BWIKI page: 葡萄花园; template: Infobox/关卡,100,True,False
special:graphic-piece,special,拼图碎片,Graphic Piece,グラフィックピース,,,,official_reused,bwiki-infobox,BWIKI page: 拼图碎片; template: Infobox/道具；BWIKI page: 星之卡比 怪盗洛切团登场！/道具; template: 道具,100,True,False
special:grass,special,草丛,Grass,,,,,official_reused,bwiki-infobox,BWIKI page: 隐藏道具类; template: 道具,100,True,False
special:grass-land,special,青草绿地,Grass Land,グラスランド,,,,project,bwiki-infobox,BWIKI page: 青草绿地; template: Infobox/关卡,100,True,False
special:grass-planet-floria,special,草花之星 弗洛利亚,Grass Planet FLORIA,草花の星 フロリア,,,,project,bwiki-infobox,BWIKI page: 草花之星 弗洛利亚; template: Infobox/关卡,100,True,False
special:grassland-lane,special,初始草原,Grassland Lane,はじまりの草原,,,,official_reused,bwiki-infobox,BWIKI page: 初始草原; template: Infobox/关卡,100,True,False
special:gray-block,special,灰色方块,Gray Block,グレーブロック,,,,official_reused,bwiki-table,BWIKI vertical name table: 道具（卡比方块球）,100,True,False
special:green-box,special,绿货柜,Green Box,緑コンテナ,,,,official_reused,bwiki-infobox,BWIKI page: 道具（驭天飞行/驭天飞行者）; template: 道具,100,True,False
special:green-gardens,special,Green Gardens,Green Gardens,グリーングリーティング,,,,unchanged,bwiki-infobox,BWIKI page: 绿庭旅途; template: Infobox/关卡,100,True,False
special:green-greens,special,葛绿谷绿,GREEN GREENS,グリーングリーンズ (BGM),,,グリーングリーンズ,official_reused,bwiki-infobox,BWIKI page: GREEN GREENS; template: Infobox/音乐；BWIKI page: 葛绿谷绿; template: Infobox/关卡,100,True,False
special:green-grounds,special,绿绿庭院,Green Grounds,グリングランド,,,,project,bwiki-infobox,BWIKI page: 绿绿庭院; template: Infobox/关卡,100,True,False
special:green-valley,special,青青山谷,Green Valley,グリーン バレー,,,,project,bwiki-infobox,BWIKI page: 青青山谷; template: Infobox/关卡,100,True,False
special:grott-moon,special,Grott Moon,Grott Moon,小惑星クード,,,,unchanged,bwiki-infobox,BWIKI page: 窟窿小行星; template: Infobox/关卡,100,True,False
special:guardian-angel-landia,special,四首守护神：龙帝亚,Guardian Angel: Landia,4つ首の守り神：ランディア,,,,official_reused,bwiki-infobox,BWIKI page: 四首守护神：龙帝亚; template: Infobox/音乐,100,True,False
special:gust-for-glory-ring-boating-rush,special,Gust for Glory! Ring-Boating Rush,Gust for Glory! Ring-Boating Rush,げきとつ!わっかボートレース,,,,unchanged,bwiki-infobox,BWIKI page: 激烈冲突！圈圈小船竞赛; template: Infobox/关卡,100,True,False
special:halcandra,special,Halcandra,Halcandra,ハルカンドラ,,,,unchanged,bwiki-infobox,BWIKI page: 哈鲁炕德拉; template: Infobox/关卡,100,True,False
special:hammer-lord-codex,special,Hammer Lord Codex,Hammer Lord Codex,ヘビィハンマーの書,,,,unchanged,bwiki-infobox,BWIKI page: 重锤子之书; template: Infobox/道具,100,True,False
special:hammer-road-hit-the-stakes,special,Hammer Road! Hit the Stakes,Hammer Road! Hit the Stakes,ガツンと!クイうち道づくり,,,,unchanged,bwiki-infobox,BWIKI page: 敲击！打桩造路; template: Infobox/关卡,100,True,False
special:happiness-hall,special,Happiness Hall,Happiness Hall,ハピネス ホール,,,,unchanged,bwiki-infobox,BWIKI page: 幸福殿堂; template: Infobox/关卡,100,True,False
special:havoc-aboard-the-halberd,special,Havoc aboard the Halberd,Havoc aboard the Halberd,戦艦ハルバード：艦内,,,,unchanged,bwiki-infobox,BWIKI page: 战舰神戟：舰内; template: Infobox/音乐,100,True,False
special:heart-spear,special,心之枪,Heart Spear,心のヤリ,,,,official_reused,bwiki-infobox,BWIKI page: 心之枪; template: Infobox/道具；BWIKI page: 道具（新星同盟）; template: 道具,100,True,False
special:heart-star,special,心之星,Heart Star,ハートスター,,,,official_reused,bwiki-infobox,BWIKI page: 心之星; template: Infobox/道具；BWIKI page: 星星; template: 道具,100,True,False
special:heat-phanphan,special,火热象象,英： Heat Phanphan,日：ヒートファンファン,,,,project,bwiki-table,BWIKI table: 卡比的驭天飞行,100,True,False
special:heave-ho-block,special,重石方块,Heave-Ho Block,重いブロック,,,,official_reused,bwiki-infobox,BWIKI page: 方块; template: 道具,100,True,False
special:heavenly-hall,special,Heavenly Hall,Heavenly Hall,天けいの間,,,,unchanged,bwiki-infobox,BWIKI page: 天启之间; template: Infobox/关卡,100,True,False
special:hidden-door-key,special,隐藏门的钥匙,Hidden Door Key,かくしとびらのカギ,,,,official_reused,bwiki-infobox,BWIKI page: 星之卡比 怪盗洛切团登场！/道具; template: 道具；BWIKI page: 隐藏门的钥匙; template: Infobox/道具,100,True,False
special:honey-hill,special,Honey Hill,Honey Hill,ハニーヒル,,,,unchanged,bwiki-infobox,BWIKI page: 蜂蜜风丘; template: Infobox/关卡,100,True,False
special:hot-land,special,Hot Land,Hot Land,ホットランド,,,,unchanged,bwiki-infobox,BWIKI page: 酷暑热地; template: Infobox/关卡,100,True,False
special:hyper-zone,special,异度地带,Hyper Zone,ハイパーゾーン,,,,project,bwiki-infobox,BWIKI page: 异度地带; template: Infobox/关卡,100,True,False
special:hypernova-inhale,special,Hypernova Inhale,Hypernova Inhale,全てすいこめ！ビッグバン,,,,unchanged,bwiki-infobox,BWIKI page: 全部吸入！大爆炸; template: Infobox/音乐,100,True,False
special:ice-container,special,冰冻保存容器,Ice Container,アイスコンテナ,,,,official_reused,bwiki-infobox,BWIKI page: 道具（卡比群星战Z）; template: 道具,100,True,False
special:ice-cream-island,special,Ice Cream Island,Ice Cream Island,アイスクリームアイランド (BGM),,ICECREAM ISLAND,アイスクリームアイランド,unchanged,bwiki-infobox,BWIKI page: 雪糕岛屿(BGM); template: Infobox/音乐；BWIKI page: 雪糕岛屿; template: Infobox/关卡,100,True,False
special:ice-island,special,Ice Island,Ice Island,アイランドアイス,,,,unchanged,bwiki-infobox,BWIKI page: 冰雪小岛; template: Infobox/关卡,100,True,False
special:iceberg,special,极寒冰山,Iceberg,アイスバーグ,,,,project,bwiki-infobox,BWIKI page: 极寒冰山; template: Infobox/关卡,100,True,False
special:iceberg-ocean,special,Iceberg Ocean,Iceberg Ocean,コース8：雪ステージ,,,,unchanged,bwiki-infobox,BWIKI page: 第八关：冰雪关卡; template: Infobox/音乐,100,True,False
special:icicles,special,Icicles,Icicles,つらら,,,,unchanged,bwiki-infobox,BWIKI page: 冰锥; template: Infobox/道具,100,True,False
special:iello-adventure,special,Iello Adventure,Iello Adventure,イエラスアドベンチャー,,,,unchanged,bwiki-infobox,BWIKI page: 雅洛冒险; template: Infobox/关卡,100,True,False
special:illusion-islands,special,幻觉岛屿,Illusion Islands,イリュージョンアイランズ,,,,project,bwiki-infobox,BWIKI page: 幻觉岛屿; template: Infobox/关卡,100,True,False
special:in-the-presence-of-the-king,special,王的御前,In the Presence of the King,王の御前,,,,official_reused,bwiki-infobox,BWIKI page: 王的御前; template: Infobox/关卡,100,True,False
special:indigo-ocean,special,靛蓝之海,Indigo Ocean,インディゴ オーシャン,,,,project,bwiki-infobox,BWIKI page: 靛蓝之海; template: Infobox/关卡,100,True,False
special:ink-bottle,special,Ink bottle,Ink bottle,インクボトル,,,,unchanged,bwiki-infobox,BWIKI page: 彩虹墨水瓶; template: Infobox/道具,100,True,False
special:inner-sanctum,special,Inner Sanctum,Inner Sanctum,中おう深部,,,,unchanged,bwiki-infobox,BWIKI page: 中央深处; template: Infobox/关卡,100,True,False
special:inside-islands,special,Inside Islands,Inside Islands,インサイドアイランズ,,,,unchanged,bwiki-infobox,BWIKI page: 与伴勇者; template: Infobox/关卡,100,True,False
special:interdimensional-traveler,special,Interdimensional Traveler,Interdimensional Traveler,異空ヲカケル旅人,,,,unchanged,bwiki-infobox,BWIKI page: 穿越异空间的旅人; template: Infobox/音乐,100,True,False
special:invasion-at-the-house-of-horrors,special,惊吓鬼屋,Invasion at the House of Horrors,びっくりホラーハウス,,,,official_reused,bwiki-infobox,BWIKI page: 惊吓鬼屋; template: Infobox/关卡,100,True,False
special:invincibility-candy,special,彩虹棒棒糖,Invincibility Candy,無敵キャンディー,,,,official_reused,bwiki-infobox,BWIKI page: 彩虹棒棒糖; template: Infobox/道具,100,True,False
special:invisibility-stone,special,(这里是中文名),Invisibility Stone,とうめいクリスタル,,,,official_reused,bwiki-infobox,BWIKI page: 星之卡比 Wii/道具; template: 道具,100,True,False
special:isolated-isles-forgo-dreams,special,绝岛幻梦·遗忘,Isolated Isles: Forgo Dreams,絶島ドリーミー・フォルガ,,,,official_reused,bwiki-infobox,BWIKI page: 绝岛幻梦·遗忘; template: Infobox/关卡,100,True,False
special:jam-jungle,special,Jam Jungle,Jam Jungle,ジャムジャングル,,,,unchanged,bwiki-infobox,BWIKI page: 果酱丛林; template: Infobox/关卡,100,True,False
special:jamba-heart,special,邪魔之心,Jamba Heart,ジャマハート,,,,official_reused,bwiki-infobox,BWIKI page: 道具（新星同盟）; template: 道具；BWIKI page: 邪魔之心; template: Infobox/道具,100,True,False
special:jambandra-base,special,Jambandra Base,Jambandra Base,大魔星マジュハルガロア,,,,unchanged,bwiki-infobox,BWIKI page: 邪魔哈洛亚大魔星; template: Infobox/关卡,100,True,False
special:jambastion,special,暗黑要塞 邪魔哈鲁达,Jambastion,暗黒ようさい ジャマハルダ!,,,,official_reused,bwiki-infobox,BWIKI page: 暗黑要塞 邪魔哈鲁达; template: Infobox/关卡,100,True,False
special:jerkweed,special,拉杆草,Jerkweed,ひきぬき草,,,,official_reused,bwiki-infobox,BWIKI page: 道具（集合！ 卡比）; template: 道具,100,True,False
special:journey-s-end,special,旅行的终点,Journey's End,旅の終わり,,,,official_reused,bwiki-infobox,BWIKI page: 旅行的终点; template: Infobox/关卡,100,True,False
special:jumbo-candy,special,巨型糖果,Jumbo Candy,ビッグキャンディー,,,,official_reused,bwiki-infobox,BWIKI page: 道具（集合！ 卡比）; template: 道具,100,True,False
special:ken-asuta,special,卡比与黏液之谜,"Ken Asuta,工作室",克劳德・M・莫伊兹,卡比 最伟大的案件,,,official_reused,bwiki-table,BWIKI table: 星之卡比漫画,100,True,False
special:key,special,钥匙,Key,キャリーキー,,,,official_reused,bwiki-infobox,BWIKI page: 钥匙; template: Infobox/道具,100,True,False
special:keychain,special,钥匙链,Keychain,キーホルダー,,,,official_reused,bwiki-infobox,BWIKI page: 星之卡比 三重豪华/道具; template: 道具,100,True,False
special:kine-s-theme,special,Kine's Theme,Kine's Theme,カインのテーマ,,,,unchanged,bwiki-infobox,BWIKI page: 海恩的主题曲; template: Infobox/音乐,100,True,False
special:king-dedede-s-theme,special,King Dedede's Theme,King Dedede's Theme,デデデ大王のテーマ,,,,unchanged,bwiki-infobox,BWIKI page: 帝帝帝大王主题曲; template: Infobox/音乐,100,True,False
special:kirby-bubble,special,卡比泡泡,Kirby Bubble,カービィシャボン,,,,official_reused,bwiki-infobox,BWIKI page: 卡比泡泡; template: Infobox/道具,100,True,False
special:kirby-cake,special,Kirby Cake,Kirby Cake,カービィケーキ,,,,unchanged,bwiki-infobox,BWIKI page: 卡比蛋糕; template: Infobox/关卡,100,True,False
special:kirby-conflict,special,Kirby Conflict,Kirby Conflict,コンフリクト,,,,unchanged,bwiki-infobox,BWIKI page: 卡比突击; template: Infobox/音乐,100,True,False
special:kirby-gba,special,星之卡比GBA,Kirby GBA,星のカービィGBA,,,,official_reused,bwiki-table,BWIKI table: 星之卡比系列,100,True,False
special:kirby-printer,special,卡比打印机,Kirby Printer,カービィプリンター,,Demo Ticket,体験チケット,project,bwiki-infobox,BWIKI page: 道具（皇家大乱斗）; template: 道具,100,True,False
special:kirby-rocket-s-big-blastoff,special,Kirby Rocket's Big Blastoff,Kirby Rocket's Big Blastoff,飛べ! カービィロケット,,,,unchanged,bwiki-infobox,BWIKI page: 飞吧！卡比火箭！; template: Infobox/音乐,100,True,False
special:kirby-s-inhale-showdown,special,Kirby's Inhale Showdown,Kirby's Inhale Showdown,カービィのすいこみ大決戦!,,,,unchanged,bwiki-infobox,BWIKI page: 卡比的吸入大决战！; template: Infobox/关卡,100,True,False
special:kirby-the-master-of-mouthfuls,special,"Kirby, the Master of Mouthfuls!","Kirby, the Master of Mouthfuls!",カービィのほおばりマスター!,,,,unchanged,bwiki-infobox,BWIKI page: 卡比的塞满嘴大师！; template: Infobox/关卡,100,True,False
special:kracko-course,special,Kracko Course,Kracko Course,クラッコ コース,,,,unchanged,bwiki-infobox,BWIKI page: 独眼云世界; template: Infobox/关卡,100,True,False
special:kracko-land,special,Kracko Land,Kracko Land,クラッコランド,,,,unchanged,bwiki-infobox,BWIKI page: 独眼云大陆; template: Infobox/关卡,100,True,False
special:lab-discovera,special,实验室·摸索发觉,Lab Discovera,ラボ・ディスカバール,,,,official_reused,bwiki-infobox,BWIKI page: 实验室·摸索发觉; template: Infobox/关卡,100,True,False
special:lake-breeze-lane,special,凉风湖畔,Lake-Breeze Lane,涼風レイク,,,,official_reused,bwiki-infobox,BWIKI page: 凉风湖畔; template: Infobox/关卡,100,True,False
special:launch-cannon,special,Launch Cannon,Launch Cannon,ふっとばし大砲,,,,unchanged,bwiki-infobox,BWIKI page: 发射大炮; template: Infobox/道具,100,True,False
special:lava-landing,special,Lava Landing,Lava Landing,あっちっちやま,,,,unchanged,bwiki-infobox,BWIKI page: 熔岩火山; template: Infobox/关卡,100,True,False
special:leaves,special,落叶,Leaves,落ち葉,,,,official_reused,bwiki-infobox,BWIKI page: 隐藏道具类; template: 道具,100,True,False
special:let-battle-commence,special,Let Battle Commence!,Let Battle Commence!,開幕バトルデラックス！,,,,unchanged,bwiki-infobox,BWIKI page: 豪华开幕战; template: Infobox/音乐,100,True,False
special:level-1,special,第一大陆,Level 1,レベル1,,,,project,bwiki-infobox,BWIKI page: 第一大陆 (卡比吸入大作战); template: Infobox/关卡,100,True,False
special:level-2,special,第二大陆,Level 2,レベル2,,,,project,bwiki-infobox,BWIKI page: 第二大陆 (卡比吸入大作战); template: Infobox/关卡,100,True,False
special:level-3,special,第三大陆,Level 3,レベル3,,,,project,bwiki-infobox,BWIKI page: 第三大陆 (卡比吸入大作战); template: Infobox/关卡,100,True,False
special:level-4,special,第四大陆,Level 4,レベル4,,,,project,bwiki-infobox,BWIKI page: 第四大陆 (卡比吸入大作战); template: Infobox/关卡,100,True,False
special:level-5,special,第五大陆,Level 5,レベル5,,,,project,bwiki-infobox,BWIKI page: 第五大陆 (卡比吸入大作战); template: Infobox/关卡,100,True,False
special:level-8-demo,special,第八关 最初,Level 8 Demo,LEVEL8の最初,,,,official_reused,bwiki-infobox,BWIKI page: 梦之泉(BGM); template: Infobox/音乐,100,True,False
special:level-map,special,大陆地图,Level Map,マップ,,,,official_reused,bwiki-infobox,BWIKI page: 大陆地图; template: Infobox/道具,100,True,False
special:life-piece,special,生命之星,Life Piece,ライフピース,生命星,,,official_reused,bwiki-infobox,BWIKI page: 星星; template: 道具；BWIKI page: 道具（毛线卡比/毛线卡比+）; template: 道具,100,True,False
special:life-up,special,生命提升,Life Up,ライフアップ,,,,official_reused,bwiki-infobox,BWIKI page: 道具（探索发现）; template: 道具,100,True,False
special:light-em-up-lantern-switches,special,Light 'Em Up! Lantern Switches,Light 'Em Up! Lantern Switches,ともして!ランタンスイッチ,,,,unchanged,bwiki-infobox,BWIKI page: 亮起来！提灯开关; template: Infobox/关卡,100,True,False
special:light-fragment,special,Light Fragment,Light Fragment,ひかりのカケラ,,,,unchanged,bwiki-infobox,BWIKI page: 光之碎片; template: Infobox/道具,100,True,False
special:light-fragment-codex,special,Light Fragment Codex,Light Fragment Codex,ひかりのカケラの書,,,,unchanged,bwiki-infobox,BWIKI page: 光之碎片之书; template: Infobox/道具,100,True,False
special:line-em-up-toss-and-return,special,Line 'Em Up! Toss and Return,Line 'Em Up! Toss and Return,なげてチャージ!はなしてキャッチ,,,,unchanged,bwiki-infobox,BWIKI page: 投掷蓄力！放开抓住; template: Infobox/关卡,100,True,False
special:locandra-dimension,special,Locandra Dimension,Locandra Dimension,異空のロスカドーラ,,,,unchanged,bwiki-infobox,BWIKI page: 异空间的落失德拉; template: Infobox/关卡,100,True,False
special:lollipop-land,special,糖果乐园,Lollipop Land,ロリポップ ランド,,,,project,bwiki-infobox,BWIKI page: 糖果乐园; template: Infobox/关卡,100,True,False
special:long-shots-noble-ranger-trial,special,Long Shots! Noble Ranger Trial,Long Shots! Noble Ranger Trial,たたかえ!ノーブルレンジャーのしれん,,,,unchanged,bwiki-infobox,BWIKI page: 战斗吧！辉煌探巡队的试炼; template: Infobox/关卡,100,True,False
special:longview-corridor,special,Longview Corridor,Longview Corridor,ぎょうしの回ろう,,,,unchanged,bwiki-infobox,BWIKI page: 凝视的回廊; template: Infobox/关卡,100,True,False
special:lost-in-alivel-mall,special,迷失的阿莱布尔购物中心,Lost in Alivel Mall,迷子のアライブルモール,,,,official_reused,bwiki-infobox,BWIKI page: 迷失的阿莱布尔购物中心; template: Infobox/关卡,100,True,False
special:low-road-cavern,special,前途无亮洞窟,Low-Road Cavern,オサキマックラ洞,,,,official_reused,bwiki-infobox,BWIKI page: 前途无亮洞窟; template: Infobox/关卡,100,True,False
special:machine-parts,special,飞行器零件,Machine Parts,マシンのパーツ,,,,project,bwiki-infobox,BWIKI page: 飞行器零件; template: Infobox/道具,100,True,False
special:machine-passage,special,Machine Passage,Machine Passage,スチールオーガン,,,,unchanged,bwiki-infobox,BWIKI page: 钢铁机关; template: Infobox/关卡,100,True,False
special:machine-planet-mekkai,special,机械之星 麦凯,Machine Planet MEKKAI,,,,,project,bwiki-infobox,BWIKI page: 机械之星 麦凯; template: Infobox/关卡,100,True,False
special:macho-of-dedede,special,Macho of Dedede,Macho of Dedede,マッチョ オブ デデデ,,,,unchanged,bwiki-infobox,BWIKI page: 帝帝帝猛男; template: Infobox/音乐,100,True,False
special:magic-yarn,special,魔法毛线,Magic yarn,まほうのけいと,,,,official_reused,bwiki-infobox,BWIKI page: 道具（毛线卡比/毛线卡比+）; template: 道具,100,True,False
special:magical-paintbrush,special,魔法画笔,Magical Paintbrush,魔法の絵筆,,,,project,bwiki-infobox,BWIKI page: 魔法画笔; template: Infobox/道具,100,True,False
special:magma-flows,special,Magma Flows,Magma Flows,マグヒート,,,,unchanged,bwiki-infobox,BWIKI page: 滚滚熔岩; template: Infobox/关卡,100,True,False
special:magolor-cake,special,Magolor Cake,Magolor Cake,マホロアケーキ,,,,unchanged,bwiki-infobox,BWIKI page: 魔法洛亚蛋糕; template: Infobox/关卡,100,True,False
special:mallow-castle,special,棉花糖城,Mallow Castle,マシュマロ城,,,,project,bwiki-infobox,BWIKI page: 棉花糖城; template: Infobox/关卡,100,True,False
special:mareen-moon,special,Mareen Moon,Mareen Moon,小惑星マリーン,,,,unchanged,bwiki-infobox,BWIKI page: 汪洋大海小行星; template: Infobox/关卡,100,True,False
special:maxim-tomato,special,M番茄,Maxim Tomato,マキシムトマト,,,,official_reused,bwiki-infobox,BWIKI page: M番茄; template: Infobox/道具,100,True,False
special:maxim-tomato-box,special,炮台,Maxim Tomato Box,置き型ロケットミサイル,固定式火箭导弹,Cracker,クラッカー | トマトボックス,official_reused,bwiki-infobox,BWIKI page: 星之卡比 Wii/道具; template: 道具；BWIKI page: 道具（卡比群星战Z）; template: 道具,100,True,False
special:meadow-breeze,special,Meadow Breeze,Meadow Breeze,そうげんをかけるそよかぜ,,,,unchanged,bwiki-infobox,BWIKI page: 草原微风; template: Infobox/音乐,100,True,False
special:meat,special,附骨肉,Meat,骨つき肉,,,,official_reused,bwiki-infobox,BWIKI page: 附骨肉; template: Infobox/道具,100,True,False
special:medal,special,奖牌,Medal,メダル,,,,official_reused,bwiki-infobox,BWIKI page: 奖牌; template: Infobox/道具,100,True,False
special:meddlesome-marx,special,Meddlesome Marx,Meddlesome Marx,VS.マルク,,,,unchanged,bwiki-infobox,BWIKI page: VS.魔噜酷; template: Infobox/音乐,100,True,False
special:mega-blossom-meadow,special,广阔花田,Mega-Blossom Meadow,大輪の花畑,,,,official_reused,bwiki-infobox,BWIKI page: 广阔花田; template: Infobox/关卡,100,True,False
special:melody-town,special,Melody Town,Melody Town,メロディタウン,,,,unchanged,bwiki-infobox,BWIKI page: 旋律城镇; template: Infobox/关卡,100,True,False
special:melt-and-glide-race-to-the-cannon,special,Melt and Glide! Race to the Cannon,Melt and Glide! Race to the Cannon,とかしてすべって!たいほうへ,,,,unchanged,bwiki-infobox,BWIKI page: 融化滑动！朝向大炮; template: Infobox/关卡,100,True,False
special:meta-melon-isle,special,惊异小岛,Meta Melon Isle,アメージングアイランド,,,,project,bwiki-infobox,BWIKI page: 惊异小岛; template: Infobox/关卡,100,True,False
special:metal-block,special,金属方块,Metal Block,強化ブロック,,,,official_reused,bwiki-infobox,BWIKI page: 方块; template: 道具；BWIKI page: 金属方块; template: Infobox/道具,100,True,False
special:metamato,special,变形番茄,Metamato,メタモルトマト,,,,official_reused,bwiki-infobox,BWIKI page: 道具（毛线卡比/毛线卡比+）; template: 道具,100,True,False
special:meteor-shower-s-arrival,special,初始流星群,Meteor Shower's Arrival,はじまりの流星群,,,,official_reused,bwiki-infobox,BWIKI page: 初始流星群; template: Infobox/关卡,100,True,False
special:metro-motorway,special,大都会,Metro Motorway,メトロポリス,,,,official_reused,bwiki-infobox,BWIKI page: 大都会; template: Infobox/关卡,100,True,False
special:metro-on-ice,special,极冷·地铁,Metro on ice,フローズン・メトロ,,,,official_reused,bwiki-infobox,BWIKI page: 极冷·地铁; template: Infobox/关卡,100,True,False
special:microphone-item,special,Microphone (item),Microphone (item),マイク (アイテム),,,,unchanged,bwiki-infobox,BWIKI page: 麦克风（道具）; template: Infobox/道具,100,True,False
special:milky-way-wishes-shooting,special,Milky Way Wishes: Shooting,Milky Way Wishes: Shooting,銀河にねがいを：シューティング面,,,,unchanged,bwiki-infobox,BWIKI page: 银河·新星核心(BGM); template: Infobox/音乐,100,True,False
special:milky-way-wishes-staff-credits,special,Milky Way Wishes: Staff Credits,Milky Way Wishes: Staff Credits,銀河にねがいを：スタッフロール,,,,unchanged,bwiki-infobox,BWIKI page: 向银河许愿：结尾; template: Infobox/音乐,100,True,False
special:mind-in-the-program,special,代码主宰心灵,Mind in the Program,マインド コントロールド バイ ア プログラム,,,,project,bwiki-infobox,BWIKI page: 代码主宰心灵; template: Infobox/关卡,100,True,False
special:mini-exp-orb,special,Mini EXP Orb,Mini EXP Orb,ミニけいけんち玉,,,,unchanged,bwiki-infobox,BWIKI page: 迷你经验值球; template: Infobox/道具,100,True,False
special:mint-leaf,special,红薯,Mint Leaf,さつまいも,,,,official_reused,bwiki-infobox,BWIKI page: 番薯/薄荷叶; template: Infobox/道具；BWIKI page: 道具（卡比群星战Z）; template: 道具,100,True,False
special:miracle-fruit,special,奇迹果实,Miracle Fruit,きせきの実,,,,project,bwiki-infobox,BWIKI page: 奇迹果实; template: Infobox/道具,100,True,False
special:mirror-shard,special,次元之镜碎片,Mirror Shard,鏡のかけら,,,,official_reused,bwiki-infobox,BWIKI page: 星之卡比 镜之大迷宫/道具; template: 道具；BWIKI page: 次元之镜碎片; template: Infobox/道具,100,True,False
special:mole-hole,special,Mole Hole,Mole Hole,びっくりやさい,,,,unchanged,bwiki-infobox,BWIKI page: 震惊菜园; template: Infobox/关卡,100,True,False
special:moon-base,special,Moon Base,Moon Base,わくせいきち,,,,unchanged,bwiki-infobox,BWIKI page: 行星基地; template: Infobox/关卡,100,True,False
special:moonlight-canyon,special,月光峡谷,Moonlight Canyon,ムーンライトキャニオン,,,,official_reused,bwiki-infobox,BWIKI page: 月光峡谷; template: Infobox/关卡,100,True,False
special:moonlight-canyon-labyrinth,special,月夜迷宫,Moonlight Canyon Labyrinth,ムーンナイトラビリンス,,,,official_reused,bwiki-infobox,BWIKI page: 月夜迷宫; template: Infobox/关卡,100,True,False
special:moonlight-capital,special,Moonlight Capital,Moonlight Capital,月影の帝都セクトラトア,,,,unchanged,bwiki-infobox,BWIKI page: 月影的帝都 塞昆托莱特亚; template: Infobox/音乐,100,True,False
special:moonlight-mansion,special,Moonlight Mansion,Moonlight Mansion,ムーンライトマンション,,,,unchanged,bwiki-infobox,BWIKI page: 月光大厦; template: Infobox/关卡,100,True,False
special:mount-amberfalls,special,Mount Amberfalls,Mount Amberfalls,フォーリス,,,,unchanged,bwiki-infobox,BWIKI page: 日暮山林; template: Infobox/关卡,100,True,False
special:mountain-stage,special,酸奶庭院,Mountain Stage,ヨーグルトヤード,,Yogurt Yard,,official_reused,bwiki-infobox,BWIKI page: 酸奶庭院(BGM); template: Infobox/音乐；BWIKI page: 酸奶庭院; template: Infobox/关卡,100,True,False
special:mr-shine-mr-bright-course,special,Mr. Shine & Mr. Bright Course,Mr. Shine & Mr. Bright Course,Mr.シャイン&Mr.ブライト コース,,,,unchanged,bwiki-infobox,BWIKI page: 光亮先生闪亮先生世界; template: Infobox/关卡,100,True,False
special:mt-daylight-pass,special,夕阳山道,Mt. Daylight Pass,落葉の山道,,,,official_reused,bwiki-infobox,BWIKI page: 夕阳山道; template: Infobox/关卡,100,True,False
special:mt-dedede,special,帝帝帝山,Mt. Dedede,マウントデデデ,,,,official_reused,bwiki-infobox,BWIKI page: 帝帝帝山; template: Infobox/关卡,100,True,False
special:mt-dedede-sky,special,帝帝帝山上空,Mt. Dedede Sky,マウントデデデ上空,,,,project,bwiki-infobox,BWIKI page: 帝帝帝山上空; template: Infobox/关卡,100,True,False
special:mt-slide,special,Mt. Slide,Mt. Slide,スライダーマウンテン,,,,unchanged,bwiki-infobox,BWIKI page: 滑道山脉; template: Infobox/关卡,100,True,False
special:mushgloom-route,special,蘑菇溪谷,Mushgloom Route,キノコ渓谷,,,,official_reused,bwiki-infobox,BWIKI page: 蘑菇溪谷; template: Infobox/关卡,100,True,False
special:mushroom-run,special,Mushroom Run,Mushroom Run,キノコのこかげ,,,,unchanged,bwiki-infobox,BWIKI page: 蘑菇小路; template: Infobox/关卡,100,True,False
special:music-note,special,乐谱,Music Note,がくふ,,,,project,bwiki-infobox,BWIKI page: 乐谱; template: Infobox/道具,100,True,False
special:must-dash,special,Must Dash,Must Dash,はずんでデンデン♪,,,,unchanged,bwiki-infobox,BWIKI page: 弹跳的噔噔咚咚♪; template: Infobox/音乐,100,True,False
special:mustard-mountain,special,Mustard Mountain,Mustard Mountain,マスタードマウンテン,,,,unchanged,bwiki-infobox,BWIKI page: 芥末山脉; template: Infobox/关卡,100,True,False
special:mysterious-ufo,special,Mysterious UFO,Mysterious UFO,ナゾのうちゅうせん,,,,unchanged,bwiki-infobox,BWIKI page: 谜之飞碟; template: Infobox/关卡,100,True,False
special:nametsumuri,special,蛞蝓,Nametsumuri,ナメツムリ,,,,official_reused,bwiki-table,BWIKI vertical name table: 需要帮助的NPC（星之卡比3）,100,True,False
special:natural-plains,special,自然草原,Natural Plains,ネイチェル草原,,,,official_reused,bwiki-infobox,BWIKI page: 自然草原; template: Infobox/关卡,100,True,False
special:nature-notch,special,Nature Notch,Nature Notch,ネイチャーネイベル,,,,unchanged,bwiki-infobox,BWIKI page: 自然之脐; template: Infobox/关卡,100,True,False
special:nature-s-navel,special,Nature's Navel,Nature's Navel,ネイキッドナチュレ,,,,unchanged,bwiki-infobox,BWIKI page: 星球险境; template: Infobox/关卡,100,True,False
special:nebula-belt,special,Nebula Belt,Nebula Belt,ギャラックス,,,,unchanged,bwiki-infobox,BWIKI page: 浩瀚天河; template: Infobox/关卡,100,True,False
special:necro-nebula,special,死灵星云,Necro Nebula,ネクロネビュラ,,,,project,bwiki-infobox,BWIKI page: 死灵星云; template: Infobox/关卡,100,True,False
special:neo-greo,special,Neo Greo,Neo Greo,ネオジェネオ,,,,unchanged,bwiki-infobox,BWIKI page: 新格里奥; template: Infobox/关卡,100,True,False
special:neo-star,special,原始之星,Neo Star,コレカラスター,,,,project,bwiki-infobox,BWIKI page: 原始之星; template: Infobox/关卡,100,True,False
special:neon-promenade,special,灯饰散步路,Neon Promenade,電飾プロムナード,,,,official_reused,bwiki-infobox,BWIKI page: 灯饰散步路; template: Infobox/关卡,100,True,False
special:northeast-frost-street,special,北边的白色街道,Northeast Frost Street,北のホワイトストリート,,,,official_reused,bwiki-infobox,BWIKI page: 北边的白色街道; template: Infobox/关卡,100,True,False
special:number-coin,special,数字硬币,Number coin,ナンバーコイン,,,,official_reused,bwiki-infobox,BWIKI page: 装置（帝帝帝大王的帝帝帝跃动Z）; template: 道具,100,True,False
special:nutty-noon,special,Nutty Noon,Nutty Noon,ナッツ ヌーン,,,,unchanged,bwiki-infobox,BWIKI page: 宁夏暖日; template: Infobox/关卡,100,True,False
special:off-the-wall-ricochet-switches,special,Off the Wall! Ricochet Switches,Off the Wall! Ricochet Switches,キンコン!きわめてカベはんしゃ,,,,unchanged,bwiki-infobox,BWIKI page: 铿锵！熟练墙壁反射; template: Infobox/关卡,100,True,False
special:old-odyssey,special,远古奥德赛,Old Odyssey,オールド オデッセイ,,,,project,bwiki-infobox,BWIKI page: 远古奥德赛; template: Infobox/关卡,100,True,False
special:old-tower,special,古代之塔,Old Tower,古代のとう,,,,project,bwiki-infobox,BWIKI page: 古代之塔; template: Infobox/关卡,100,True,False
special:olive-ocean,special,Olive Ocean,Olive Ocean,オリーブオーシャン,,,,unchanged,bwiki-infobox,BWIKI page: 橄榄树大海; template: Infobox/关卡,100,True,False
special:omarine-zone,special,Omarine Zone,Omarine Zone,オルトラムエリア,,,,unchanged,bwiki-infobox,BWIKI page: 奥马林带; template: Infobox/关卡,100,True,False
special:one-of-the-miracles,special,One of the Miracles,One of the Miracles,きせきの1つ,,,,unchanged,bwiki-infobox,BWIKI page: 奇迹的那一个; template: Infobox/音乐,100,True,False
special:onion-garden,special,洋葱花园,Onion Garden,たまねぎガーデン,,,,project,bwiki-infobox,BWIKI page: 洋葱花园; template: Infobox/关卡,100,True,False
special:onion-ocean,special,Onion Ocean,Onion Ocean,オニオン オーシャン,,,,unchanged,bwiki-infobox,BWIKI page: 讴歌鸥洋; template: Infobox/关卡,100,True,False
special:orange-ocean,special,Orange Ocean,Orange Ocean,オレンジオーシャン,,,,unchanged,bwiki-infobox,BWIKI page: 橘子海洋; template: Infobox/关卡,100,True,False
special:orange-woodland,special,橘色之林,Orange Woodland,オレンジ ウッドランド,,,,project,bwiki-infobox,BWIKI page: 橘色之林; template: Infobox/关卡,100,True,False
special:ore,special,矿石,Ore,こうせき,,,,project,bwiki-infobox,BWIKI page: 道具（皇家大乱斗）; template: 道具,100,True,False
special:ore-express,special,Ore Express,Ore Express,ぽいぽいトレイン,,,,unchanged,bwiki-infobox,BWIKI page: 轰隆隆宝石专列; template: Infobox/关卡,100,True,False
special:originull-wasteland,special,原始荒野大地,Originull Wasteland,オリジネシア荒野大地,,,,official_reused,bwiki-infobox,BWIKI page: 原始荒野大地; template: Infobox/关卡,100,True,False
special:outer-rings,special,Outer Rings,Outer Rings,ワッカせいうん,,,,unchanged,bwiki-infobox,BWIKI page: 环圈星云; template: Infobox/关卡,100,True,False
special:outfit,special,装扮,Outfit,,,,,official_reused,bwiki-infobox,BWIKI page: 装扮; template: Infobox/道具,100,True,False
special:overload-ocean,special,主频装运港,Overload Ocean,オクターン オーシャン,,,,project,bwiki-infobox,BWIKI page: 主频装运港; template: Infobox/关卡,100,True,False
special:patch,special,Patch,Patch,パワーアップアイテム,,,,unchanged,bwiki-infobox,BWIKI page: 补丁; template: Infobox/道具,100,True,False
special:patch-castle,special,毛毛的城堡,Patch Castle,フラッフのおしろ,,,,project,bwiki-infobox,BWIKI page: 毛毛的城堡; template: Infobox/关卡,100,True,False
special:patch-land,special,Patch Land,Patch Land,毛糸の世界,,,,unchanged,bwiki-infobox,BWIKI page: 毛线世界; template: Infobox/关卡,100,True,False
special:patched-plains,special,怠速大平原,Patched Plains,プレイン プロプトン,,,,project,bwiki-infobox,BWIKI page: 怠速大平原; template: Infobox/关卡,100,True,False
special:peanut-plains,special,花生平原,Peanut Plains,ピーナツ平野,,,,project,bwiki-infobox,BWIKI page: 花生平原(BGM); template: Infobox/音乐；BWIKI page: 花生平原; template: Infobox/关卡,100,True,False
special:pep-brew-pep-drink-health-drink-energy-drink-power-drink-peppy-tonic,special,元气饮料,Pep Brew、Pep Drink、Health Drink、Energy Drink、Power Drink、Peppy Tonic,元気ドリンク,,,,official_reused,bwiki-infobox,BWIKI page: 元气饮料; template: Infobox/道具,100,True,False
special:peppermint-palace,special,Peppermint Palace,Peppermint Palace,ペパーミントパレス,,,,unchanged,bwiki-infobox,BWIKI page: 薄荷糖宫殿; template: Infobox/关卡,100,True,False
special:picture-piece,special,插画拼图,Picture Piece,イラストピース,,,,official_reused,bwiki-infobox,BWIKI page: 插画拼图; template: Infobox/道具,100,True,False
special:piece-of-leon-s-soul,special,狮王的灵魂,Piece of Leon's Soul,レオンのソウル,,,,official_reused,bwiki-infobox,BWIKI page: 道具（探索发现）; template: 道具,100,True,False
special:pierce-the-floor-up-and-down-tower,special,Pierce the Floor! Up-and-Down Tower,Pierce the Floor! Up-and-Down Tower,つきさして!アップダウンタワー,,,,unchanged,bwiki-infobox,BWIKI page: 突刺！上下塔; template: Infobox/关卡,100,True,False
special:pinball-block,special,弹球方块,Pinball Block,ピンボールブロック,,,,official_reused,bwiki-table,BWIKI vertical name table: 道具（卡比方块球）,100,True,False
special:pink-ball-activate,special,Pink Ball Activate!,Pink Ball Activate!,桃球発進！ロボボアーマー,,,,unchanged,bwiki-infobox,BWIKI page: 粉球前进！机器博博装甲; template: Infobox/音乐,100,True,False
special:planet-caverna,special,Planet Caverna,Planet Caverna,惑星ポッカラ,,,,unchanged,bwiki-infobox,BWIKI page: 洞窟行星; template: Infobox/关卡,100,True,False
special:planet-earthfall,special,Planet Earthfall,Planet Earthfall,惑星フォルアース,,,,unchanged,bwiki-infobox,BWIKI page: 落叶之秋行星; template: Infobox/关卡,100,True,False
special:planet-frostak,special,Planet Frostak,Planet Frostak,惑星ヒャッコル,,,,unchanged,bwiki-infobox,BWIKI page: 冰雪寒行星; template: Infobox/关卡,100,True,False
special:planet-misteen,special,Planet Misteen,Planet Misteen,惑星ミスティーン,,,,unchanged,bwiki-infobox,BWIKI page: 水汪汪行星; template: Infobox/关卡,100,True,False
special:planet-towara,special,Planet Towara,Planet Towara,惑星ピサーシャ,,,,unchanged,bwiki-infobox,BWIKI page: 机关塔行星; template: Infobox/关卡,100,True,False
special:plasma-wisp,special,电离子团,英： Plasma Wisp,日：プラズマウィスプ,,,,project,bwiki-table,BWIKI table: 卡比的驭天飞行,100,True,False
special:plundering-beast-battle,special,Plundering Beast Battle,Plundering Beast Battle,りゃくだつのビーストバトル,,,,unchanged,bwiki-infobox,BWIKI page: 掠夺野兽之战; template: Infobox/音乐,100,True,False
special:point-of-arrival,special,初始之地,Point of Arrival,はじまりの地,,,,official_reused,bwiki-infobox,BWIKI page: 初始之地; template: Infobox/关卡,100,True,False
special:point-star,special,分数星,Point Star,ポイントスター,,,,official_reused,bwiki-infobox,BWIKI page: 分数星; template: Infobox/道具,100,True,False
special:pop-flower,special,Pop Flower,Pop Flower,ポップフラワー,,,,unchanged,bwiki-infobox,BWIKI page: 波普之花; template: Infobox/道具,100,True,False
special:pop-shots-a-vending-adventure,special,射击前进！自动贩卖机的冒险,Pop Shots! A Vending Adventure,うってすすめ!じはんきのぼうけん,,,,official_reused,bwiki-infobox,BWIKI page: 射击前进！自动贩卖机的冒险; template: Infobox/关卡,100,True,False
special:popopo-islands,special,Popopo Islands,Popopo Islands,ポポポアイランズ,,,,unchanged,bwiki-infobox,BWIKI page: 啵啵啵岛; template: Infobox/关卡,100,True,False
special:poppy-brothers-land,special,Poppy Brothers' Land,Poppy Brothers' Land,ポピーブラザーズランド,,,,unchanged,bwiki-infobox,BWIKI page: 波比兄弟大陆; template: Infobox/关卡,100,True,False
special:poseiblu-dimension,special,Poseiblu Dimension,Poseiblu Dimension,異空のポセインブール,,,,unchanged,bwiki-infobox,BWIKI page: 异空间的波赛蓝海; template: Infobox/关卡,100,True,False
special:power-block,special,硬方块,Power Block,パワーブロック,,,,official_reused,bwiki-table,BWIKI vertical name table: 道具（卡比方块球）,100,True,False
special:power-tablets,special,石板,Power Tablets,石ばん,,,,official_reused,bwiki-infobox,BWIKI page: 石板; template: Infobox/道具,100,True,False
special:power-up-heart,special,升级之心,Power-Up Heart,レベルアップハート,,,,official_reused,bwiki-infobox,BWIKI page: 升级之心; template: Infobox/道具；BWIKI page: 道具（新星同盟）; template: 道具,100,True,False
special:prickly-pencil,special,带刺铅笔,Prickly pencil,トゲこんぼう,,,,official_reused,bwiki-infobox,BWIKI page: 装置（帝帝帝大王的帝帝帝跃动Z）; template: 道具,100,True,False
special:prism-overpass,special,彩虹之路,Prism Overpass,レインボー道路,,,,official_reused,bwiki-infobox,BWIKI page: 彩虹之路; template: Infobox/关卡,100,True,False
special:prism-plains,special,Prism Plains,Prism Plains,プリズムプレインズ,,,,unchanged,bwiki-infobox,BWIKI page: 棱柱绿原; template: Infobox/关卡,100,True,False
special:prism-shield,special,棱镜防护盾,Prism Shield,プリズムシールド,,,,official_reused,bwiki-infobox,BWIKI page: 星之卡比 Wii/道具; template: 道具,100,True,False
special:propeller-drum,special,轨道鼓,Propeller drum,のるとうごくドラム,,,,official_reused,bwiki-infobox,BWIKI page: 装置（帝帝帝大王的帝帝帝跃动Z）; template: 道具,100,True,False
special:puddings-la-mode,special,Puddings à la Mode,Puddings à la Mode,プリンアラモード,,,,unchanged,bwiki-infobox,BWIKI page: 布丁圣代; template: Infobox/关卡,100,True,False
special:pull-switch,special,拉杆,Pull Switch,ぶらさがりスイッチ,,,,official_reused,bwiki-infobox,BWIKI page: 开关; template: Infobox/道具,100,True,False
special:pumpkin-grand,special,南瓜广场,Pumpkin Grand,かぼちゃグランド,,,,project,bwiki-infobox,BWIKI page: 南瓜广场; template: Infobox/关卡,100,True,False
special:purple-fortress,special,紫色城堡,Purple Fortress,パープル フォートレス,,,,project,bwiki-infobox,BWIKI page: 紫色城堡; template: Infobox/关卡,100,True,False
special:purple-plants,special,紫色植园,Purple Plants,パープルプランツ,,,,project,bwiki-infobox,BWIKI page: 紫色植园; template: Infobox/关卡,100,True,False
special:pyramid-sands,special,Pyramid Sands,Pyramid Sands,さんかくさばく,,,,unchanged,bwiki-infobox,BWIKI page: 角塔沙漠; template: Infobox/关卡,100,True,False
special:pyred-dimension,special,Pyred Dimension,Pyred Dimension,異空のプロムゾーン,,,,unchanged,bwiki-infobox,BWIKI page: 异空间的飘逸绯境; template: Infobox/关卡,100,True,False
special:quilty-square,special,羽绒广场,Quilty Square,キルトのまち,,,,project,bwiki-infobox,BWIKI page: 羽绒广场; template: Infobox/关卡,100,True,False
special:r-o-b-professor-hector,special,机器人&赫克托博士,R.O.B. & Professor Hector,ロボット&ヘクター博士,,,,official_reused,bwiki-table,BWIKI vertical name table: 需要帮助的NPC（星之卡比3）,100,True,False
special:radish-ruins,special,Radish Ruins,Radish Ruins,ラディッシュルインズ,,,,unchanged,bwiki-infobox,BWIKI page: 小萝卜遗迹; template: Infobox/关卡,100,True,False
special:rainbow-across-the-skies,special,Rainbow Across the Skies,Rainbow Across the Skies,天かける虹,,,,unchanged,bwiki-infobox,BWIKI page: 穿越天空的彩虹(BGM); template: Infobox/音乐,100,True,False
special:rainbow-bubble,special,彩虹泡泡,Rainbow bubble,虹のかけら,,,,official_reused,bwiki-infobox,BWIKI page: 道具（集合！ 卡比）; template: 道具,100,True,False
special:rainbow-drop,special,Rainbow Drop,Rainbow Drop,虹のしずく,,,,unchanged,bwiki-infobox,BWIKI page: 彩虹水滴; template: Infobox/道具,100,True,False
special:rainbow-falls,special,Rainbow Falls,Rainbow Falls,にじのたき,,,,unchanged,bwiki-infobox,BWIKI page: 彩虹瀑布; template: Infobox/关卡,100,True,False
special:rainbow-islands,special,彩虹诸岛,Rainbow Islands,虹の島々,,,,official_reused,bwiki-infobox,BWIKI page: 彩虹诸岛; template: Infobox/关卡,100,True,False
special:rainbow-medal,special,彩虹奖牌,Rainbow medal,虹のメダル,,,,official_reused,bwiki-infobox,BWIKI page: 道具（集合！ 卡比）; template: 道具,100,True,False
special:rainbow-resort,special,Rainbow Resort,Rainbow Resort,レインボーリゾート (BGM),,,レインボーリゾート,unchanged,bwiki-infobox,BWIKI page: 彩虹圣地(BGM); template: Infobox/音乐；BWIKI page: 彩虹圣地; template: Infobox/关卡,100,True,False
special:rainbow-route,special,Rainbow Route,Rainbow Route,レインボールート,,,,unchanged,bwiki-infobox,BWIKI page: 彩虹之路(镜之大迷宫); template: Infobox/关卡,100,True,False
special:raisin-ruins,special,Raisin Ruins,Raisin Ruins,レーズン ルインズ,,,,unchanged,bwiki-infobox,BWIKI page: 热浪如火; template: Infobox/关卡,100,True,False
special:rare-fragment,special,稀有碎片,Rare Fragment,レアなカケラ,,,,official_reused,bwiki-infobox,BWIKI page: 稀有碎片; template: Infobox/道具,100,True,False
special:rare-fragment-codex,special,Rare Fragment Codex,Rare Fragment Codex,レアなカケラの書,,,,unchanged,bwiki-infobox,BWIKI page: 稀有碎片之书; template: Infobox/道具,100,True,False
special:rare-stone,special,稀有石,Rare Stone,レアストーン,,,,official_reused,bwiki-infobox,BWIKI page: 道具（探索发现）; template: 道具,100,True,False
special:ready-aim-fire-distant-targets,special,"Ready, Aim, Fire! Distant Targets","Ready, Aim, Fire! Distant Targets",あてろ! かなたのターゲット,,,,unchanged,bwiki-infobox,BWIKI page: 击中吧！彼岸的目标; template: Infobox/关卡,100,True,False
special:real-dark-matter,special,Real Dark Matter,Real Dark Matter,VS.リアルダークマター,,,,unchanged,bwiki-infobox,BWIKI page: VS.真暗物质; template: Infobox/音乐,100,True,False
special:recovery-ring,special,恢复圈,Recovery Ring,回復リング,,,,official_reused,bwiki-infobox,BWIKI page: 装置（帝帝帝大王的帝帝帝跃动Z）; template: 道具,100,True,False
special:red-box,special,红色货柜,Red Box,赤コンテナ,,,,official_reused,bwiki-infobox,BWIKI page: 道具（驭天飞行/驭天飞行者）; template: 道具,100,True,False
special:red-canyon,special,红色峡谷,Red Canyon,レッドキャニオン,,,,project,bwiki-infobox,BWIKI page: 红色峡谷; template: Infobox/关卡,100,True,False
special:red-star,special,红星,Red Star,レッドスター,,,,official_reused,bwiki-infobox,BWIKI page: 道具（滚滚卡比）; template: 道具,100,True,False
special:red-volcano,special,红炎火山,Red Volcano,レッド ボルケーノ,,,,project,bwiki-infobox,BWIKI page: 红炎火山; template: Infobox/关卡,100,True,False
special:reddy-land,special,Reddy Land,Reddy Land,レッディランド,,,,unchanged,bwiki-infobox,BWIKI page: 雷迪大陆; template: Infobox/关卡,100,True,False
special:redgar-forbidden-lands,special,红通通禁区,Redgar Forbidden Lands,レッドガル禁足地,,,,official_reused,bwiki-infobox,BWIKI page: 红通通禁区; template: Infobox/关卡,100,True,False
special:reef-resort,special,Reef Resort,Reef Resort,リーフリゾート,,,,unchanged,bwiki-infobox,BWIKI page: 比肩滨海; template: Infobox/关卡,100,True,False
special:reefside-ride,special,海风珍珠之路,Reefside Ride,潮風パールライン,,,,official_reused,bwiki-infobox,BWIKI page: 海风珍珠之路; template: Infobox/关卡,100,True,False
special:reflected-laughter,special,Reflected Laughter,Reflected Laughter,奥のカガミで笑う影,,,,unchanged,bwiki-infobox,BWIKI page: 镜子深处的笑影; template: Infobox/音乐,100,True,False
special:remote-controller,special,远程控制器,Remote Controller,リモコン,,,,official_reused,bwiki-infobox,BWIKI page: 星之卡比 机器博博星球/道具; template: 道具,100,True,False
special:resolution-road,special,码率模范城,Resolution Road,ラスタード ロード,,,,project,bwiki-infobox,BWIKI page: 码率模范城; template: Infobox/关卡,100,True,False
special:revenge-of-meta-knight-map,special,Revenge of Meta Knight (Map),Revenge of Meta Knight (Map),メタナイトの逆襲:戦艦マップ,,,,unchanged,bwiki-infobox,BWIKI page: 魅塔骑士的逆袭：战舰地图; template: Infobox/音乐,100,True,False
special:reviving-tomato,special,Reviving Tomato,Reviving Tomato,ふっかつトマト,,,,unchanged,bwiki-infobox,BWIKI page: 重生番茄; template: Infobox/道具,100,True,False
special:revolve-and-aim-tower-of-targets,special,Revolve and Aim! Tower of Targets,Revolve and Aim! Tower of Targets,ねらってまわって!ターゲットタワー,,,ピコっと!クギうちクライム,unchanged,bwiki-infobox,BWIKI page: 战斗吧！冰霜冰冻的试炼; template: Infobox/关卡；BWIKI page: 瞄准旋转！目标塔; template: Infobox/关卡,100,True,False
special:rhythm-route,special,新曲新干线,Rhythm Route,リポジトリム リズム,,,,project,bwiki-infobox,BWIKI page: 新曲新干线; template: Infobox/关卡,100,True,False
special:rick-s-theme,special,Rick's Theme,Rick's Theme,リックのテーマ,,,,unchanged,bwiki-infobox,BWIKI page: 陆库的主题曲; template: Infobox/音乐,100,True,False
special:ripple-field,special,涟漪海滨,Ripple Field,リップルフィールド,,,,project,bwiki-infobox,BWIKI page: 涟漪海滨(BGM); template: Infobox/音乐；BWIKI page: 涟漪海滨; template: Infobox/关卡,100,True,False
special:ripple-field-ocean-waves,special,Ripple Field: Ocean Waves,Ripple Field: Ocean Waves,星のカービィ3:海ステージ,,,,unchanged,bwiki-infobox,BWIKI page: 星之卡比3:海洋关卡; template: Infobox/音乐,100,True,False
special:ripple-star,special,波纹之星,Ripple Star,リップルスター,,,,project,bwiki-infobox,BWIKI page: 波纹之星; template: Infobox/关卡,100,True,False
special:road-to-victory,special,Road to Victory,Road to Victory,勝利への道,,,,unchanged,bwiki-infobox,BWIKI page: 通往胜利的道路; template: Infobox/音乐,100,True,False
special:rock-star,special,荒芜之星,Rock Star,ホロビタスター,,,,project,bwiki-infobox,BWIKI page: 荒芜之星; template: Infobox/关卡,100,True,False
special:rocket-rumble,special,Rocket Rumble,Rocket Rumble,とばせ!ロケットレース,,,,unchanged,bwiki-infobox,BWIKI page: 起飞！激燃火箭; template: Infobox/关卡,100,True,False
special:rocky-rollin-road,special,滚石道路,Rocky Rollin' Road,ごろりんロード,,,,official_reused,bwiki-infobox,BWIKI page: 滚石道路; template: Infobox/关卡,100,True,False
special:roll-and-jump-pipe-ramp-path,special,Roll and Jump! Pipe-Ramp Path,Roll and Jump! Pipe-Ramp Path,ジャンプだ!ゴロゴロカービィ,,,,unchanged,bwiki-infobox,BWIKI page: 跳跃！滚滚卡比; template: Infobox/关卡,100,True,False
special:roll-on-needle-road,special,Roll On! Needle Road,Roll On! Needle Road,ころがれ!ニードルロード,,,,unchanged,bwiki-infobox,BWIKI page: 滚动吧！针路; template: Infobox/关卡,100,True,False
special:roll-up-and-throw-clutter-needle-trial,special,Roll Up and Throw! Clutter Needle Trial,Roll Up and Throw! Clutter Needle Trial,たたかえ!ジャンクニードルのしれん,,,,unchanged,bwiki-infobox,BWIKI page: 战斗吧！废品针的试炼; template: Infobox/关卡,100,True,False
special:room-guarder,special,Room Guarder,Room Guarder,ルームガーダー (BGM),,,,unchanged,bwiki-infobox,BWIKI page: 房间守卫者; template: Infobox/音乐,100,True,False
special:rope,special,Rope,Rope,ヒモつきステップ,,,,unchanged,bwiki-infobox,BWIKI page: 绳子; template: Infobox/道具,100,True,False
special:roulette-bubble,special,神秘泡泡,Roulette bubble,,,,,official_reused,bwiki-infobox,BWIKI page: 星之卡比 怪盗洛切团登场！/道具; template: 道具,100,True,False
special:royal-road,special,皇室之路,Royal Road,ロイヤル ロード,,,,project,bwiki-infobox,BWIKI page: 皇室之路; template: Infobox/关卡,100,True,False
special:ruinous-runway,special,被忘却的遗迹,Ruinous Runway,忘れられた遺跡,,,,official_reused,bwiki-infobox,BWIKI page: 被忘却的遗迹; template: Infobox/关卡,100,True,False
special:running-through-the-new-world,special,Running Through the New World,Running Through the New World,新世界をかけぬけて,,,,unchanged,bwiki-infobox,BWIKI page: 穿越新世界; template: Infobox/音乐,100,True,False
special:rush-and-roll-falling-needle-road,special,Rush and Roll! Falling Needle Road,Rush and Roll! Falling Needle Road,いそげ!くずれるニードルロード,,,,unchanged,bwiki-infobox,BWIKI page: 快点！崩坏的针路; template: Infobox/关卡,100,True,False
special:sacred-square,special,Sacred Square,Sacred Square,セイントスクエアーズ,,,,unchanged,bwiki-infobox,BWIKI page: 盟军梦想; template: Infobox/关卡,100,True,False
special:samus-aran,special,萨姆斯,Samus Aran,サムス,,,,official_reused,bwiki-table,BWIKI vertical name table: 需要帮助的NPC（星之卡比3）,100,True,False
special:sand-canyon,special,尘沙峡谷,Sand Canyon,サンドキャニオン,,,,project,bwiki-infobox,BWIKI page: 尘沙峡谷; template: Infobox/关卡,100,True,False
special:sandwiches,special,Sandwiches,Sandwiches,サンドイッチ,,,,unchanged,bwiki-infobox,BWIKI page: 三明治; template: Infobox/关卡,100,True,False
special:sandy-canyon,special,金沙峡谷,Sandy Canyon,サラサンドーラ,,,,project,bwiki-infobox,BWIKI page: 金沙峡谷; template: Infobox/关卡,100,True,False
special:scale,special,Scale,Scale,てんびんリフト,,,,unchanged,bwiki-infobox,BWIKI page: 滑轮平台; template: Infobox/道具,100,True,False
special:scale-the-cement-summit,special,登上方块山丘,Scale the Cement Summit,登ってブロックヒルズ,,,,official_reused,bwiki-infobox,BWIKI page: 登上方块山丘; template: Infobox/关卡,100,True,False
special:score-block,special,分数方块,Score Block,得点ブロック,,,,official_reused,bwiki-table,BWIKI vertical name table: 道具（卡比方块球）,100,True,False
special:searching-the-oasis,special,寻求滋润,Searching the Oasis,うるおい求めて,,,,official_reused,bwiki-infobox,BWIKI page: 寻求滋润; template: Infobox/关卡,100,True,False
special:seaside,special,海岸,Seaside,,,,,official_reused,bwiki-infobox,BWIKI page: 海岸; template: Infobox/关卡,100,True,False
special:secret-island,special,Secret Island,Secret Island,ひみつのしま,,,,unchanged,bwiki-infobox,BWIKI page: 神秘小岛; template: Infobox/关卡,100,True,False
special:secret-map,special,神秘地图,Secret Map,ひみつのマップ,,,,official_reused,bwiki-infobox,BWIKI page: 星之卡比 怪盗洛切团登场！/道具; template: 道具,100,True,False
special:secret-path,special,秘密大陆,Secret Path,シークレット,,,,project,bwiki-infobox,BWIKI page: 秘密大陆 (卡比吸入大作战); template: Infobox/关卡,100,True,False
special:secret-sea,special,Secret Sea,Secret Sea,シークレットシー,,,,unchanged,bwiki-infobox,BWIKI page: 神秘海域; template: Infobox/关卡,100,True,False
special:sector-a,special,Sector A,Sector A,こうの区画,,,,unchanged,bwiki-infobox,BWIKI page: 甲区域; template: Infobox/关卡,100,True,False
special:sector-b,special,Sector B,Sector B,おつの区画,,,,unchanged,bwiki-infobox,BWIKI page: 乙区域; template: Infobox/关卡,100,True,False
special:sector-c,special,Sector C,Sector C,へいの区画,,,,unchanged,bwiki-infobox,BWIKI page: 丙区域; template: Infobox/关卡,100,True,False
special:seek-the-switches-homing-bomb-hunt,special,Seek the Switches! Homing Bomb Hunt,Seek the Switches! Homing Bomb Hunt,ポイッとなげこめ!サーチでオン,,,,unchanged,bwiki-infobox,BWIKI page: 奋力一丢！追踪开启; template: Infobox/关卡,100,True,False
special:seventopia,special,Seventopia,Seventopia,セブントピア,,,,unchanged,bwiki-infobox,BWIKI page: 七托邦; template: Infobox/关卡,100,True,False
special:sheet-cake,special,Sheet Cake,Sheet Cake,スクエアケーキ,,,,unchanged,bwiki-infobox,BWIKI page: 方形蛋糕; template: Infobox/关卡,100,True,False
special:shine-and-seek-into-the-ghost-maze,special,Shine and Seek! Into the Ghost Maze,Shine and Seek! Into the Ghost Maze,てらせ!まよいのゴーストメイズ,,,,unchanged,bwiki-infobox,BWIKI page: 照亮吧！迷路的幽灵迷宫; template: Infobox/关卡,100,True,False
special:shiver-star,special,颤抖之星,Shiver Star,ブルブルスター,,,,project,bwiki-infobox,BWIKI page: 颤抖之星; template: Infobox/关卡,100,True,False
special:shoot-and-scoot-conveyor-targets,special,Shoot and Scoot! Conveyor Targets,Shoot and Scoot! Conveyor Targets,うってながされ!きょうふのコンベアおとし,,,,unchanged,bwiki-infobox,BWIKI page: 射击顺流！恐怖的传送带掉落; template: Infobox/关卡,100,True,False
special:shooting,special,Shooting,Shooting,やきいもシューティング,,,,unchanged,bwiki-infobox,BWIKI page: 薄荷叶射击; template: Infobox/音乐,100,True,False
special:silent-side-street,special,寂静城市,Silent Side Street,静寂の街,,,,official_reused,bwiki-infobox,BWIKI page: 寂静城市; template: Infobox/关卡,100,True,False
special:sizzlai-moon,special,Sizzlai Moon,Sizzlai Moon,小惑星メラーガ,,,,unchanged,bwiki-infobox,BWIKI page: 火焰小行星; template: Infobox/关卡,100,True,False
special:skull-key,special,头骨儿钥匙,Skull key,ドクロのカギ,,,,official_reused,bwiki-infobox,BWIKI page: 道具（集合！ 卡比）; template: 道具,100,True,False
special:sky-sands,special,Sky Sands,Sky Sands,サンドーラ,,,,unchanged,bwiki-infobox,BWIKI page: 流沙荒漠; template: Infobox/关卡,100,True,False
special:slam-hockey,special,Slam Hockey,Slam Hockey,スマッシュホッケー,,,,unchanged,bwiki-infobox,BWIKI page: 绝杀冰壶; template: Infobox/关卡,100,True,False
special:slash-and-slice-gigant-sword-trial,special,Slash and Slice! Gigant Sword Trial,Slash and Slice! Gigant Sword Trial,たたかえ!ギガントソードのしれん,,,,unchanged,bwiki-infobox,BWIKI page: 战斗吧！庞大利剑的试炼; template: Infobox/关卡,100,True,False
special:slash-and-slice-sword-trial,special,Slash and Slice! Sword Trial,Slash and Slice! Sword Trial,たたかえ!ソードのしれん,,,,unchanged,bwiki-infobox,BWIKI page: 战斗吧！利剑的试炼; template: Infobox/关卡,100,True,False
special:slash-meta-knight-sword-trial,special,Slash! Meta Knight Sword Trial,Slash! Meta Knight Sword Trial,たたかえ!メタナイトソードのしれん,,,,unchanged,bwiki-infobox,BWIKI page: 战斗吧！魅塔骑士利剑的试炼; template: Infobox/关卡,100,True,False
special:slash-morpho-knight-sword-trial,special,Slash! Morpho Knight Sword Trial,Slash! Morpho Knight Sword Trial,たたかえ!バルフレイソードのしれん,,,,unchanged,bwiki-infobox,BWIKI page: 战斗吧！冥蝶骑士利剑的试炼; template: Infobox/关卡,100,True,False
special:slash-wisely-rope-cutting-quiz,special,Slash Wisely! Rope-Cutting Quiz,Slash Wisely! Rope-Cutting Quiz,みきわめて!どっちのロープカット,,,,unchanged,bwiki-infobox,BWIKI page: 看清楚！剪哪条绳子; template: Infobox/关卡,100,True,False
special:sliding-road-high-speed-skating,special,Sliding Road! High-Speed Skating,Sliding Road! High-Speed Skating,すべる道!ハイスピードスケート,,,,unchanged,bwiki-infobox,BWIKI page: 滑道！高速溜冰; template: Infobox/关卡,100,True,False
special:smack-to-the-top-hit-the-nails,special,Smack to the Top! Hit the Nails,Smack to the Top! Hit the Nails,たたかえ!フロストアイスのしれん,,,,unchanged,bwiki-infobox,BWIKI page: 咻咻！钉子攀登; template: Infobox/关卡,100,True,False
special:snow-land,special,寒冰雪地,Snow Land,スノーランド,,,,project,bwiki-infobox,BWIKI page: 寒冰雪地; template: Infobox/关卡,100,True,False
special:snowy-fields,special,Snowy Fields,Snowy Fields,タマゲールせつげん,,,,unchanged,bwiki-infobox,BWIKI page: 冰雪平原; template: Infobox/关卡,100,True,False
special:sound-player,special,音乐播放器,Sound Player,サウンドプレイヤー,,,,official_reused,bwiki-infobox,BWIKI page: 星之卡比 镜之大迷宫/道具; template: 道具,100,True,False
special:space-area,special,Space Area,Space Area,宇宙エリア,,,,unchanged,bwiki-infobox,BWIKI page: 宇宙区域; template: Infobox/音乐,100,True,False
special:space-land,special,太空之地,Space Land,スペースランド,,,,project,bwiki-infobox,BWIKI page: 太空之地; template: Infobox/关卡,100,True,False
special:sparkling-star,special,闪烁之星,Sparkling Star,きらきらぼし,,,,official_reused,bwiki-infobox,BWIKI page: 星星; template: 道具；BWIKI page: 闪烁之星; template: Infobox/道具,100,True,False
special:speed-and-swerve-conveyor-circuit,special,Speed and Swerve! Conveyor Circuit,Speed and Swerve! Conveyor Circuit,とびこえろ!コンベアサーキット,,,,unchanged,bwiki-infobox,BWIKI page: 飞越吧！传送带赛道; template: Infobox/关卡,100,True,False
special:speed-boost,special,速度提升,Speed Boost,スピードアップ,,,,official_reused,bwiki-infobox,BWIKI page: 道具（探索发现）; template: 道具,100,True,False
special:spike-ball,special,刺球,Spike Ball,イガボール,,,,official_reused,bwiki-infobox,BWIKI page: 滚球; template: 道具,100,True,False
special:spiked-ring,special,带刺环,Spiked ring,トゲリング,,,,official_reused,bwiki-infobox,BWIKI page: 装置（帝帝帝大王的帝帝帝跃动Z）; template: 道具,100,True,False
special:spikeflip-drum,special,翻转刺刺鼓,Spikeflip drum,うらがえるトゲドラム,,,,official_reused,bwiki-infobox,BWIKI page: 装置（帝帝帝大王的帝帝帝跃动Z）; template: 道具,100,True,False
special:spikes,special,Spikes,Spikes,トゲ,,,,unchanged,bwiki-infobox,BWIKI page: 尖刺; template: Infobox/道具,100,True,False
special:spin-panel,special,旋转面板,Spin Panel,,跳跃台,,,official_reused,bwiki-infobox,BWIKI page: 道具（驭天飞行/驭天飞行者）; template: 道具,100,True,False
special:spinning-dream-parade,special,天空巡游轮转不停,Spinning Dream Parade,転回のスカイパレード,,,,official_reused,bwiki-infobox,BWIKI page: 天空巡游轮转不停; template: Infobox/关卡,100,True,False
special:spire-vine,special,棒棒藤,Spire Vine,バイン棒,,,,official_reused,bwiki-infobox,BWIKI page: 道具（集合！ 卡比）; template: 道具,100,True,False
special:spit-spit-out,special,吐出,Spit / Spit Out,はきだし,,,,project,curated-official-notes,星之卡比官方资料.md / 核心玩法词条,120,True,False
special:splash-beach,special,Splash Beach,Splash Beach,ザブンビーチ,,,,unchanged,bwiki-infobox,BWIKI page: 水花沙滩; template: Infobox/关卡,100,True,False
special:spray-paint,special,喷漆,Spray Paint,カラースプレー,,,,official_reused,bwiki-infobox,BWIKI page: 喷漆; template: Infobox/道具,100,True,False
special:spring-smash-factory,special,Spring Smash Factory,Spring Smash Factory,ボヨヨンバッタン・ファクトリー,,,,unchanged,bwiki-infobox,BWIKI page: 弹力手工厂; template: Infobox/音乐,100,True,False
special:squeak-squad-theme,special,Squeak Squad Theme,Squeak Squad Theme,ドロッチェ団のテーマ,,,,unchanged,bwiki-infobox,BWIKI page: 怪盗洛切团的主题曲; template: Infobox/音乐,100,True,False
special:stamina-potion,special,Stamina Potion,Stamina Potion,たいりょくのクスリ,,,,unchanged,bwiki-infobox,BWIKI page: 体力药; template: Infobox/道具,100,True,False
special:star-block,special,星星方块,Star Block,星ブロック,,*游戏开发初期的名称叫《春风啵啵啵》，后来改为《闪耀☆啵啵》（ティンクル☆ポポ/Twinkle Popo）。原定于1992年1月下旬发售，任天堂介入后，游戏名最终改为了《星之卡比》。,*游戏开发初期的名称叫《春风啵啵啵》，后来改为《闪耀☆啵啵》（ティンクル☆ポポ/Twinkle Popo）。原定于1992年1月下旬发售，任天堂介入后，游戏名最终改为了《星之卡比》。 | スターブロック,official_reused,bwiki-infobox | bwiki-table,BWIKI page: 方块; template: 道具；BWIKI page: 星星方块; template: Infobox/道具；BWIKI table: 星之卡比；BWIKI vertical name table: 道具（卡比方块球）,100,True,False
special:star-coin,special,硬币星,Star Coin,コインスター,,,,official_reused,bwiki-infobox,BWIKI page: 道具（探索发现）; template: 道具,100,True,False
special:star-lavadom,special,Star Lavadom,Star Lavadom,新星ドルムアーツ,,,,unchanged,bwiki-infobox,BWIKI page: 陨石岩初星; template: Infobox/关卡,100,True,False
special:star-quest-codex,special,Star Quest Codex,Star Quest Codex,ラッキークエストの書,,,,unchanged,bwiki-infobox,BWIKI page: 幸运探索之书; template: Infobox/道具,100,True,False
special:star-seal,special,封印之星,Star Seal,シールスター,,,,official_reused,bwiki-infobox,BWIKI page: 封印之星; template: Infobox/道具；BWIKI page: 星之卡比 怪盗洛切团登场！/道具; template: 道具,100,True,False
special:steamgust-forge,special,Steamgust Forge,Steamgust Forge,マシーンガスト,,,,unchanged,bwiki-infobox,BWIKI page: 蒸汽机都; template: Infobox/关卡,100,True,False
special:steer-star,special,方向盘之星,Steer Star,ハンドルスター,,,,official_reused,bwiki-table,BWIKI vertical name table: 驭天飞行器,100,True,False
special:stellar-way,special,Stellar Way,Stellar Way,スターハイウェイ,,,,unchanged,bwiki-infobox,BWIKI page: 星之主路; template: Infobox/关卡,100,True,False
special:step-it-up-moving-the-stairs,special,Step It Up! Moving the Stairs,Step It Up! Moving the Stairs,はこべ! かいだん大いどう,,,,unchanged,bwiki-infobox,BWIKI page: 搬运吧！阶梯大移动; template: Infobox/关卡,100,True,False
special:sticker,special,图章,Sticker,ステッカー,贴纸,,スタンプ,official_reused,bwiki-infobox,BWIKI page: 图章; template: Infobox/道具；BWIKI page: 星之卡比 机器博博星球/道具; template: 道具,100,True,False
special:stomper-boot,special,踏垫鞋,Stomper Boot,ふんづけシューズ,,,,official_reused,bwiki-infobox,BWIKI page: 星之卡比 Wii/道具; template: 道具,100,True,False
special:stop-time-slow-world-scramble,special,Stop Time! Slow-World Scramble,Stop Time! Slow-World Scramble,時間をとめて!スローワールド,,,,unchanged,bwiki-infobox,BWIKI page: 停止时间！缓慢世界; template: Infobox/关卡,100,True,False
special:stopwatch,special,秒表,Stopwatch,タイムパネル,,,,official_reused,bwiki-infobox,BWIKI page: 道具（滚滚卡比）; template: 道具,100,True,False
special:strawberry-shortcake,special,草莓小蛋糕,Strawberry Shortcake,ショートケーキ,,,,official_reused,bwiki-infobox,BWIKI page: 星之卡比 怪盗洛切团登场！/道具; template: 道具,100,True,False
special:stretch-and-collect-scissor-lift-road,special,Stretch and Collect! Scissor-Lift Road,Stretch and Collect! Scissor-Lift Road,のびてちぢんで!さぎょうしゃロード,,,,unchanged,bwiki-infobox,BWIKI page: 伸长缩短！作业车之路; template: Infobox/关卡,100,True,False
special:studying-the-factory,special,Studying the Factory,Studying the Factory,こうじょうけんがく,,,,unchanged,bwiki-infobox,BWIKI page: 工厂参观; template: Infobox/音乐,100,True,False
special:sub-tree-area,special,地下森林,Sub-Tree Area,地底の木々エリア,,,ちていの木々,project,bwiki-infobox,BWIKI page: 地下森林; template: Infobox/关卡；BWIKI page: 地底树区域; template: Infobox/音乐,100,True,False
special:sugarcoated-straightaway,special,甘甜街道,Sugarcoated Straightaway,あまみストリート,,,,official_reused,bwiki-infobox,BWIKI page: 甘甜街道; template: Infobox/关卡,100,True,False
special:sun-sky-dreamstalk,special,"Sun, Sky, Dreamstalk","Sun, Sky, Dreamstalk",空と太陽とワールドツリー,,,,unchanged,bwiki-infobox,BWIKI page: 天空、太阳与世界树; template: Infobox/音乐,100,True,False
special:sun-stone,special,太阳石,Sun Stone,サンストーン,,,,official_reused,bwiki-infobox,BWIKI page: 太阳石; template: Infobox/道具；BWIKI page: 星之卡比 三重豪华/道具; template: 道具,100,True,False
special:sunset-shoreline,special,薄暮海滩,Sunset Shoreline,夕凪ビーチ,,,,official_reused,bwiki-infobox,BWIKI page: 薄暮海滩; template: Infobox/关卡,100,True,False
special:super-ability,special,超级能力,Super Ability,スーパー能力,,,,project,curated-official-notes,星之卡比官方资料.md / 核心玩法词条,120,True,False
special:super-inhale-block,special,超级吸入方块,Super Inhale Block,がんばりすいこみブロック,,,,official_reused,bwiki-infobox,BWIKI page: 方块; template: 道具,100,True,False
special:superspicy-curry,special,超辣咖喱饭,Superspicy Curry,激辛カレーライス,,,,official_reused,bwiki-infobox,BWIKI page: 超辣咖喱饭; template: Infobox/道具,100,True,False
special:sweets-park,special,Sweets Park,Sweets Park,スイーツパーク,,,,unchanged,bwiki-infobox,BWIKI page: 甜点公园; template: Infobox/关卡,100,True,False
special:swirl-and-twirl-turn-the-windmills,special,Swirl and Twirl! Turn the Windmills,Swirl and Twirl! Turn the Windmills,飛んで回せ!かざ車アイランド,,,,unchanged,bwiki-infobox,BWIKI page: 飞吧旋转吧！风车岛; template: Infobox/关卡,100,True,False
special:switch-block,special,转换方块,Switch Block,スイッチブロック,,,,official_reused,bwiki-table,BWIKI vertical name table: 道具（卡比方块球）,100,True,False
special:switch-panel,special,开关,Switch Panel,,,,,official_reused,bwiki-infobox,BWIKI page: 道具（驭天飞行/驭天飞行者）; template: 道具,100,True,False
special:sword-hero-codex,special,Sword Hero Codex,Sword Hero Codex,ヒーローソードの書,,,,unchanged,bwiki-infobox,BWIKI page: 英雄利剑之书; template: Infobox/道具,100,True,False
special:taranza-the-master-of-puppetry,special,"Taranza, the Master of Puppetry","Taranza, the Master of Puppetry",あやつりの魔術師タランザ,,,,unchanged,bwiki-infobox,BWIKI page: 傀儡魔术师 塔狼蛛; template: Infobox/音乐,100,True,False
special:team-cannon,special,队伍合体炮,Team Cannon,チーム合体砲,,,,official_reused,bwiki-infobox,BWIKI page: 道具（卡比群星战Z）; template: 道具,100,True,False
special:temper-temple,special,Temper Temple,Temper Temple,ほのおのピラミッド,,,,unchanged,bwiki-infobox,BWIKI page: 暴怒神殿; template: Infobox/关卡,100,True,False
special:tempest-towers,special,暴风高塔,Tempest Towers,ノッポッポタワー,,,,project,bwiki-infobox,BWIKI page: 暴风高塔; template: Infobox/关卡,100,True,False
special:the-adventure-begins,special,The Adventure Begins,The Adventure Begins,ぼうけんのはじまり,,,旅のはじまり,unchanged,bwiki-infobox,BWIKI page: 冒险开始; template: Infobox/音乐；BWIKI page: 初始冒险之旅(BGM); template: Infobox/音乐,100,True,False
special:the-battle-of-blizzard-bridge,special,暴风雪桥梁之战,The Battle of Blizzard Bridge,ブリザードブリッヂの戦い,,,,official_reused,bwiki-infobox,BWIKI page: 暴风雪桥梁之战; template: Infobox/关卡,100,True,False
special:the-beast-pack-s-final-stand,special,决战！野兽军团包围网,The Beast Pack's Final Stand,決戦! ビースト軍団包囲網,,,,official_reused,bwiki-infobox,BWIKI page: 决战！野兽军团包围网; template: Infobox/关卡,100,True,False
special:the-beginner-s-room,special,The Beginner's Room,The Beginner's Room,初心者の部屋,,,,unchanged,bwiki-infobox,BWIKI page: 初学者房间; template: Infobox/音乐,100,True,False
special:the-brawl-at-the-mall,special,在购物中心回响的吼声,The Brawl at the Mall,モールにひびくおたけび,,,,official_reused,bwiki-infobox,BWIKI page: 在购物中心回响的吼声; template: Infobox/关卡,100,True,False
special:the-divine-terminus,special,The Divine Terminus,The Divine Terminus,神降衛星エンデ,,,,unchanged,bwiki-infobox,BWIKI page: 终焉神降卫星; template: Infobox/关卡,100,True,False
special:the-dunes,special,沙丘,The Dunes,,,,,official_reused,bwiki-infobox,BWIKI page: 沙丘; template: Infobox/关卡,100,True,False
special:the-empyrean,special,天空,The Empyrean,,,,,official_reused,bwiki-infobox,BWIKI page: 天空; template: Infobox/关卡,100,True,False
special:the-farthest-reach,special,世界的尽头,The Farthest Reach,最果ての地,,,,official_reused,bwiki-infobox,BWIKI page: 世界的尽头; template: Infobox/关卡,100,True,False
special:the-grasslands,special,草原,The Grasslands,,,,,official_reused,bwiki-infobox,BWIKI page: 草原; template: Infobox/关卡,100,True,False
special:the-greatest-warrior-in-the-galaxy,special,The Greatest Warrior in the Galaxy,The Greatest Warrior in the Galaxy,銀河最強の戦士,,,,unchanged,bwiki-infobox,BWIKI page: 银河最强战士; template: Infobox/音乐,100,True,False
special:the-last-iceberg,special,The Last Iceberg,The Last Iceberg,アイスバーグ (星のカービィ3),,,,unchanged,bwiki-infobox,BWIKI page: 极寒冰山(星之卡比3); template: Infobox/音乐,100,True,False
special:the-legendary-air-ride-machine,special,传说中的驭天飞行器,The Legendary Air Ride Machine,伝説のエアライドマシン,,,,official_reused,bwiki-infobox,BWIKI page: 传说中的驭天飞行器; template: Infobox/音乐,100,True,False
special:the-masked-king,special,The Masked King,The Masked King,マスクド・デデデのテーマ,,,,unchanged,bwiki-infobox,BWIKI page: 蒙面·帝帝帝主题曲; template: Infobox/音乐,100,True,False
special:the-revenge,special,帝帝帝的复仇,The Revenge,リベンジ オブ デデデ,,,,project,bwiki-infobox,BWIKI page: 帝帝帝的复仇; template: Infobox/关卡,100,True,False
special:the-skull-gang,special,The Skull Gang,The Skull Gang,ドクロだんのテーマ,,,,unchanged,bwiki-infobox,BWIKI page: 头骨团主题曲; template: Infobox/音乐,100,True,False
special:the-tropical-terror,special,恐怖的热带,The Tropical Terror,きょうふのトロピカル,,,,official_reused,bwiki-infobox,BWIKI page: 恐怖的热带; template: Infobox/关卡,100,True,False
special:the-wastes-where-life-began,special,生命起源大荒野,The Wastes Where Life Began,命はじまる大荒野,,,,official_reused,bwiki-infobox,BWIKI page: 生命起源大荒野; template: Infobox/关卡,100,True,False
special:the-wondaria-dream-parade,special,惊奇乐园巡游之梦,The Wondaria Dream Parade,ワンダリアパレードの夢,,,,official_reused,bwiki-infobox,BWIKI page: 惊奇乐园巡游之梦; template: Infobox/关卡,100,True,False
special:the-world-of-drawcia,special,The World of Drawcia,The World of Drawcia,ザ ワールド オブ ドロシア,,,,unchanged,bwiki-infobox,BWIKI page: 堕落锡安世界; template: Infobox/关卡,100,True,False
special:the-world-to-win,special,The World to Win,The World to Win,この星をかけた魂の戦い,,,,unchanged,bwiki-infobox,BWIKI page: 赌上这颗星球的灵魂之战; template: Infobox/音乐,100,True,False
special:through-block,special,贯穿方块,Through Block,スルーブロック,,,,official_reused,bwiki-table,BWIKI vertical name table: 道具（卡比方块球）,100,True,False
special:through-the-tunnel,special,穿过隧道,Through the Tunnel,トンネルくぐって,,,,official_reused,bwiki-infobox,BWIKI page: 穿过隧道; template: Infobox/关卡,100,True,False
special:throw-and-catch-treasure-collecting,special,投掷！抓住财宝,Throw and Catch! Treasure Collecting,なげて! おたからキャッチ,,,,official_reused,bwiki-infobox,BWIKI page: 投掷！抓住财宝; template: Infobox/关卡,100,True,False
special:tilt-bowl,special,倾斜玻璃碗,Tilt Bowl,かたむき水がめ,,,,official_reused,bwiki-infobox,BWIKI page: 星之卡比 三重豪华/道具; template: 道具,100,True,False
special:tilt-gondola,special,Tilt Gondola,Tilt Gondola,かたむきゴンドラ,,,,unchanged,bwiki-infobox,BWIKI page: 缆车; template: Infobox/道具,100,True,False
special:time-bomb,special,时间炸弹,Time Bomb,タイマーボム,,,,project,bwiki-infobox,BWIKI page: 道具（皇家大乱斗）; template: 道具,100,True,False
special:timed-dynamite,special,定时炸弹,Timed Dynamite,タイマーダイナマイト,,,,project,bwiki-infobox,BWIKI page: 定时炸弹; template: Infobox/道具,100,True,False
special:toss-em-hit-the-bomb-blocks,special,Toss 'Em! Hit the Bomb Blocks,Toss 'Em! Hit the Bomb Blocks,かかげてポイ!ばくだんブロック,,,,unchanged,bwiki-infobox,BWIKI page: 举起丢出去！炸弹方块; template: Infobox/关卡,100,True,False
special:toy-tracks,special,Toy Tracks,Toy Tracks,おもちゃのカーニバル,,,,unchanged,bwiki-infobox,BWIKI page: 玩具小道; template: Infobox/关卡,100,True,False
special:treat-land,special,梦幻园地,Treat Land,ファンタジーランド,,,,project,bwiki-infobox,BWIKI page: 梦幻园地; template: Infobox/关卡,100,True,False
special:trial-room-1,special,训练房间1,Trial Room 1,おためし部屋 1,,,,project,bwiki-infobox,BWIKI page: 训练房间1; template: Infobox/关卡,100,True,False
special:trial-room-2,special,训练房间2,Trial Room 2,おためし部屋 2,,,,project,bwiki-infobox,BWIKI page: 训练房间2; template: Infobox/关卡,100,True,False
special:triple-strike-bowling-for-switches,special,全倒！三胞胎开关,Triple Strike! Bowling for Switches,ストライク! 三つ子スイッチ,,,,official_reused,bwiki-infobox,BWIKI page: 全倒！三胞胎开关; template: Infobox/关卡,100,True,False
special:triple-strike-over-freezing-water,special,Triple Strike! Over Freezing Water,Triple Strike! Over Freezing Water,こごえる水めん!三つ子スイッチ,,,,unchanged,bwiki-infobox,BWIKI page: 冻僵水面！三胞胎开关; template: Infobox/关卡,100,True,False
special:trophy,special,奖杯,Trophy,,,,,official_reused,bwiki-infobox,BWIKI page: 奖杯; template: Infobox/道具,100,True,False
special:tube-town,special,Tube Town,Tube Town,でんしワールド,,,,unchanged,bwiki-infobox,BWIKI page: 电子世界; template: Infobox/关卡,100,True,False
special:twinkle-stars,special,Twinkle Stars,Twinkle Stars,ティンクル☆スターズ,,,,unchanged,bwiki-infobox,BWIKI page: 闪耀☆星星; template: Infobox/音乐,100,True,False
special:up-and-over-across-spike-road,special,飞越吧！荆棘路,Up and Over! Across Spike Road,飛んでこえろ! トゲトゲロード,,,,official_reused,bwiki-infobox,BWIKI page: 飞越吧！荆棘路; template: Infobox/关卡,100,True,False
special:vegetable-valley,special,Vegetable Valley,Vegetable Valley,ベジタブルバレー (BGM),,,ベジタブルバレー,unchanged,bwiki-infobox,BWIKI page: 青菜山谷(BGM); template: Infobox/音乐；BWIKI page: 青菜山谷; template: Infobox/关卡,100,True,False
special:vitality-heart,special,生命之源,Vitality Heart,ライフのもと,,,,official_reused,bwiki-infobox,BWIKI page: 星之卡比 镜之大迷宫/道具; template: 道具,100,True,False
special:vocal-volcano,special,Vocal Volcano,Vocal Volcano,ボイスボルカノ,,,,unchanged,bwiki-infobox,BWIKI page: 躁动火山; template: Infobox/关卡,100,True,False
special:volcano-valley,special,熔岩山谷,Volcano Valley,マグマウンテン,,,,project,bwiki-infobox,BWIKI page: 熔岩山谷; template: Infobox/关卡,100,True,False
special:vs-dangerous-beast,special,VS. Dangerous Beast,VS. Dangerous Beast,VS.デンジャラスビースト,,,,unchanged,bwiki-infobox,BWIKI page: VS.危险野兽; template: Infobox/音乐,100,True,False
special:vs-dark-matter,special,Vs. Dark Matter,Vs. Dark Matter,VS.ダークマター,,,,unchanged,bwiki-infobox,BWIKI page: VS.暗物质; template: Infobox/音乐,100,True,False
special:vs-sphere-doomer,special,VS.球体喽啪,VS Sphere Doomer,VS.スフィアローパー,,,,official_reused,bwiki-infobox,BWIKI page: 球体喽啪(BGM); template: Infobox/音乐,100,True,False
special:vs-star-dream,special,VS. Star Dream,VS. Star Dream,VS.スタードリーム,,,,unchanged,bwiki-infobox,BWIKI page: Vs.星之梦; template: Infobox/音乐,100,True,False
special:vs-zero,special,Vs. Zero,Vs. Zero,VS.ゼロ,,,,unchanged,bwiki-infobox,BWIKI page: VS.零; template: Infobox/音乐,100,True,False
special:warp-star,special,传送之星,Warp Star,ワープスター,,,,official_reused,bwiki-infobox | bwiki-table,BWIKI page: 传送之星; template: Infobox/道具；BWIKI vertical name table: 驭天飞行器,100,True,False
special:wash-em-away-slippery-parade,special,Wash 'Em Away! Slippery Parade,Wash 'Em Away! Slippery Parade,水にながして!スリップパレード,,,,unchanged,bwiki-infobox,BWIKI page: 顺流而下！滑行巡游; template: Infobox/关卡,100,True,False
special:washed-away-at-the-cement-summit,special,顺流方块山丘,Washed Away at the Cement Summit,ブロックヒルズに流されて,,,,official_reused,bwiki-infobox,BWIKI page: 顺流方块山丘; template: Infobox/关卡,100,True,False
special:wastes-that-count-time,special,嘀嗒计时大荒野,Wastes That Count Time,時を数える大荒野,,,,official_reused,bwiki-infobox,BWIKI page: 嘀嗒计时大荒野; template: Infobox/关卡,100,True,False
special:water-fragment,special,Water Fragment,Water Fragment,みずのカケラ,,,,unchanged,bwiki-infobox,BWIKI page: 水之碎片; template: Infobox/道具,100,True,False
special:water-fragment-codex,special,Water Fragment Codex,Water Fragment Codex,みずのカケラの書,,,,unchanged,bwiki-infobox,BWIKI page: 水之碎片之书; template: Infobox/道具,100,True,False
special:water-land,special,水域海地,Water Land,ウォーターランド,,,,project,bwiki-infobox,BWIKI page: 水域海地; template: Infobox/关卡,100,True,False
special:water-planet-aquarius,special,水之星 水瓶宫,Water Planet AQUARIUS,水の星 アクアリス,,,,project,bwiki-infobox,BWIKI page: 水之星 水瓶宫; template: Infobox/关卡,100,True,False
special:waveflow-waters,special,Waveflow Waters,Waveflow Waters,ダグウォータ,,,,unchanged,bwiki-infobox,BWIKI page: 奔天激流; template: Infobox/关卡,100,True,False
special:weird-woods,special,Weird Woods,Weird Woods,ペラペラのもり,,,,unchanged,bwiki-infobox,BWIKI page: 奇异森林; template: Infobox/关卡,100,True,False
special:welcome-to-wondaria,special,欢迎光临惊奇乐园,Welcome to Wondaria,ようこそワンダリア,,,,official_reused,bwiki-infobox,BWIKI page: 欢迎光临惊奇乐园; template: Infobox/关卡,100,True,False
special:welcome-your-new-overlord,special,开始支配吧,Welcome Your New Overlord,支配してアゲルヨォ,,,,official_reused,bwiki-infobox,BWIKI page: 开始支配吧; template: Infobox/音乐,100,True,False
special:western-outer-wall,special,Western Outer Wall,Western Outer Wall,西の外へき,,,,unchanged,bwiki-infobox,BWIKI page: 西侧的外墙; template: Infobox/关卡,100,True,False
special:whack-attack-wild-hammer-trial,special,Whack Attack! Wild Hammer Trial,Whack Attack! Wild Hammer Trial,たたかえ!ワイルドハンマーのしれん,,,,unchanged,bwiki-infobox,BWIKI page: 战斗吧！狂野锤子的试炼; template: Infobox/关卡,100,True,False
special:whirl-em-away-storm-tornado-trial,special,Whirl 'Em Away! Storm Tornado Trial,Whirl 'Em Away! Storm Tornado Trial,たたかえ!ストームトルネイドのしれん,,,,unchanged,bwiki-infobox,BWIKI page: 战斗吧！风暴龙卷风的试炼; template: Infobox/关卡,100,True,False
special:whispy-s-forest,special,Whispy's Forest,Whispy's Forest,ウィスピーのもり,,,,unchanged,bwiki-infobox,BWIKI page: 风语树大森林; template: Infobox/关卡,100,True,False
special:whispy-stage-cake,special,Whispy Stage Cake,Whispy Stage Cake,ウィスピーステージケーキ,,,,unchanged,bwiki-infobox,BWIKI page: 风语关卡蛋糕; template: Infobox/关卡,100,True,False
special:whispy-woods-course,special,Whispy Woods Course,Whispy Woods Course,ウィスピーウッズ コース,,,,unchanged,bwiki-infobox,BWIKI page: 风语大树世界; template: Infobox/关卡,100,True,False
special:whispy-woods-land,special,Whispy Woods Land,Whispy Woods Land,ウィスピーウッズランド,,,,unchanged,bwiki-infobox,BWIKI page: 风语大树大陆; template: Infobox/关卡,100,True,False
special:white-block,special,白色方块,White Block,ホワイトブロック,,,,official_reused,bwiki-table,BWIKI vertical name table: 道具（卡比方块球）,100,True,False
special:white-wafers,special,White Wafers,White Wafers,ホワイト ウェハース,,,,unchanged,bwiki-infobox,BWIKI page: 雾白望雪; template: Infobox/关卡,100,True,False
special:whole-cakes,special,Whole Cakes,Whole Cakes,ホールケーキ,,,,unchanged,bwiki-infobox,BWIKI page: 圆形蛋糕; template: Infobox/关卡,100,True,False
special:wild-world,special,狂野世界,Wild World,ワイルド ワールド,,,,project,bwiki-infobox,BWIKI page: 狂野世界; template: Infobox/关卡,100,True,False
special:wind-planet-skyhigh,special,天空之星 极地高空,Wind Planet SKYHIGH,大空の星 スカイハイ,,,,project,bwiki-infobox,BWIKI page: 天空之星 极地高空; template: Infobox/关卡,100,True,False
special:windy-freezing-seas,special,冰冷的海与风,"Windy, Freezing Seas",いてつく海と風と,,,,official_reused,bwiki-infobox,BWIKI page: 冰冷的海与风; template: Infobox/关卡,100,True,False
special:winged-drum,special,飞飞鼓,Winged drum,うごくドラム,,,,official_reused,bwiki-infobox,BWIKI page: 装置（帝帝帝大王的帝帝帝跃动Z）; template: 道具,100,True,False
special:winter-horns,special,雪白角峰,Winter Horns,ホワイティホルンズ,,,,official_reused,bwiki-infobox,BWIKI page: 雪白角峰; template: Infobox/关卡,100,True,False
special:with-gusto-turn-the-windmills,special,With Gusto! Turn the Windmills,With Gusto! Turn the Windmills,ふーふー!かざ車シューティング,,,,unchanged,bwiki-infobox,BWIKI page: 呼~呼~！风车射击; template: Infobox/关卡,100,True,False
special:wondaria-remains,special,惊奇乐园遗址,Wondaria Remains,ワンダリア跡地,,,,official_reused,bwiki-infobox,BWIKI page: 惊奇乐园遗址; template: Infobox/关卡,100,True,False
special:wonder-lilane,special,Wonder Lilane,Wonder Lilane,ワンダーバイレット,,,,unchanged,bwiki-infobox,BWIKI page: 奇迹里兰; template: Infobox/关卡,100,True,False
special:yellow-dunes,special,黄岩沙丘,Yellow Dunes,イエロー デューンズ,,,,project,bwiki-infobox,BWIKI page: 黄岩沙丘; template: Infobox/关卡,100,True,False
special:zap-weapon,special,电气武器,Zap Weapon,バリッカウェポン,,,,official_reused,bwiki-infobox,BWIKI page: 道具（卡比群星战Z）; template: 道具,100,True,False
title:beginner-s-guide,title,新手指南,Beginner's Guide,初心者向けページ,新手指南 GENERAL | 综合 新手指南,Beginner's Guide GENERAL | General Beginner's Guide | 新手指南 GENERAL,,project,shinkaku-page-names,真格速查 #3,150,True,False
title:copy-ability-quick-reference,title,复制能力速查表,Copy Ability Quick Reference,コピー能力早見表,复制能力速查表 GENERAL | 综合 复制能力速查表,Copy Ability Quick Reference GENERAL | General Copy Ability Quick Reference | 复制能力速查表 GENERAL,,project,shinkaku-page-names,真格速查 #5,150,True,False
title:english-corner,title,英语专区,English Corner,英語のコーナー,英语专区 MISC | 附加内容 英语专区,English Corner MISC | Miscellaneous English Corner | 英语专区 MISC,,project,shinkaku-page-names,真格速查 #297,150,True,False
title:introduction,title,入门说明,Introduction,はじめに,入门说明 GENERAL | 综合 入门说明,General Introduction | Introduction GENERAL | 入门说明 GENERAL,,project,shinkaku-page-names,真格速查 #2,150,True,False
title:menu-bar-1,title,菜单栏 1,Menu Bar 1,MenuBar1,站点内部 菜单栏 1 | 菜单栏 1 INTERNAL,Internal Pages Menu Bar 1 | Menu Bar 1 INTERNAL | 菜单栏 1 INTERNAL,,project,shinkaku-page-names,真格速查 #300,150,True,False
title:menu-bar-2,title,菜单栏 2,Menu Bar 2,MenuBar2,站点内部 菜单栏 2 | 菜单栏 2 INTERNAL,Internal Pages Menu Bar 2 | Menu Bar 2 INTERNAL | 菜单栏 2 INTERNAL,,project,shinkaku-page-names,真格速查 #301,150,True,False
title:records,title,纪录集,Records,記録集,星之卡比 新星同盟 纪录集 | 纪录集 STA | 纪录集（星之卡比 新星同盟）,Kirby Star Allies Records | Records (Kirby Star Allies) | Records STA | 纪录集 STA,記録集(STA),project,shinkaku-page-names,真格速查 #132,150,True,False
title:road-to-improvement,title,进阶指南,Road to Improvement,上達への道,综合 进阶指南 | 进阶指南 GENERAL,General Road to Improvement | Road to Improvement GENERAL | 进阶指南 GENERAL,,project,shinkaku-page-names,真格速查 #4,150,True,False
title:tas-room,title,TAS 的房间,TAS Room,TASさんの部屋,TAS 的房间 MISC | 附加内容 TAS 的房间,Miscellaneous TAS Room | TAS Room MISC | TAS 的房间 MISC | 附加内容 TAS 的房间,,project,shinkaku-page-names,真格速查 #298,150,True,False
title:top-page,title,首页,Top Page,トップページ,综合 首页 | 首页 GENERAL,General Top Page | Top Page GENERAL | 首页 GENERAL,,project,shinkaku-page-names,真格速查 #1,150,True,False
title:video-gallery,title,视频馆,Video Gallery,動画館,星之卡比 Wii 视频馆 | 星之卡比 Wii 豪华版 视频馆 | 星之卡比 三重豪华版 视频馆 | 星之卡比 探索发现 Nintendo Switch 2 Edition + 星耀世界 视频馆 | 星之卡比 探索发现 视频馆 | 星之卡比 新星同盟 视频馆 | 星之卡比 机器人星球 视频馆 | 视频馆 DIS | 视频馆 DIS_S2E | 视频馆 RBP | 视频馆 STA | 视频馆 TDX | 视频馆 WII | 视频馆 WIIDX | 视频馆（星之卡比 Wii 豪华版） | 视频馆（星之卡比 Wii） | 视频馆（星之卡比 三重豪华版） | 视频馆（星之卡比 探索发现 Nintendo Switch 2 Edition + 星耀世界） | 视频馆（星之卡比 探索发现） | 视频馆（星之卡比 新星同盟） | 视频馆（星之卡比 机器人星球）,Kirby and the Forgotten Land - Nintendo Switch 2 Edition + Star-Crossed World Video Gallery | Kirby and the Forgotten Land Video Gallery | Kirby Star Allies Video Gallery | Kirby's Return to Dream Land Deluxe Video Gallery | Kirby's Return to Dream Land Video Gallery | Kirby: Planet Robobot Video Gallery | Kirby: Triple Deluxe Video Gallery | Video Gallery (Kirby and the Forgotten Land - Nintendo Switch 2 Edition + Star-Crossed World) | Video Gallery (Kirby and the Forgotten Land) | Video Gallery (Kirby Star Allies) | Video Gallery (Kirby's Return to Dream Land Deluxe) | Video Gallery (Kirby's Return to Dream Land) | Video Gallery (Kirby: Planet Robobot) | Video Gallery (Kirby: Triple Deluxe) | Video Gallery DIS | Video Gallery DIS_S2E | Video Gallery RBP | Video Gallery STA | Video Gallery TDX | Video Gallery WII | Video Gallery WIIDX | 星之卡比 Wii 视频馆 | 星之卡比 Wii 豪华版 视频馆 | 星之卡比 探索发现 Nintendo Switch 2 Edition + 星耀世界 视频馆 | 视频馆 DIS | 视频馆 DIS_S2E | 视频馆 RBP | 视频馆 STA | 视频馆 TDX | 视频馆 WII | 视频馆 WIIDX,動画館(Dis) | 動画館(Dis・S2E) | 動画館(RBP) | 動画館(STA) | 動画館(TDX) | 動画館(Wii) | 動画館(WiiDX),project,shinkaku-page-names,真格速查 #131；真格速查 #203；真格速查 #244；真格速查 #294；真格速查 #52；真格速查 #7；真格速查 #90,150,True,False
work:100-yard-hop,work,跳跳比赛,100-Yard Hop,けんけんレース,,,,project,bwiki-infobox,BWIKI page: 跳跳比赛; template: Infobox/小游戏,100,True,False
work:air-glider,work,Air Glider,Air Glider,エアグライダー,,,,unchanged,bwiki-infobox,BWIKI page: 空中滑翔; template: Infobox/小游戏,100,True,False
work:air-hockey,work,Air Hockey,Air Hockey,エアホッケー,,,,unchanged,bwiki-infobox,BWIKI page: 空中接球; template: Infobox/小游戏,100,True,False
work:air-ride,work,Air Ride,Air Ride,エアライド,,,,unchanged,bwiki-infobox,BWIKI page: 驭天飞行; template: Infobox/小游戏,100,True,False
work:arena,work,斗技场,Arena,,,,,official_reused,bwiki-infobox,BWIKI page: 斗技场; template: Infobox/小游戏,100,True,False
work:battle-arena,work,Battle Arena,Battle Arena,バトルロイヤル,,Kirby Melee,,unchanged,bwiki-infobox,BWIKI page: 大混战; template: Infobox/小游戏；BWIKI page: 贪玩竞技场; template: Infobox/关卡,100,True,False
work:beadrix-s-bead-collection,work,Beadrix's Bead Collection,Beadrix's Bead Collection,ビーズあつめ,,,,unchanged,bwiki-infobox,BWIKI page: 收集珠子; template: Infobox/小游戏,100,True,False
work:beam-gauntlet,work,Beam Gauntlet,Beam Gauntlet,ビームパッセージ,,,,unchanged,bwiki-infobox,BWIKI page: 光束之路; template: Infobox/小游戏,100,True,False
work:big-battle,work,Big Battle,Big Battle,ビッグバトル,,,,unchanged,bwiki-infobox,BWIKI page: 巨物之战; template: Infobox/小游戏,100,True,False
work:block-attack,work,方块攻击,Block Attack,ブロックアタック,,,,project,bwiki-infobox,BWIKI page: 方块攻击; template: Infobox/小游戏,100,True,False
work:bomb-rally,work,爆裂炸弹接力,Bomb Rally,爆裂ボンバーラリー,,,,project,bwiki-infobox,BWIKI page: 爆裂炸弹接力; template: Infobox/小游戏,100,True,False
work:bonus-chance,work,奖励游戏,Bonus Chance,,,,,project,bwiki-infobox,BWIKI page: 奖励游戏; template: Infobox/小游戏,100,True,False
work:booming-blasters,work,砰砰光线枪,Booming Blasters,ガンガンブラスターズ,,,,official_reused,bwiki-infobox,BWIKI page: 砰砰光线枪; template: Infobox/小游戏,100,True,False
work:boss-endurance,work,魔王淘汰赛,Boss Endurance,かちぬきボスバトル,,,,project,bwiki-infobox,BWIKI page: 魔王淘汰赛; template: Infobox/小游戏,100,True,False
work:boss-game-select,work,Boss Game Select,Boss Game Select,ボスゲームセレクト (BGM),,,,unchanged,bwiki-infobox,BWIKI page: 魔王游戏选择; template: Infobox/音乐,100,True,False
work:bumper-crop-bump,work,捕捕对决,Bumper Crop Bump,とるとるバトル,,,,project,bwiki-infobox,BWIKI page: 捕捕对决; template: Infobox/小游戏,100,True,False
work:buster-s-combat-training,work,Buster's Combat Training,Buster's Combat Training,しゅぎょう,,,,unchanged,bwiki-infobox,BWIKI page: 修行; template: Infobox/小游戏,100,True,False
work:button-rush,work,Button Rush,Button Rush,スイッチプッシュ,,,,unchanged,bwiki-infobox,BWIKI page: 开关大赛; template: Infobox/小游戏,100,True,False
work:carrie-s-carry,work,Carrie's Carry,Carrie's Carry,おでかけ,,,,unchanged,bwiki-infobox,BWIKI page: 护送; template: Infobox/小游戏,100,True,False
work:cart-run,work,矿车追逐赛,Cart Run,トロッコチェイス,,,,project,bwiki-infobox,BWIKI page: 矿车追逐赛; template: Infobox/小游戏,100,True,False
work:checkerboard-chase,work,掉落掉落竞争,Checkerboard Chase,おちおちファイト,,,,official_reused,bwiki-infobox,BWIKI page: 掉落掉落竞争; template: Infobox/小游戏,100,True,False
work:chop-champs,work,Chop Champs,Chop Champs,ふりふり! きこりきょうそう,,,,unchanged,bwiki-infobox,BWIKI page: 挥挥挥！伐木竞争; template: Infobox/小游戏,100,True,False
work:city-trial,work,城市竞速 / 城市试炼,City Trial,シティトライアル,,,,project,bwiki-infobox | curated-official-notes,BWIKI page: 城市竞赛; template: Infobox/小游戏；星之卡比官方资料.md / 核心玩法词条,120,True,False
work:crackity-hack,work,十亿吨拳击,Crackity Hack,ギガトンパンチ,,,,official_reused,bwiki-infobox,BWIKI page: 十亿吨拳击; template: Infobox/小游戏,100,True,False
work:crane-fever,work,狂热玩偶机,Crane Fever,クレーンフィーバー,,,,project,bwiki-infobox,BWIKI page: 狂热玩偶机; template: Infobox/小游戏,100,True,False
work:dash-course,work,Dash Course,Dash Course,○△□けんけん,,,,unchanged,bwiki-infobox,BWIKI page: 〇△口跳跳; template: Infobox/小游戏,100,True,False
work:dedede-gogogo,work,Dedede Gogogo,Dedede Gogogo,デデデでドドド,,,,unchanged,bwiki-infobox,BWIKI page: 帝帝帝冲冲冲; template: Infobox/小游戏,100,True,False
work:dedede-s-cake-royale,work,蛋糕争霸赛！,Dedede's Cake Royale,デデデグランプリ,,,,project,bwiki-infobox,BWIKI page: 蛋糕争霸赛！; template: Infobox/小游戏,100,True,False
work:dedede-s-drum-dash,work,Dedede's Drum Dash,Dedede's Drum Dash,大王のデデデでデン,,,,unchanged,bwiki-infobox,BWIKI page: 帝帝帝大王的帝帝帝跃动; template: Infobox/小游戏,100,True,False
work:dedede-s-drum-dash-deluxe,work,帝帝帝大王的帝帝帝跃动Z,Dedede's Drum Dash Deluxe,デデデ大王のデデデでデンZ,帝帝帝大王节奏跳 Z,,,official_reused,bwiki-infobox | bwiki-table | curated-official-notes,BWIKI page: 帝帝帝大王的帝帝帝跃动Z; template: Infobox/游戏；BWIKI table: 星之卡比系列；星之卡比官方资料.md / 系列作品年表,120,True,False
work:dededetour,work,帝帝帝GO,Dededetour,デデデでゴー!,,,,project,bwiki-infobox,BWIKI page: 帝帝帝GO; template: Infobox/小游戏,100,True,False
work:destruction-derby,work,殊死战,Destruction Derby,デスマッチ,,,,official_reused,bwiki-infobox,BWIKI page: 殊死战; template: Infobox/小游戏,100,True,False
work:devilish-mode,work,Devilish Mode,Devilish Mode,デビルモード,,,,unchanged,bwiki-infobox,BWIKI page: 恶魔模式; template: Infobox/小游戏,100,True,False
work:do-the-kirby,work,跳舞的卡比,Do the Kirby,ダンス・ザ・カービィ,,,,project,bwiki-infobox,BWIKI page: 跳舞的卡比; template: Infobox/小游戏,100,True,False
work:drag-race,work,极速挑战,Drag Race,ゼロヨンアタック,,,,official_reused,bwiki-infobox,BWIKI page: 极速挑战; template: Infobox/小游戏,100,True,False
work:egg-catcher,work,接蛋,Egg Catcher,たまごきゃっちゃ,,,,project,bwiki-infobox,BWIKI page: 接蛋; template: Infobox/小游戏,100,True,False
work:extra-mode,work,Extra Mode,Extra Mode,エキストラモード,,,,unchanged,bwiki-infobox,BWIKI page: 特别模式; template: Infobox/小游戏,100,True,False
work:field-frenzy,work,Field Frenzy,Field Frenzy,参上! モグモグ団,,,,unchanged,bwiki-infobox,BWIKI page: 参上！地鼠团; template: Infobox/小游戏,100,True,False
work:file-taiko-kirby-warp-star-costume-png,work,闪耀☆星星→Green greens(新星同盟版) →友谊与牵绊之战,File:Taiko_Kirby_Warp_Star_Costume.png,121・213・382・630,,,,official_reused,bwiki-table,BWIKI table: 客串游戏,100,True,False
work:flash-fishing,work,紧张刺激！刹那间的钓鱼池,Flash Fishing,ドキドキ！せつなのつりぼり,,,,official_reused,bwiki-infobox,BWIKI page: 紧张刺激！刹那间的钓鱼池; template: Infobox/小游戏,100,True,False
work:gourmet-race,work,激烈冲突！美食比赛,Gourmet Race,激突! グルメレース,,,グルメレース,official_reused,bwiki-infobox,BWIKI page: 激烈冲突！美食比赛; template: Infobox/小游戏；BWIKI page: 美食比赛; template: Infobox/小游戏,100,True,False
work:guest-star-star-allies-go,work,Guest Star ???? Star Allies Go!,Guest Star ???? Star Allies Go!,星の○○○○ スターフレンズでGO!,,,,unchanged,bwiki-infobox,BWIKI page: 星之○○○○ 新星盟友GO！; template: Infobox/小游戏,100,True,False
work:helper-to-hero,work,协助者大师之路,Helper to Hero,ヘルパーマスターへの道,,,,project,bwiki-infobox,BWIKI page: 协助者大师之路; template: Infobox/小游戏,100,True,False
work:heroes-in-another-dimension,work,Heroes in Another Dimension,Heroes in Another Dimension,アナザーディメンションヒーローズ,,,,unchanged,bwiki-infobox,BWIKI page: 异次元空间英雄同盟; template: Infobox/小游戏,100,True,False
work:internal-pages,work,站点内部,Internal Pages,内部ページ,,,,official_reused,shinkaku-page-names,,100,True,False
work:kirby-3d-rumble,work,Kirby 3D Rumble,Kirby 3D Rumble,カービィの3Dチャレンジ,,,,unchanged,bwiki-infobox,BWIKI page: 卡比3D挑战; template: Infobox/小游戏,100,True,False
work:kirby-64-the-crystal-shards,work,星之卡比64,Kirby 64: The Crystal Shards,星のカービィ64,,Kirby64:The Crystal Shards,,official_reused,bwiki-infobox | bwiki-table | catalog-forms | catalog-profiles | curated-official-notes,BWIKI page: 星之卡比64; template: Infobox/游戏；BWIKI table: 星之卡比系列；星之卡比官方资料.md / 系列作品年表,120,True,False
work:kirby-air-ride,work,卡比的驭天飞行,Kirby Air Ride,カービィのエアライド,卡比的飞天赛车 | 卡比飞天赛车 / 卡比空中滑行,Kirby's Air Ride,,official_reused,bwiki-infobox | bwiki-table | catalog-profiles | curated-official-notes,BWIKI page: 卡比的驭天飞行; template: Infobox/游戏；BWIKI table: 星之卡比系列；星之卡比官方资料.md / 系列作品年表,120,True,False
work:kirby-air-riders,work,卡比的驭天飞行者,Kirby Air Riders,カービィのエアライダー,卡比的馭天飛行者,,,official,bwiki-infobox | catalog-forms | catalog-profiles | curated-official-notes,BWIKI page: 卡比的驭天飞行者; template: Infobox/游戏；星之卡比官方资料.md / 简中主名与近年官方中文作品；星之卡比官方资料.md / 系列作品年表,120,True,False
work:kirby-and-the-big-panic-in-gloomy-woods,work,Kirby and the Big Panic in Gloomy Woods!,Kirby and the Big Panic in Gloomy Woods!,,,,,unchanged,catalog-profiles,,100,True,False
work:kirby-and-the-dangerous-gourmet-mansion,work,Kirby and the Dangerous Gourmet Mansion?!,Kirby and the Dangerous Gourmet Mansion?!,,,,,unchanged,catalog-profiles,,100,True,False
work:kirby-and-the-forgotten-land,work,星之卡比 探索发现,Kirby and the Forgotten Land,星のカービィ ディスカバリー,,,,official_reused,bwiki-infobox | bwiki-table | catalog-forms | catalog-profiles | curated-official-notes | shinkaku-page-names,BWIKI page: 星之卡比 探索发现; template: Infobox/游戏；BWIKI table: 星之卡比系列；星之卡比官方资料.md / 简中主名与近年官方中文作品；星之卡比官方资料.md / 系列作品年表,120,True,False
work:kirby-and-the-forgotten-land-nintendo-switch-2-edition-star-crossed-world,work,星之卡比 探索发现 Nintendo Switch 2 Edition + 星耀世界,Kirby and the Forgotten Land - Nintendo Switch 2 Edition + Star-Crossed World,星のカービィ ディスカバリー Nintendo Switch 2 Edition + スターリーワールド,,Kirby and the Forgotten Land – Nintendo Switch 2 Edition + Star-Crossed World,,official_reused,catalog-forms | catalog-profiles | curated-official-notes | shinkaku-page-names,星之卡比官方资料.md / 简中主名与近年官方中文作品；星之卡比官方资料.md / 系列作品年表,120,True,False
work:kirby-and-the-rainbow-curse,work,Kirby and the Rainbow Curse,Kirby and the Rainbow Curse,タッチ！カービィ スーパーレインボー,触摸！ 卡比 超级彩虹 | 触摸！卡比 超级彩虹,Kirby and the Rainbow Paintbrush,タッチ! カービィ スーパーレインボー,official_reused,bwiki-infobox | bwiki-table | catalog-forms | catalog-profiles | curated-official-notes,BWIKI page: 触摸！ 卡比 超级彩虹; template: Infobox/游戏；BWIKI table: 星之卡比系列；星之卡比官方资料.md / 系列作品年表,120,True,False
work:kirby-and-the-search-for-the-dreamy-gears,work,Kirby and the Search for the Dreamy Gears!,Kirby and the Search for the Dreamy Gears!,,,,,unchanged,catalog-profiles,,100,True,False
work:kirby-ball-64,work,卡比梦想都64,Kirby Ball 64,カービィボウル64,,,,official_reused,bwiki-infobox | bwiki-table,BWIKI page: 卡比梦想都64; template: Infobox/游戏；BWIKI table: 星之卡比系列,100,True,False
work:kirby-battle-royale,work,卡比 皇家大乱斗！,Kirby Battle Royale,カービィ バトルデラックス！,卡比战斗豪华版,Kirby: Battle Royale!,カービィ バトルデラックス!,official_reused,bwiki-infobox | bwiki-table | catalog-profiles | curated-official-notes,BWIKI page: 卡比 皇家大乱斗！; template: Infobox/游戏；BWIKI table: 星之卡比系列；星之卡比官方资料.md / 系列作品年表,120,True,False
work:kirby-big-race-in-pupupu-land,work,Kirby: Big Race in Pupupu Land!,Kirby: Big Race in Pupupu Land!,,,,,unchanged,catalog-profiles,,100,True,False
work:kirby-brawlball,work,Kirby Brawlball,Kirby Brawlball,カービィのたいけつ! ピンボール,,,,unchanged,bwiki-infobox,BWIKI page: 对决！弹珠挑战; template: Infobox/小游戏,100,True,False
work:kirby-canvas-curse,work,摸摸卡比,Kirby Canvas Curse,タッチ！カービィ,触摸！ 卡比 | 触摸！卡比,Kirby: Canvas Curse,タッチ! カービィ,official_reused,bwiki-infobox | bwiki-table | catalog-forms | catalog-profiles | curated-official-notes,BWIKI page: 触摸！ 卡比; template: Infobox/游戏；BWIKI table: 星之卡比系列；星之卡比官方资料.md / 系列作品年表,120,True,False
work:kirby-card-swipe,work,瞬抓纸牌,Kirby Card Swipe,タッチ! 刹那のカルタ取り,,,,project,bwiki-infobox,BWIKI page: 瞬抓纸牌; template: Infobox/小游戏,100,True,False
work:kirby-curtain-call,work,Kirby Curtain Call,Kirby Curtain Call,かぞえる!! カービィ劇場,,,,unchanged,bwiki-infobox,BWIKI page: 数一数！卡比剧场; template: Infobox/小游戏,100,True,False
work:kirby-family,work,卡比之家,Kirby Family,カービィファミリー,,,,official_reused,bwiki-infobox | bwiki-table,BWIKI page: 卡比之家; template: Infobox/游戏；BWIKI table: 星之卡比系列,100,True,False
work:kirby-fighters,work,Kirby Fighters,Kirby Fighters,カービィファイターズ!,,,,unchanged,bwiki-infobox,BWIKI page: 卡比群星战; template: Infobox/小游戏,100,True,False
work:kirby-fighters-2,work,卡比群星战2,Kirby Fighters 2,カービィファイターズ2,卡比群星战２ | 卡比群星戰2,,,official,bwiki-infobox | bwiki-table | catalog-forms | catalog-profiles | curated-official-notes,BWIKI page: 卡比群星战2; template: Infobox/游戏；BWIKI table: 星之卡比系列；星之卡比官方资料.md / 简中主名与近年官方中文作品；星之卡比官方资料.md / 系列作品年表,120,True,False
work:kirby-fighters-deluxe,work,卡比群星战Z,Kirby Fighters Deluxe,カービィファイターズZ,卡比斗士 Z,,,official_reused,bwiki-infobox | bwiki-table | catalog-profiles | curated-official-notes,BWIKI page: 卡比群星战Z; template: Infobox/游戏；BWIKI table: 星之卡比系列；星之卡比官方资料.md / 系列作品年表,120,True,False
work:kirby-gcn,work,星之卡比GC,Kirby GCN,星のカービィ GC,,,,official_reused,bwiki-infobox | bwiki-table,BWIKI page: 星之卡比GC; template: Infobox/游戏；BWIKI table: 星之卡比系列,100,True,False
work:kirby-magical-tower-of-medal-land,work,Kirby: Magical Tower of Medal Land,Kirby: Magical Tower of Medal Land,星のカービィ メダルランドの魔法の塔,,,,unchanged,bwiki-infobox,BWIKI page: 星之卡比 奖牌大陆魔法之塔; template: Infobox/游戏,100,True,False
work:kirby-mass-attack,work,集合！ 卡比,Kirby Mass Attack,あつめて！カービィ,集合！卡比,,あつめて! カービィ,official_reused,bwiki-infobox | bwiki-table | catalog-profiles | curated-official-notes,BWIKI page: 集合！ 卡比; template: Infobox/游戏；BWIKI table: 星之卡比系列；星之卡比官方资料.md / 系列作品年表,120,True,False
work:kirby-meets-the-squeak-squad,work,Kirby Meets the Squeak Squad!,Kirby Meets the Squeak Squad!,,,,,unchanged,catalog-profiles,,100,True,False
work:kirby-meta-knight-and-the-knight-of-yomi,work,Kirby: Meta Knight and the Knight of Yomi,Kirby: Meta Knight and the Knight of Yomi,,,,,unchanged,catalog-profiles,,100,True,False
work:kirby-meta-knight-and-the-puppet-princess,work,Kirby: Meta Knight and the Puppet Princess,Kirby: Meta Knight and the Puppet Princess,,,,,unchanged,catalog-profiles,,100,True,False
work:kirby-nightmare-in-dream-land,work,星之卡比——梦幻大陆,Kirby: Nightmare in Dream Land,星のカービィ 夢の泉デラックス,星之卡比 梦之泉豪华版,Kirby:Nightmare in Dream Land,星のカービィ 梦の泉デラックス,official_reused,bwiki-infobox | bwiki-table | catalog-profiles | curated-official-notes,BWIKI page: 星之卡比 梦之泉豪华版; template: Infobox/游戏；BWIKI table: 星之卡比系列；星之卡比官方资料.md / 系列作品年表,120,True,False
work:kirby-on-the-draw,work,点触！快枪手卡比,Kirby on the Draw,タッチ！早撃ちカービィ,,,,official_reused,bwiki-infobox,BWIKI page: 点触！快枪手卡比; template: Infobox/小游戏,100,True,False
work:kirby-planet-robobot,work,星之卡比 机器博博星球,Kirby: Planet Robobot,星のカービィ ロボボプラネット,星之卡比 机器人星球,Kirby:PlanetRobobot,,official_reused,bwiki-infobox | bwiki-table | catalog-forms | catalog-profiles | curated-official-notes | shinkaku-page-names,BWIKI page: 星之卡比 机器博博星球; template: Infobox/游戏；BWIKI table: 星之卡比系列；星之卡比官方资料.md / 系列作品年表,120,True,False
work:kirby-portal-april-fools-2019,work,Kirby Portal April Fools 2019,Kirby Portal April Fools 2019,,,,,unchanged,catalog-profiles,,100,True,False
work:kirby-quest,work,Kirby Quest,Kirby Quest,カービィマスター,,,,unchanged,bwiki-infobox,BWIKI page: 卡比大师; template: Infobox/小游戏,100,True,False
work:kirby-s-adventure,work,星之卡比 梦之泉物语,Kirby's Adventure,星のカービィ 夢の泉の物語,,Kirby‘s Adventure,星のカービィ 梦の泉物语,official_reused,bwiki-infobox | bwiki-table | catalog-forms | catalog-profiles | curated-official-notes,BWIKI page: 星之卡比 梦之泉物语; template: Infobox/游戏；BWIKI table: 星之卡比系列；星之卡比官方资料.md / 系列作品年表,120,True,False
work:kirby-s-air-grind,work,卡比飞天星船,Kirby's Air Grind,カービィのエアグラインド,,,,project,bwiki-infobox,BWIKI page: 卡比飞天星船; template: Infobox/小游戏,100,True,False
work:kirby-s-air-ride-nintendo-64,work,Kirby's Air Ride (Nintendo 64),Kirby's Air Ride (Nintendo 64),カービィのエアライド (N64),,,,unchanged,bwiki-infobox,BWIKI page: 卡比的飞天赛车; template: Infobox/游戏,100,True,False
work:kirby-s-avalanche,work,卡比雪崩,Kirby's Avalanche,,卡比 魔法气泡,,,project,bwiki-infobox | curated-official-notes,BWIKI page: 卡比 魔法气泡; template: Infobox/游戏；星之卡比官方资料.md / 系列作品年表,120,True,False
work:kirby-s-block-ball,work,卡比方块球,Kirby's Block Ball,カービィのブロックボール,,,,official_reused,bwiki-infobox | bwiki-table | catalog-profiles | curated-official-notes,BWIKI page: 卡比方块球; template: Infobox/游戏；BWIKI table: 星之卡比系列；星之卡比官方资料.md / 系列作品年表,120,True,False
work:kirby-s-blowout-blast,work,卡比吸入大作战,Kirby's Blowout Blast,カービィのすいこみ大作戦,,,,official_reused,bwiki-infobox | bwiki-table | curated-official-notes,BWIKI page: 卡比吸入大作战; template: Infobox/游戏；BWIKI page: 卡比的吸入大作战; template: Infobox/游戏；BWIKI table: 星之卡比系列；星之卡比官方资料.md / 系列作品年表,120,True,False
work:kirby-s-burst-a-balloon,work,卡比气球,Kirby's Burst-a-Balloon,カービィバルーン,,,,project,bwiki-infobox,BWIKI page: 卡比气球; template: Infobox/小游戏,100,True,False
work:kirby-s-chicken-race,work,卡比与鸡赛跑,Kirby's Chicken Race,カービィのフリフリチキンレース,,,,project,bwiki-infobox,BWIKI page: 卡比与鸡赛跑; template: Infobox/小游戏,100,True,False
work:kirby-s-decisive-battle-battle-royale,work,Kirby's Decisive Battle! Battle Royale!!,Kirby's Decisive Battle! Battle Royale!!,,,,,unchanged,catalog-profiles,,100,True,False
work:kirby-s-dream-buffet,work,卡比的美食节,Kirby's Dream Buffet,カービィのグルメフェス,,,,official_reused,bwiki-table | catalog-forms | catalog-profiles | curated-official-notes,BWIKI table: 星之卡比系列；星之卡比官方资料.md / 系列作品年表,120,True,False
work:kirby-s-dream-collection-special-edition,work,星之卡比 20周年特别合集,Kirby's Dream Collection: Special Edition,星のカービィ 20周年スペシャルコレクション,,Kirby's Dream Collection:Specian Edition,,official_reused,bwiki-infobox | bwiki-table | curated-official-notes,BWIKI page: 星之卡比 20周年特别合集; template: Infobox/游戏；BWIKI table: 星之卡比系列；星之卡比官方资料.md / 系列作品年表,120,True,False
work:kirby-s-dream-course,work,卡比梦想都,Kirby's Dream Course,カービィボウル,卡比梦幻球 / 卡比高尔夫,,,official_reused,bwiki-infobox | bwiki-table | catalog-profiles | curated-official-notes,BWIKI page: 卡比梦想都; template: Infobox/游戏；BWIKI table: 星之卡比系列；星之卡比官方资料.md / 系列作品年表,120,True,False
work:kirby-s-dream-land,work,星之卡比,Kirby's Dream Land,星のカービィ,,Kirby: Right Back at Ya! | Kirby‘s Dream Land,,official_reused,bwiki-infobox | bwiki-table | catalog-forms | catalog-profiles | curated-official-notes,BWIKI page: 星之卡比; template: Infobox/游戏；BWIKI table: 星之卡比系列；星之卡比官方资料.md / 系列作品年表,120,True,False
work:kirby-s-dream-land-2,work,星之卡比2,Kirby's Dream Land 2,星のカービィ2,,Kirby‘s Dream Land 2,,official_reused,bwiki-infobox | bwiki-table | catalog-forms | catalog-profiles | curated-official-notes,BWIKI page: 星之卡比2; template: Infobox/游戏；BWIKI table: 星之卡比系列；星之卡比官方资料.md / 系列作品年表,120,True,False
work:kirby-s-dream-land-3,work,星之卡比3,Kirby's Dream Land 3,星のカービィ3,,Kirby‘s Dream Land 3,,official_reused,bwiki-infobox | bwiki-table | catalog-forms | catalog-profiles | curated-official-notes,BWIKI page: 星之卡比3; template: Infobox/游戏；BWIKI table: 星之卡比系列；星之卡比官方资料.md / 系列作品年表,120,True,False
work:kirby-s-epic-yarn,work,毛線卡比,Kirby's Epic Yarn,毛糸のカービィ,毛线卡比,,,official_reused,bwiki-infobox | bwiki-table | catalog-forms | catalog-profiles | curated-official-notes,BWIKI page: 毛线卡比; template: Infobox/游戏；BWIKI table: 星之卡比系列；星之卡比官方资料.md / 系列作品年表,120,True,False
work:kirby-s-extra-epic-yarn,work,Kirby's Extra Epic Yarn,Kirby's Extra Epic Yarn,毛糸のカービィ プラス,毛线卡比 Plus | 毛线卡比Plus,,,official_reused,bwiki-infobox | bwiki-table | catalog-forms | catalog-profiles | curated-official-notes,BWIKI page: 毛线卡比Plus; template: Infobox/游戏；BWIKI table: 星之卡比系列；星之卡比官方资料.md / 系列作品年表,120,True,False
work:kirby-s-hurdle-race,work,卡比的障碍赛道,Kirby's Hurdle Race,カービィのハードルレース,,,,project,bwiki-infobox,BWIKI page: 卡比的障碍赛道; template: Infobox/小游戏,100,True,False
work:kirby-s-labyrinth-rescue,work,Kirby's Labyrinth Rescue!,Kirby's Labyrinth Rescue!,,,,,unchanged,catalog-profiles,,100,True,False
work:kirby-s-pinball-land,work,卡比弹珠台,Kirby's Pinball Land,カービィのピンボール,,,,official_reused,bwiki-infobox | bwiki-table | catalog-profiles | curated-official-notes,BWIKI page: 卡比弹珠台; template: Infobox/游戏；BWIKI table: 星之卡比系列；星之卡比官方资料.md / 系列作品年表,120,True,False
work:kirby-s-return-to-dream-land,work,星之卡比 Wii,Kirby's Return to Dream Land,星のカービィ Wii,,Kirby's Return to Dream Land（美）,星のカービィWii,official,bwiki-infobox | bwiki-table | catalog-forms | catalog-profiles | curated-official-notes | shinkaku-page-names,BWIKI page: 星之卡比 Wii; template: Infobox/游戏；BWIKI table: 星之卡比系列；星之卡比官方资料.md / 系列作品年表,120,True,False
work:kirby-s-return-to-dream-land-deluxe,work,星之卡比 Wii 豪华版,Kirby's Return to Dream Land Deluxe,星のカービィ Wii デラックス,星之卡比 Wii 豪華版 | 星之卡比Wii 豪华版,Kirby's Return to Dream Land Deluxe（欧美）,星のカービィWii デラックス,official,bwiki-infobox | bwiki-table | catalog-forms | catalog-profiles | curated-official-notes | shinkaku-page-names,BWIKI page: 星之卡比 Wii 豪华版; template: Infobox/游戏；BWIKI table: 星之卡比系列；星之卡比官方资料.md / 简中主名与近年官方中文作品；星之卡比官方资料.md / 系列作品年表,120,True,False
work:kirby-s-return-to-dream-land-kirby-s-return-to-dream-land-deluxe,work,星之卡比 Wii / 星之卡比 Wii 豪华版,Kirby's Return to Dream Land / Kirby's Return to Dream Land Deluxe,星のカービィWii / 星のカービィWii デラックス,,,,official_reused,shinkaku-page-names,,100,True,False
work:kirby-s-roll-o-rama,work,卡比的多球比赛,Kirby's Roll-o-Rama,カービィのマルチボール,,,,project,bwiki-infobox,BWIKI page: 卡比的多球比赛; template: Infobox/小游戏,100,True,False
work:kirby-s-star-stacker,work,卡比宝石星,Kirby's Star Stacker,カービィのきらきらきっず,卡比闪闪星 | 卡比闪闪星 SFC 版,,カービィのきらきらきつす,official_reused,bwiki-infobox | bwiki-table | curated-official-notes,BWIKI page: 卡比宝石星; template: Infobox/游戏；BWIKI table: 星之卡比系列；星之卡比官方资料.md / 系列作品年表,120,True,False
work:kirby-s-star-stacker-game-boy,work,Kirby's Star Stacker (Game Boy),Kirby's Star Stacker (Game Boy),,,,,unchanged,catalog-profiles,,100,True,False
work:kirby-s-star-stacker-super-famicom,work,Kirby's Star Stacker (Super Famicom),Kirby's Star Stacker (Super Famicom),,,,,unchanged,catalog-profiles,,100,True,False
work:kirby-s-toy-box,work,卡比玩具箱,Kirby's Toy Box,カービィのおもちゃ箱,,,,project,bwiki-infobox,BWIKI page: 卡比玩具箱; template: Infobox/游戏,100,True,False
work:kirby-s-wave-ride,work,乘星踏浪,Kirby's Wave Ride,なみのりスターライド,,,,project,bwiki-infobox,BWIKI page: 乘星踏浪; template: Infobox/小游戏,100,True,False
work:kirby-save-the-rainbow-islands,work,Kirby: Save the Rainbow Islands!,Kirby: Save the Rainbow Islands!,,,,,unchanged,catalog-profiles,,100,True,False
work:kirby-sever-evil-with-a-slash-in-a-flash,work,Kirby: Sever Evil with a Slash in a Flash!,Kirby: Sever Evil with a Slash in a Flash!,,,,,unchanged,catalog-profiles,,100,True,False
work:kirby-sparkling-medal-land,work,Kirby: Sparkling Medal Land,Kirby: Sparkling Medal Land,星のカービィ きらきらメダルランド,,,,unchanged,bwiki-infobox,BWIKI page: 星之卡比 闪闪发光的奖牌大陆; template: Infobox/游戏,100,True,False
work:kirby-squeak-squad,work,星之卡比 怪侠洛切团登场！,Kirby Squeak Squad,星のカービィ 参上！ドロッチェ団,星之卡比 参上！多洛奇团 | 星之卡比 怪盗洛切团登场！,Kirby: Squeak Squad | Kirby: Squeak Squad（美）,星のカービィ 参上! ドロッチェ団,official_reused,bwiki-infobox | bwiki-table | catalog-forms | catalog-profiles | curated-official-notes,BWIKI page: 星之卡比 怪盗洛切团登场！; template: Infobox/游戏；BWIKI table: 星之卡比系列；星之卡比官方资料.md / 系列作品年表,120,True,False
work:kirby-star-allies,work,星之卡比 新星同盟,Kirby Star Allies,星のカービィ スターアライズ,,Kirby: Star Allies,,official_reused,bwiki-infobox | bwiki-table | catalog-forms | catalog-profiles | curated-official-notes | shinkaku-page-names,BWIKI page: 星之卡比 新星同盟; template: Infobox/游戏；BWIKI page: 星之卡比 新星同盟（大陆）; template: Infobox/关卡；BWIKI table: 星之卡比系列；星之卡比官方资料.md / 简中主名与近年官方中文作品；星之卡比官方资料.md / 系列作品年表,120,True,False
work:kirby-super-star,work,星之卡比 超级豪华版,Kirby Super Star,星のカービィ スーパーデラックス,,,,official_reused,bwiki-infobox | bwiki-table | catalog-forms | catalog-profiles | curated-official-notes,BWIKI page: 星之卡比 超级豪华版; template: Infobox/游戏；BWIKI table: 星之卡比系列；星之卡比官方资料.md / 系列作品年表,120,True,False
work:kirby-super-star-ultra,work,星之卡比 超究极豪华版,Kirby Super Star Ultra,星のカービィ ウルトラスーパーデラックス,,,,official_reused,bwiki-infobox | bwiki-table | catalog-profiles | curated-official-notes,BWIKI page: 星之卡比 超究极豪华版; template: Infobox/游戏；BWIKI table: 星之卡比系列；星之卡比官方资料.md / 系列作品年表,120,True,False
work:kirby-the-amazing-mirror,work,星之卡比 镜之大迷宫,Kirby & the Amazing Mirror,星のカービィ 鏡の大迷宮,,,星のカービィ 镜の大迷宫,official_reused,bwiki-infobox | bwiki-table | catalog-forms | catalog-profiles | curated-official-notes,BWIKI page: 星之卡比 镜之大迷宫; template: Infobox/游戏；BWIKI table: 星之卡比系列；星之卡比官方资料.md / 系列作品年表,120,True,False
work:kirby-tilt-n-tumble,work,滚滚卡比,Kirby Tilt 'n' Tumble,コロコロカービィ,,Kirby Tilt'n'Tumble,,official_reused,bwiki-infobox | bwiki-table | catalog-profiles | curated-official-notes,BWIKI page: 滚滚卡比; template: Infobox/游戏；BWIKI table: 星之卡比系列；星之卡比官方资料.md / 系列作品年表,120,True,False
work:kirby-tilt-n-tumble-2,work,滚滚卡比2,Kirby Tilt 'n' Tumble 2,コロコロカービィ2,,,,official_reused,bwiki-infobox | bwiki-table,BWIKI page: 滚滚卡比2; template: Infobox/游戏；BWIKI table: 星之卡比系列,100,True,False
work:kirby-triple-deluxe,work,星之卡比 三重豪华版,Kirby: Triple Deluxe,星のカービィ トリプルデラックス,星之卡比 三重豪华,Kirby:Treple Deluxe,,official_reused,bwiki-infobox | bwiki-table | catalog-forms | catalog-profiles | curated-official-notes | shinkaku-page-names,BWIKI page: 星之卡比 三重豪华; template: Infobox/游戏；BWIKI table: 星之卡比系列；星之卡比官方资料.md / 系列作品年表,120,True,False
work:magolor-epilogue,work,魔法洛亚后记,Magolor Epilogue,マホロアエピローグ,,,,official_reused,bwiki-infobox,BWIKI page: 魔法洛亚后记; template: Infobox/小游戏,100,True,False
work:magolor-s-tome-trackers,work,寻找！魔法洛亚图书馆,Magolor's Tome Trackers,みつけて！マホロア図書館,,,,official_reused,bwiki-infobox,BWIKI page: 寻找！魔法洛亚图书馆; template: Infobox/小游戏,100,True,False
work:mara-s-marathon,work,Mara's Marathon,Mara's Marathon,きょうそう,,,,unchanged,bwiki-infobox,BWIKI page: 竞速; template: Infobox/小游戏,100,True,False
work:megaton-punch,work,百万吨拳击,Megaton Punch,かちわりメガトンパンチ,,,,project,bwiki-infobox,BWIKI page: 百万吨拳击; template: Infobox/小游戏,100,True,False
work:merry-magoland,work,热闹魔法洛亚乐园,Merry Magoland,わいわいマホロアランド,,,,official_reused,bwiki-infobox,BWIKI page: 热闹魔法洛亚乐园; template: Infobox/小游戏,100,True,False
work:meta-knightmare,work,魅塔骑士GO,Meta Knightmare,メタナイトでゴー,,,,project,bwiki-infobox,BWIKI page: 魅塔骑士GO; template: Infobox/小游戏,100,True,False
work:meta-knightmare-returns,work,魅塔骑士GO 归来,Meta Knightmare Returns,メタナイトでゴー リターンズ,,,,project,bwiki-infobox,BWIKI page: 魅塔骑士GO 归来; template: Infobox/小游戏,100,True,False
work:meta-knightmare-ultra,work,魅塔骑士GO DX,Meta Knightmare Ultra,メタナイトでゴーDX,,,,project,bwiki-infobox,BWIKI page: 魅塔骑士GO DX; template: Infobox/小游戏,100,True,False
work:milky-way-wishes,work,向银河许愿,Milky Way Wishes,銀河にねがいを,,,,project,bwiki-infobox,BWIKI page: 向银河许愿; template: Infobox/小游戏,100,True,False
work:miscellaneous,work,附加内容,Miscellaneous,おまけ,附加内容 MISC | 附加内容 附加内容,Bonus Content | Bonus Content MISC | Miscellaneous Bonus Content | 附加内容 MISC,,official_reused,shinkaku-page-names,真格速查 #299,150,True,False
work:oval-circuit,work,Oval Circuit,Oval Circuit,オーバルサーキット,,,,unchanged,bwiki-infobox,BWIKI page: 环形竞速; template: Infobox/小游戏,100,True,False
work:paint-panic,work,颜料恐慌,Paint Panic,ペイントパニック,,,,project,bwiki-infobox,BWIKI page: 颜料恐慌; template: Infobox/小游戏,100,True,False
work:play-coin,work,游戏币,Play Coin,,,,,official_reused,bwiki-infobox,BWIKI page: 游戏币; template: Infobox/道具,100,True,False
work:quick-draw,work,刹那间一斩改,Quick Draw,刹那の見斬り改,瞬时急射,,早撃ちカービィ,project,bwiki-infobox,BWIKI page: 刹那间一斩改; template: Infobox/小游戏；BWIKI page: 瞬时急射; template: Infobox/小游戏,100,True,False
work:rail-panic,work,Rail Panic,Rail Panic,レールパニック,,,,unchanged,bwiki-infobox,BWIKI page: 疯狂轨道; template: Infobox/小游戏,100,True,False
work:rainbow-run,work,彩虹冲刺赛道,Rainbow Run,レインボートライアル,,,,project,bwiki-infobox,BWIKI page: 彩虹冲刺赛道; template: Infobox/小游戏,100,True,False
work:revenge-of-meta-knight,work,魅塔骑士的逆袭,Revenge of Meta Knight,メタナイトの逆襲,,,,project,bwiki-infobox,BWIKI page: 魅塔骑士的逆袭; template: Infobox/小游戏,100,True,False
work:revenge-of-the-king,work,大王的逆袭,Revenge of the King,大王の逆襲,,,,project,bwiki-infobox,BWIKI page: 大王的逆袭; template: Infobox/小游戏,100,True,False
work:road-trip,work,Road Trip,Road Trip,ロードトリップ,,,,unchanged,bwiki-infobox,BWIKI page: 公路旅行; template: Infobox/小游戏,100,True,False
work:samurai-kirby,work,刹那间一斩,Samurai Kirby,刹那の見斬り,,,,official_reused,bwiki-infobox,BWIKI page: 刹那间一斩; template: Infobox/小游戏,100,True,False
work:scope-shot,work,Scope Shot,Scope Shot,ガンガンバスターズ,,,,unchanged,bwiki-infobox,BWIKI page: 枪枪破坏者; template: Infobox/小游戏,100,True,False
work:single-race,work,Single Race,Single Race,シングルレース,,,,unchanged,bwiki-infobox,BWIKI page: 单圈比赛; template: Infobox/小游戏,100,True,False
work:skydive,work,空降得分,Skydive,スカイフォール,,,,official_reused,bwiki-infobox,BWIKI page: 空降得分; template: Infobox/小游戏,100,True,False
work:slash-bead,work,Slash & Bead,Slash & Bead,メタナイトスラッシュ,,,,unchanged,bwiki-infobox,BWIKI page: 魅塔骑士斩斩斩; template: Infobox/小游戏,100,True,False
work:smash-ride,work,猛击骑乘,Smash Ride,スマッシュライド,,,,official_reused,bwiki-infobox,BWIKI page: 猛击骑乘; template: Infobox/小游戏,100,True,False
work:snack-tracks,work,美食输送机,Snack Tracks,爆裂コンベアタッチ!,,,,project,bwiki-infobox,BWIKI page: 美食输送机; template: Infobox/小游戏,100,True,False
work:sound-test,work,音响室,Sound Test,サウンドテスト,,,,official_reused,bwiki-infobox,BWIKI page: 音响室; template: Infobox/小游戏,100,True,False
work:speed-eaters,work,刹那争食,Speed Eaters,刹那のつまみぐい,,,,project,bwiki-infobox,BWIKI page: 刹那争食; template: Infobox/小游戏,100,True,False
work:speedy-teatime,work,刹那茶间,Speedy Teatime,刹那のティータイム,,,,project,bwiki-infobox,BWIKI page: 刹那茶间; template: Infobox/小游戏,100,True,False
work:spring-breeze,work,伴随春风,Spring Breeze,はるかぜとともに,,,,project,bwiki-infobox,BWIKI page: 伴随春风; template: Infobox/小游戏,100,True,False
work:star-catcher,work,Star Catcher,Star Catcher,スターキャッチャー,,,,unchanged,bwiki-infobox,BWIKI page: 星星捕手; template: Infobox/小游戏,100,True,False
work:star-crossed-world,work,星耀世界,Star-Crossed World,スターリーワールド,,,,official_reused,bwiki-infobox | curated-official-notes,BWIKI page: 星耀世界; template: Infobox/小游戏；星之卡比官方资料.md / 地点与世界观词条,120,True,False
work:star-slam-heroes,work,Star Slam Heroes,Star Slam Heroes,ギャラクティックホームラン王,,,,unchanged,bwiki-infobox,BWIKI page: 银河系全垒打之王; template: Infobox/小游戏,100,True,False
work:super-kirby-clash,work,超级卡比猎人队,Super Kirby Clash,スーパーカービィハンターズ,超級卡比獵人隊,,,official,bwiki-infobox | bwiki-table | catalog-profiles | curated-official-notes,BWIKI page: 超级卡比猎人队; template: Infobox/游戏；BWIKI table: 星之卡比系列；星之卡比官方资料.md / 简中主名与近年官方中文作品；星之卡比官方资料.md / 系列作品年表,120,True,False
work:super-smash-bros,work,任天堂明星大乱斗,Super Smash Bros.,大乱闘スマッシュブラザーズ,,,,official_reused,bwiki-infobox,BWIKI page: 任天堂明星大乱斗; template: Infobox/游戏,100,True,False
work:survival-rush,work,Survival Rush,Survival Rush,勝ち抜きサバイバル,,,,unchanged,bwiki-infobox,BWIKI page: 生存锦标赛; template: Infobox/小游戏,100,True,False
work:target-flight,work,Target Flight,Target Flight,ポイントストライク,,,,unchanged,bwiki-infobox,BWIKI page: 冲刺夺点; template: Infobox/小游戏,100,True,False
work:team-kirby-clash,work,Team Kirby Clash,Team Kirby Clash,みんなで! カービィハンターズ,,,,unchanged,bwiki-infobox,BWIKI page: 大家一起上！ 卡比猎人; template: Infobox/小游戏,100,True,False
work:team-kirby-clash-deluxe,work,大家一起上！ 卡比猎人Z,Team Kirby Clash Deluxe,みんなで！カービィハンターズZ,大家一起！卡比猎人 Z,,みんなで! カービィハンターズZ,official_reused,bwiki-infobox | bwiki-table | catalog-profiles | curated-official-notes,BWIKI page: 大家一起上！ 卡比猎人Z; template: Infobox/游戏；BWIKI table: 星之卡比系列；星之卡比官方资料.md / 系列作品年表,120,True,False
work:the-arena,work,通往格斗王的道路,The Arena,格闘王への道,,,,official_reused,bwiki-infobox,BWIKI page: 通往格斗王的道路; template: Infobox/小游戏,100,True,False
work:the-great-cave-offensive,work,洞窟大作战,The Great Cave Offensive,,,,,project,bwiki-infobox,BWIKI page: 洞窟大作战; template: Infobox/小游戏,100,True,False
work:the-true-arena,work,真 通往格斗王的道路,The True Arena,真 格闘王への道,,,,official_reused,bwiki-infobox,BWIKI page: 真 通往格斗王的道路; template: Infobox/小游戏,100,True,False
work:the-ultimate-choice,work,The Ultimate Choice,The Ultimate Choice,The アルティメットチョイス,,,,unchanged,bwiki-infobox,BWIKI page: The 终极抉择; template: Infobox/小游戏,100,True,False
work:theater,work,影像室,Theater,ムービー,,,,official_reused,bwiki-infobox,BWIKI page: 影像室; template: Infobox/小游戏,100,True,False
work:tilt-and-roll-kirby,work,Tilt-and-Roll Kirby,Tilt-and-Roll Kirby,コロコロ！タマコロカービィ,,,,unchanged,bwiki-infobox,BWIKI page: 滚啊，滚啊！滚球卡比; template: Infobox/小游戏,100,True,False
work:top-ride,work,Top Ride,Top Ride,ウエライド,,,,unchanged,bwiki-infobox,BWIKI page: 俯视飞行; template: Infobox/小游戏,100,True,False
work:treasure-road,work,宝藏之路,Treasure Road,トレジャーロード,,,,official_reused,bwiki-infobox,BWIKI page: 宝藏之路; template: Infobox/小游戏,100,True,False
work:treasure-shot,work,宝箱狙击,Treasure Shot,トレジャーシュート,,,,project,bwiki-infobox,BWIKI page: 宝箱狙击; template: Infobox/小游戏,100,True,False
work:twinkle-popo,work,闪耀★啵啵,Twinkle Popo,ティンクル★ポポ,,,,official_reused,bwiki-infobox | bwiki-table,BWIKI page: 闪耀★啵啵; template: Infobox/游戏；BWIKI table: 星之卡比系列,100,True,False
work:up-cloud,work,Up Cloud,Up Cloud,アップクラウド,,,,unchanged,bwiki-infobox,BWIKI page: 踏上云朵; template: Infobox/小游戏,100,True,False
work:up-down,work,Up Down,Up Down,アップダウン,,,,unchanged,bwiki-infobox,BWIKI page: 上上下下; template: Infobox/小游戏,100,True,False
work:vs-king-dedede,work,VS. King Dedede,VS. King Dedede,VSデデデ,,,,unchanged,bwiki-infobox,BWIKI page: Vs帝帝帝; template: Infobox/小游戏,100,True,False
work:waddle-dee-caf-help-wanted,work,工作！瓦豆鲁迪咖啡店,Waddle Dee Café: Help Wanted!,はたらく！ワドルディカフェ,,,,official_reused,bwiki-infobox,BWIKI page: 工作！瓦豆鲁迪咖啡店; template: Infobox/小游戏,100,True,False
work:waddle-dee-town,work,瓦豆鲁迪小镇,Waddle Dee Town,ワドルディの町,,,,official_reused,bwiki-infobox,BWIKI page: 瓦豆鲁迪小镇; template: Infobox/小游戏,100,True,False
work:zeke-s-hide-and-seek,work,Zeke's Hide and Seek,Zeke's Hide and Seek,かくれんぼ,,,,unchanged,bwiki-infobox,BWIKI page: 捉迷藏; template: Infobox/小游戏,100,True,False
